{"type": "FeatureCollection", "features": [{"type": "Feature", "properties": {"objectid_1": 3781, "objectid": 4049, "kode_prov": 35, "nama_das": "KERTOSONO", "luas_ha": 7758.43, "kel_m": 70802.0, "prioritas_": 0, "kd_tematik": "DAS", "kd_region": 2, "kd_lintas": 1, "kd_das": "DAS210249", "wil_kerja": "BPDAS SAMPEAN", "kd_urutdas": 249, "globalid": "{ADECDFBC-7169-471C-B375-F56320774159}", "st_area_sh": 0.00635411, "st_length_": 0.64061859, "st_area(sh": 0.006354109746384, "st_length(": 0.640618591842195}, "geometry": {"type": "Polygon", "coordinates": [[[113.434586, -7.733301], [113.435257, -7.733488], [113.436264, -7.732908], [113.436801, -7.732928], [113.436965, -7.734027], [113.437546, -7.737819], [113.438989, -7.741571], [113.436818, -7.743309], [113.435043, -7.747524], [113.433793, -7.749085], [113.434648, -7.755955], [113.437494, -7.760699], [113.445085, -7.762217], [113.449449, -7.764495], [113.452865, -7.772085], [113.458844, -7.778191], [113.462546, -7.781152], [113.464944, -7.782162], [113.468379, -7.787819], [113.473431, -7.789947], [113.474213, -7.795319], [113.473929, -7.799032], [113.476206, -7.810797], [113.477194, -7.821171], [113.480139, -7.829393], [113.480919, -7.835635], [113.48341, -7.839873], [113.48363, -7.842141], [113.485172, -7.843919], [113.48623, -7.845141], [113.49163, -7.849741], [113.49633, -7.855141], [113.50153, -7.857341], [113.50543, -7.857041], [113.51103, -7.858741], [113.51273, -7.864641], [113.51503, -7.867241], [113.51843, -7.870141], [113.52163, -7.874641], [113.52313, -7.881241], [113.52833, -7.882241], [113.53283, -7.885341], [113.53723, -7.885741], [113.53903, -7.884041], [113.54453, -7.881641], [113.55103, -7.885441], [113.55583, -7.889341], [113.56253, -7.892341], [113.56383, -7.896641], [113.56793, -7.899841], [113.57423, -7.902641], [113.57583, -7.916841], [113.577731, -7.924087], [113.580387, -7.929211], [113.582561, -7.934408], [113.58216, -7.93921], [113.581652, -7.945288], [113.581106, -7.94792], [113.57783, -7.946541], [113.574771, -7.946107], [113.5676, -7.936817], [113.569268, -7.931947], [113.569248, -7.931012], [113.566525, -7.925727], [113.562305, -7.921768], [113.560167, -7.918659], [113.558516, -7.917493], [113.556087, -7.91691], [113.554046, -7.914773], [113.551617, -7.912344], [113.548605, -7.911372], [113.546954, -7.910498], [113.544525, -7.908555], [113.541318, -7.904571], [113.533934, -7.900782], [113.524413, -7.897284], [113.521109, -7.89573], [113.518583, -7.893592], [113.516251, -7.892037], [113.513239, -7.891357], [113.509839, -7.889608], [113.506571, -7.889072], [113.500887, -7.887811], [113.499297, -7.886901], [113.495542, -7.886068], [113.492387, -7.884261], [113.492171, -7.884521], [113.490131, -7.886978], [113.488733, -7.887734], [113.485399, -7.883721], [113.482546, -7.881985], [113.481805, -7.880226], [113.480879, -7.879485], [113.480139, -7.876893], [113.479816, -7.873188], [113.477249, -7.86845], [113.477645, -7.865263], [113.477112, -7.862437], [113.477096, -7.858031], [113.477379, -7.850705], [113.474008, -7.84497], [113.46874, -7.838697], [113.460967, -7.833742], [113.459409, -7.831627], [113.45763, -7.831241], [113.45393, -7.828341], [113.45263, -7.825441], [113.44933, -7.824641], [113.44433, -7.821641], [113.43683, -7.814641], [113.43593, -7.810441], [113.434151, -7.806828], [113.432111, -7.803525], [113.42843, -7.797941], [113.423349, -7.790349], [113.423745, -7.78219], [113.424228, -7.772803], [113.42048, -7.766819], [113.415539, -7.757131], [113.412213, -7.748926], [113.409552, -7.742717], [113.40757, -7.735985], [113.407345, -7.735234], [113.408051, -7.73513], [113.408844, -7.735282], [113.409653, -7.734834], [113.410423, -7.734399], [113.411377, -7.733771], [113.41291, -7.733705], [113.414482, -7.733696], [113.416039, -7.733567], [113.417038, -7.732973], [113.418671, -7.733202], [113.419868, -7.733544], [113.421135, -7.733896], [113.423531, -7.734001], [113.425209, -7.734469], [113.428329, -7.734691], [113.42942, -7.73491], [113.430038, -7.734379], [113.430855, -7.73447], [113.43145, -7.734792], [113.431487, -7.734785], [113.432243, -7.734654], [113.432144, -7.734176], [113.432209, -7.734038], [113.43248, -7.733456], [113.432999, -7.732975], [113.433624, -7.732876], [113.434586, -7.733301]]]}}, {"type": "Feature", "properties": {"objectid_1": 3803, "objectid": 4057, "kode_prov": 35, "nama_das": "", "luas_ha": 2.23, "kel_m": 609.0, "prioritas_": 0, "kd_tematik": "DAS", "kd_region": 2, "kd_lintas": 1, "kd_das": "DAS211142", "wil_kerja": "BPDAS SAMPEAN", "kd_urutdas": 1142, "globalid": "{75DA1720-D03D-4137-81DD-C125CE8E92A1}", "st_area_sh": 1.83e-06, "st_length_": 0.0055113, "st_area(sh": 1.831317923e-06, "st_length(": 0.005511299453336}, "geometry": {"type": "Polygon", "coordinates": [[[113.537369, -8.432649], [113.537071, -8.43301], [113.536469, -8.432774], [113.536224, -8.432356], [113.536102, -8.431878], [113.536095, -8.431458], [113.536095, -8.430861], [113.536575, -8.431038], [113.536934, -8.431456], [113.537239, -8.431752], [113.537361, -8.432171], [113.537369, -8.432649]]]}}, {"type": "Feature", "properties": {"objectid_1": 3804, "objectid": 4058, "kode_prov": 35, "nama_das": "", "luas_ha": 3.79, "kel_m": 717.0, "prioritas_": 0, "kd_tematik": "DAS", "kd_region": 2, "kd_lintas": 1, "kd_das": "DAS211136", "wil_kerja": "BPDAS SAMPEAN", "kd_urutdas": 1136, "globalid": "{237A5C93-2BA4-4711-9AC1-6971E782DEF1}", "st_area_sh": 3.11e-06, "st_length_": 0.00649567, "st_area(sh": 3.106814454e-06, "st_length(": 0.006495667027531}, "geometry": {"type": "Polygon", "coordinates": [[[113.619385, -8.498363], [113.618843, -8.498547], [113.618301, -8.498489], [113.617943, -8.498312], [113.617874, -8.497893], [113.617874, -8.497355], [113.618111, -8.496935], [113.618515, -8.496456], [113.619011, -8.496572], [113.61937, -8.496868], [113.619553, -8.497108], [113.619858, -8.497464], [113.619919, -8.497943], [113.619385, -8.498363]]]}}, {"type": "Feature", "properties": {"objectid_1": 3805, "objectid": 4059, "kode_prov": 35, "nama_das": "", "luas_ha": 5.5, "kel_m": 1034.0, "prioritas_": 0, "kd_tematik": "DAS", "kd_region": 2, "kd_lintas": 1, "kd_das": "DAS211134", "wil_kerja": "BPDAS SAMPEAN", "kd_urutdas": 1134, "globalid": "{0CD21CF8-7406-46CF-BD4F-4241D11C41BA}", "st_area_sh": 4.51e-06, "st_length_": 0.00934962, "st_area(sh": 4.50793124e-06, "st_length(": 0.009349618839489}, "geometry": {"type": "Polygon", "coordinates": [[[113.660927, -8.503224], [113.660629, -8.503282], [113.66069, -8.502624], [113.660767, -8.50149], [113.660652, -8.500352], [113.660835, -8.499935], [113.660957, -8.499468], [113.661079, -8.499459], [113.661797, -8.499527], [113.662155, -8.499949], [113.66227, -8.500668], [113.662262, -8.501564], [113.661659, -8.502335], [113.661293, -8.502929], [113.660927, -8.503224]]]}}, {"type": "Feature", "properties": {"objectid_1": 3839, "objectid": 4019, "kode_prov": 35, "nama_das": "ROWO CANGAK", "luas_ha": 262.18, "kel_m": 7345.0, "prioritas_": 0, "kd_tematik": "DAS", "kd_region": 2, "kd_lintas": 1, "kd_das": "DAS210442", "wil_kerja": "BPDAS SAMPEAN", "kd_urutdas": 442, "globalid": "{A267EAF7-CF33-41E6-AFDF-8C74F50A186A}", "st_area_sh": 0.00021499, "st_length_": 0.06654617, "st_area(sh": 0.000214994642687, "st_length(": 0.066546169877184}, "geometry": {"type": "Polygon", "coordinates": [[[113.64123, -8.449241], [113.63513, -8.451441], [113.63073, -8.450541], [113.62853, -8.453141], [113.624968, -8.453623], [113.625244, -8.45314], [113.625374, -8.452946], [113.625557, -8.452672], [113.6259, -8.452305], [113.626511, -8.451872], [113.626747, -8.451537], [113.627069, -8.451367], [113.627121, -8.451339], [113.627327, -8.451138], [113.627434, -8.450904], [113.627739, -8.450536], [113.627808, -8.450368], [113.62764, -8.450097], [113.627243, -8.449555], [113.626907, -8.448979], [113.62664, -8.44854], [113.626373, -8.448032], [113.625771, -8.447421], [113.625336, -8.447148], [113.624413, -8.446383], [113.623535, -8.445634], [113.623085, -8.445279], [113.625641, -8.443182], [113.629587, -8.440223], [113.630402, -8.438348], [113.63273, -8.438041], [113.63793, -8.435641], [113.64183, -8.438441], [113.64253, -8.445541], [113.64473, -8.447341], [113.64123, -8.449241]]]}}, {"type": "Feature", "properties": {"objectid_1": 3952, "objectid": 4020, "kode_prov": 35, "nama_das": "", "luas_ha": 956.91, "kel_m": 19033.0, "prioritas_": 0, "kd_tematik": "DAS", "kd_region": 2, "kd_lintas": 1, "kd_das": "DAS210440", "wil_kerja": "BPDAS SAMPEAN", "kd_urutdas": 440, "globalid": "{778249A9-10DD-4CDD-BE0F-48F5DF2855F5}", "st_area_sh": 0.0007847, "st_length_": 0.17245277, "st_area(sh": 0.000784697594347, "st_length(": 0.172452765659021}, "geometry": {"type": "Polygon", "coordinates": [[[113.69173, -8.453141], [113.69263, -8.457141], [113.69593, -8.459141], [113.69373, -8.461041], [113.68613, -8.463141], [113.68583, -8.467141], [113.67843, -8.467041], [113.67403, -8.469341], [113.67213, -8.472841], [113.67103, -8.475541], [113.66883, -8.478441], [113.66773, -8.483841], [113.66503, -8.486841], [113.65763, -8.488741], [113.65313, -8.490841], [113.64893, -8.490841], [113.64563, -8.490141], [113.644911, -8.49], [113.644798, -8.489926], [113.644699, -8.489589], [113.644712, -8.489559], [113.644798, -8.489354], [113.645241, -8.489088], [113.645721, -8.488924], [113.646294, -8.488592], [113.646599, -8.488494], [113.647072, -8.488431], [113.647478, -8.488435], [113.64772, -8.488437], [113.647987, -8.488304], [113.647957, -8.487866], [113.647992, -8.487434], [113.647995, -8.487395], [113.648308, -8.487095], [113.64875, -8.48656], [113.64896, -8.486483], [113.649292, -8.486362], [113.649765, -8.486063], [113.649941, -8.485762], [113.649879, -8.485256], [113.64991, -8.484886], [113.650085, -8.484517], [113.649956, -8.484246], [113.649551, -8.484109], [113.649147, -8.483768], [113.64888, -8.483396], [113.648712, -8.482923], [113.648712, -8.48262], [113.648987, -8.482151], [113.649063, -8.481814], [113.648994, -8.481443], [113.648865, -8.480971], [113.648697, -8.480397], [113.648605, -8.479959], [113.648338, -8.479586], [113.648003, -8.479213], [113.647545, -8.478788], [113.647079, -8.478616], [113.646843, -8.478513], [113.646675, -8.478275], [113.646439, -8.47797], [113.646133, -8.477698], [113.645699, -8.47756], [113.645363, -8.477423], [113.645195, -8.477286], [113.645126, -8.47705], [113.644997, -8.476847], [113.644791, -8.476845], [113.644485, -8.477011], [113.64415, -8.477008], [113.643806, -8.477038], [113.64344, -8.476934], [113.643234, -8.47673], [113.643105, -8.476393], [113.642799, -8.476289], [113.642128, -8.476283], [113.641617, -8.476279], [113.641312, -8.476209], [113.641045, -8.476341], [113.640839, -8.476306], [113.640709, -8.476136], [113.640572, -8.4759], [113.639999, -8.475524], [113.639664, -8.47542], [113.639221, -8.475451], [113.638954, -8.475616], [113.63858, -8.475714], [113.638412, -8.475544], [113.638344, -8.475308], [113.638077, -8.475103], [113.637978, -8.474901], [113.637909, -8.47453], [113.637917, -8.474159], [113.637985, -8.473824], [113.638054, -8.473454], [113.638023, -8.473083], [113.637756, -8.472777], [113.637433, -8.472541], [113.64033, -8.472541], [113.64303, -8.473341], [113.64663, -8.473141], [113.65273, -8.471641], [113.65673, -8.471241], [113.66093, -8.467841], [113.66683, -8.461341], [113.66813, -8.458441], [113.66993, -8.455241], [113.67483, -8.452441], [113.68033, -8.456541], [113.68233, -8.454941], [113.68613, -8.452141], [113.69173, -8.453141]]]}}, {"type": "Feature", "properties": {"objectid_1": 3965, "objectid": 4021, "kode_prov": 35, "nama_das": "KEBONPANTAI", "luas_ha": 6267.42, "kel_m": 42412.0, "prioritas_": 0, "kd_tematik": "DAS", "kd_region": 2, "kd_lintas": 1, "kd_das": "DAS210438", "wil_kerja": "BPDAS SAMPEAN", "kd_urutdas": 438, "globalid": "{3B0AEC9C-FB0D-4381-8A27-5EA32FC4CBC8}", "st_area_sh": 0.00513873, "st_length_": 0.38414405, "st_area(sh": 0.005138726750867, "st_length(": 0.384144046489937}, "geometry": {"type": "Polygon", "coordinates": [[[113.80063, -8.431641], [113.80193, -8.444441], [113.79893, -8.451641], [113.796856, -8.452657], [113.79423, -8.453941], [113.78873, -8.458241], [113.78353, -8.460441], [113.78033, -8.461441], [113.77673, -8.464541], [113.77473, -8.466641], [113.77353, -8.469641], [113.77053, -8.473741], [113.76853, -8.476041], [113.76773, -8.478241], [113.76123, -8.476441], [113.75713, -8.478741], [113.75353, -8.481341], [113.75093, -8.482941], [113.74133, -8.491141], [113.740967, -8.491383], [113.73713, -8.493941], [113.73273, -8.498441], [113.73183, -8.500441], [113.72923, -8.501341], [113.72603, -8.498741], [113.72343, -8.498041], [113.721985, -8.497158], [113.722099, -8.496769], [113.722282, -8.496054], [113.722397, -8.495875], [113.721901, -8.494617], [113.721687, -8.494114], [113.721298, -8.493896], [113.720688, -8.493567], [113.720116, -8.492882], [113.719902, -8.492199], [113.719627, -8.491372], [113.719559, -8.490906], [113.719452, -8.490726], [113.7192, -8.490222], [113.718636, -8.489608], [113.718674, -8.489285], [113.718819, -8.488713], [113.718971, -8.488141], [113.719154, -8.487605], [113.719154, -8.487139], [113.719162, -8.486853], [113.71891, -8.48642], [113.718552, -8.485951], [113.718239, -8.485446], [113.717888, -8.485124], [113.717705, -8.485262], [113.717613, -8.485295], [113.716805, -8.484595], [113.715317, -8.483803], [113.713829, -8.482951], [113.712273, -8.482219], [113.710724, -8.481485], [113.709129, -8.481378], [113.707161, -8.481472], [113.705934, -8.481732], [113.704491, -8.482038], [113.702935, -8.482749], [113.702477, -8.482959], [113.702274, -8.483259], [113.701698, -8.484116], [113.701141, -8.485098], [113.701134, -8.486234], [113.701546, -8.486775], [113.702309, -8.487679], [113.702972, -8.487986], [113.703506, -8.488171], [113.703621, -8.489067], [113.703572, -8.489386], [113.703521, -8.489711], [113.703491, -8.489903], [113.703157, -8.490075], [113.702347, -8.49049], [113.700546, -8.491069], [113.700295, -8.491665], [113.700311, -8.491958], [113.700348, -8.492621], [113.699892, -8.493014], [113.699867, -8.493035], [113.69915, -8.492969], [113.698845, -8.492966], [113.698727, -8.493541], [113.698723, -8.493562], [113.698296, -8.494036], [113.698043, -8.494107], [113.697273, -8.494325], [113.696754, -8.494439], [113.696037, -8.494671], [113.695883, -8.494865], [113.695515, -8.495331], [113.695427, -8.495442], [113.695183, -8.495978], [113.695114, -8.496695], [113.695053, -8.497352], [113.694687, -8.497946], [113.694685, -8.498116], [113.694684, -8.498187], [113.694679, -8.498663], [113.69516, -8.498668], [113.695396, -8.498969], [113.695694, -8.499391], [113.695328, -8.499985], [113.695079, -8.500179], [113.694725, -8.500457], [113.694183, -8.500751], [113.693344, -8.500862], [113.692856, -8.501155], [113.692368, -8.50145], [113.6922, -8.501778], [113.692146, -8.501798], [113.692096, -8.501969], [113.69207, -8.502055], [113.692101, -8.502387], [113.692101, -8.502866], [113.691834, -8.503306], [113.691353, -8.503965], [113.691181, -8.504133], [113.690865, -8.50444], [113.690567, -8.504732], [113.69001, -8.504838], [113.689636, -8.504946], [113.689232, -8.504684], [113.689098, -8.504445], [113.68923, -8.503341], [113.68933, -8.501041], [113.69013, -8.498641], [113.69023, -8.493541], [113.69053, -8.488341], [113.68763, -8.484641], [113.68473, -8.479941], [113.68543, -8.474441], [113.68873, -8.470141], [113.68583, -8.467141], [113.68613, -8.463141], [113.69373, -8.461041], [113.69593, -8.459141], [113.69263, -8.457141], [113.69173, -8.453141], [113.69513, -8.451641], [113.69933, -8.449141], [113.70313, -8.446741], [113.70773, -8.447241], [113.71103, -8.446341], [113.71193, -8.440141], [113.71513, -8.438241], [113.71883, -8.440441], [113.72423, -8.439541], [113.72683, -8.435341], [113.72923, -8.438341], [113.73303, -8.436941], [113.74033, -8.436741], [113.74793, -8.436141], [113.75143, -8.436541], [113.75623, -8.433541], [113.76343, -8.431441], [113.76663, -8.426941], [113.77523, -8.424641], [113.78093, -8.422941], [113.78483, -8.422041], [113.78963, -8.419841], [113.79703, -8.421041], [113.79973, -8.421941], [113.80123, -8.424941], [113.80063, -8.431641]]]}}, {"type": "Feature", "properties": {"objectid_1": 4039, "objectid": 4033, "kode_prov": 35, "nama_das": "PANCARLAGAS", "luas_ha": 16176.65, "kel_m": 85245.0, "prioritas_": 0, "kd_tematik": "DAS", "kd_region": 2, "kd_lintas": 2, "kd_das": "DAS220251", "wil_kerja": "BPDAS SAMPEAN", "kd_urutdas": 251, "globalid": "{EF2F0ED1-5FF6-4E76-AB68-F1996A626042}", "st_area_sh": 0.01324751, "st_length_": 0.77117088, "st_area(sh": 0.013247505523493, "st_length(": 0.771170884755719}, "geometry": {"type": "Polygon", "coordinates": [[[113.50581, -7.706332], [113.50581, -7.712594], [113.50562, -7.719995], [113.506189, -7.724739], [113.506189, -7.730432], [113.50543, -7.735176], [113.504671, -7.741059], [113.505051, -7.746372], [113.505969, -7.756603], [113.506711, -7.762289], [113.506954, -7.767097], [113.508123, -7.769652], [113.508673, -7.770855], [113.509451, -7.775846], [113.506711, -7.780079], [113.506948, -7.784823], [113.508371, -7.788856], [113.506474, -7.793072], [113.507627, -7.799427], [113.507323, -7.803209], [113.508706, -7.805689], [113.509414, -7.810418], [113.509337, -7.814163], [113.509795, -7.821828], [113.510099, -7.824781], [113.512898, -7.825291], [113.514676, -7.827356], [113.518842, -7.82725], [113.521789, -7.826884], [113.526001, -7.829359], [113.531713, -7.826893], [113.552176, -7.826523], [113.555192, -7.82684], [113.564217, -7.830406], [113.56533, -7.831241], [113.56513, -7.837841], [113.57143, -7.839141], [113.57523, -7.840341], [113.57893, -7.843941], [113.58243, -7.847141], [113.58603, -7.846341], [113.58793, -7.843841], [113.59103, -7.844541], [113.59393, -7.845741], [113.59993, -7.844041], [113.60303, -7.841741], [113.60393, -7.846541], [113.60853, -7.853541], [113.60933, -7.861941], [113.61473, -7.867041], [113.61753, -7.872241], [113.61773, -7.876241], [113.61783, -7.879441], [113.61513, -7.883141], [113.61603, -7.888341], [113.62103, -7.891241], [113.62373, -7.894641], [113.62313, -7.906141], [113.62583, -7.913741], [113.62493, -7.925641], [113.62423, -7.931041], [113.62573, -7.937841], [113.62093, -7.941241], [113.61443, -7.950241], [113.61023, -7.953341], [113.60513, -7.956041], [113.59843, -7.957041], [113.59433, -7.957941], [113.59093, -7.958741], [113.58783, -7.953241], [113.58373, -7.952341], [113.58163, -7.948141], [113.581106, -7.94792], [113.581652, -7.945288], [113.58216, -7.93921], [113.582561, -7.934408], [113.580387, -7.929211], [113.577731, -7.924087], [113.57583, -7.916841], [113.57423, -7.902641], [113.56793, -7.899841], [113.56383, -7.896641], [113.56253, -7.892341], [113.55583, -7.889341], [113.55103, -7.885441], [113.54453, -7.881641], [113.53903, -7.884041], [113.53723, -7.885741], [113.53283, -7.885341], [113.52833, -7.882241], [113.52313, -7.881241], [113.52163, -7.874641], [113.51843, -7.870141], [113.51503, -7.867241], [113.51273, -7.864641], [113.51103, -7.858741], [113.50543, -7.857041], [113.50153, -7.857341], [113.49633, -7.855141], [113.49163, -7.849741], [113.48623, -7.845141], [113.485172, -7.843919], [113.487915, -7.841438], [113.4889, -7.836667], [113.489114, -7.828885], [113.488529, -7.826622], [113.489388, -7.823562], [113.487501, -7.821197], [113.485509, -7.815689], [113.486363, -7.81498], [113.485856, -7.810003], [113.483978, -7.808443], [113.484344, -7.804856], [113.484437, -7.801439], [113.483181, -7.798095], [113.483563, -7.794342], [113.481805, -7.791911], [113.479221, -7.787811], [113.4783, -7.784674], [113.477345, -7.77664], [113.474119, -7.767341], [113.467857, -7.761648], [113.464654, -7.759115], [113.461898, -7.753383], [113.460655, -7.751656], [113.457554, -7.750311], [113.455968, -7.746939], [113.455771, -7.745005], [113.458558, -7.738497], [113.458368, -7.733942], [113.45773, -7.731141], [113.45553, -7.725241], [113.455302, -7.724588], [113.455166, -7.724098], [113.456306, -7.723894], [113.457573, -7.722979], [113.457642, -7.722929], [113.457916, -7.722664], [113.458839, -7.721775], [113.4617, -7.7197], [113.463036, -7.718544], [113.464249, -7.717847], [113.464615, -7.717388], [113.464897, -7.71662], [113.465904, -7.716424], [113.466408, -7.716769], [113.46772, -7.715695], [113.46891, -7.714684], [113.4702, -7.713385], [113.470368, -7.713165], [113.471008, -7.712327], [113.471191, -7.711657], [113.471146, -7.711514], [113.470947, -7.710893], [113.470947, -7.710032], [113.470879, -7.710016], [113.470947, -7.709841], [113.47123, -7.709505], [113.471542, -7.709311], [113.47197, -7.709261], [113.472372, -7.709298], [113.47245, -7.709306], [113.472595, -7.709335], [113.472687, -7.708826], [113.472496, -7.708683], [113.472351, -7.708493], [113.472206, -7.708111], [113.472107, -7.707825], [113.471916, -7.707635], [113.471672, -7.707301], [113.471382, -7.707351], [113.471291, -7.707543], [113.471291, -7.707671], [113.471291, -7.707782], [113.471153, -7.708214], [113.471153, -7.708453], [113.471008, -7.70855], [113.470627, -7.708504], [113.470413, -7.708416], [113.470558, -7.708016], [113.470787, -7.707058], [113.470947, -7.706397], [113.471283, -7.706061], [113.471664, -7.705914], [113.472816, -7.705611], [113.473892, -7.705127], [113.475212, -7.70452], [113.476761, -7.703914], [113.478676, -7.703065], [113.479698, -7.702088], [113.480434, -7.701457], [113.480635, -7.701284], [113.480652, -7.70127], [113.481842, -7.700162], [113.483467, -7.699197], [113.484613, -7.698749], [113.485298, -7.698482], [113.485878, -7.69823], [113.486977, -7.697754], [113.488411, -7.697626], [113.490212, -7.697496], [113.492004, -7.697366], [113.493927, -7.697235], [113.49659, -7.697396], [113.498596, -7.697566], [113.500404, -7.697674], [113.501488, -7.698146], [113.502327, -7.69826], [113.503883, -7.698609], [113.5058, -7.699271], [113.505713, -7.700078], [113.505295, -7.702251], [113.50581, -7.706332]]]}}, {"type": "Feature", "properties": {"objectid_1": 4120, "objectid": 4394, "kode_prov": 35, "nama_das": "", "luas_ha": 1293.5, "kel_m": 27603.0, "prioritas_": 0, "kd_tematik": "DAS", "kd_region": 2, "kd_lintas": 1, "kd_das": "DAS210445", "wil_kerja": "BPDAS SAMPEAN", "kd_urutdas": 445, "globalid": "{F6A760B7-3AF3-4ED1-A1DA-98795B621673}", "st_area_sh": 0.00106082, "st_length_": 0.25009369, "st_area(sh": 0.001060824328572, "st_length(": 0.250093691343575}, "geometry": {"type": "Polygon", "coordinates": [[[113.47593, -8.391141], [113.47853, -8.395041], [113.48103, -8.394641], [113.48303, -8.394241], [113.48683, -8.394141], [113.49133, -8.392341], [113.49833, -8.393341], [113.49923, -8.396741], [113.49943, -8.399941], [113.50413, -8.400941], [113.50643, -8.406641], [113.51083, -8.410341], [113.51753, -8.410541], [113.51783, -8.413141], [113.52243, -8.413641], [113.52553, -8.414141], [113.52773, -8.413541], [113.53023, -8.412641], [113.53203, -8.414341], [113.53413, -8.415741], [113.53683, -8.419941], [113.53643, -8.423541], [113.54593, -8.425241], [113.55143, -8.425841], [113.55683, -8.423841], [113.557434, -8.426772], [113.557078, -8.427061], [113.557007, -8.427118], [113.556521, -8.427512], [113.555748, -8.428137], [113.555503, -8.428516], [113.555161, -8.429044], [113.555145, -8.429059], [113.554912, -8.429294], [113.554321, -8.429886], [113.553612, -8.430846], [113.553467, -8.432667], [113.553404, -8.43406], [113.553391, -8.434368], [113.55352, -8.435922], [113.552663, -8.436034], [113.552559, -8.436048], [113.552498, -8.436005], [113.55172, -8.435455], [113.550262, -8.433433], [113.549838, -8.433364], [113.549545, -8.433317], [113.549322, -8.433256], [113.548778, -8.433105], [113.548698, -8.433084], [113.549294, -8.432483], [113.549484, -8.431508], [113.549644, -8.430687], [113.549241, -8.43049], [113.54892, -8.430333], [113.548913, -8.430331], [113.547958, -8.42998], [113.547119, -8.429747], [113.546272, -8.429513], [113.544952, -8.428924], [113.544113, -8.429169], [113.543152, -8.429414], [113.542306, -8.429649], [113.542069, -8.429715], [113.542026, -8.429727], [113.541832, -8.429781], [113.541722, -8.429694], [113.541229, -8.429307], [113.540871, -8.428711], [113.540024, -8.428717], [113.539787, -8.429196], [113.53972, -8.429216], [113.539395, -8.429311], [113.538948, -8.429441], [113.538589, -8.429443], [113.538231, -8.428967], [113.537506, -8.429331], [113.537025, -8.429214], [113.536308, -8.429099], [113.536005, -8.429345], [113.535713, -8.429582], [113.535631, -8.429582], [113.534752, -8.429587], [113.534088, -8.428994], [113.533671, -8.429162], [113.533485, -8.429237], [113.533169, -8.428964], [113.532524, -8.428407], [113.53167, -8.427337], [113.530594, -8.427223], [113.529869, -8.427109], [113.529855, -8.427177], [113.52964, -8.428186], [113.529762, -8.429022], [113.529319, -8.429025], [113.528679, -8.429029], [113.52845, -8.429276], [113.52832, -8.429308], [113.527962, -8.429393], [113.52784, -8.429394], [113.527245, -8.429398], [113.526039, -8.429166], [113.525078, -8.428813], [113.524231, -8.428102], [113.523758, -8.428225], [113.523317, -8.42849], [113.523155, -8.428587], [113.522316, -8.428592], [113.521828, -8.427877], [113.521584, -8.426923], [113.520744, -8.426689], [113.520859, -8.425918], [113.520256, -8.425683], [113.520232, -8.425685], [113.519954, -8.425707], [113.519539, -8.42574], [113.518211, -8.425032], [113.517494, -8.424744], [113.517098, -8.424781], [113.517033, -8.424787], [113.516891, -8.424801], [113.516052, -8.425046], [113.515108, -8.425261], [113.514969, -8.425292], [113.514936, -8.425243], [113.514488, -8.424578], [113.5137, -8.42347], [113.513641, -8.423388], [113.513031, -8.422554], [113.512314, -8.421968], [113.512264, -8.421974], [113.511414, -8.422093], [113.510628, -8.422211], [113.510458, -8.422085], [113.510147, -8.421856], [113.509928, -8.42164], [113.509899, -8.421611], [113.509544, -8.421262], [113.509056, -8.420547], [113.508698, -8.420072], [113.508488, -8.420156], [113.508095, -8.420315], [113.508102, -8.421151], [113.507565, -8.422151], [113.507454, -8.422358], [113.506432, -8.422723], [113.506061, -8.422682], [113.505864, -8.42266], [113.505348, -8.422604], [113.504753, -8.422847], [113.504623, -8.421771], [113.504974, -8.420813], [113.505089, -8.419975], [113.505089, -8.419019], [113.504005, -8.418548], [113.503281, -8.418074], [113.501961, -8.417963], [113.501228, -8.41713], [113.500031, -8.417138], [113.498947, -8.417026], [113.498776, -8.416355], [113.498764, -8.416309], [113.498512, -8.414876], [113.497673, -8.414044], [113.495987, -8.413577], [113.494782, -8.412814], [113.493164, -8.413302], [113.49118, -8.413608], [113.490105, -8.413973], [113.488915, -8.414824], [113.488415, -8.415036], [113.488075, -8.415181], [113.487614, -8.415245], [113.486275, -8.415432], [113.486017, -8.415288], [113.485428, -8.414959], [113.484818, -8.413768], [113.483498, -8.413537], [113.4823, -8.413185], [113.481812, -8.412232], [113.480965, -8.41152], [113.480354, -8.40997], [113.479874, -8.409322], [113.479507, -8.40866], [113.480225, -8.407819], [113.481186, -8.407939], [113.4813, -8.407221], [113.480873, -8.406326], [113.47966, -8.404594], [113.479036, -8.403739], [113.478752, -8.403351], [113.4795, -8.402894], [113.479529, -8.402874], [113.480072, -8.402506], [113.481148, -8.402439], [113.479759, -8.401007], [113.479568, -8.400171], [113.478607, -8.399101], [113.476738, -8.398754], [113.47554, -8.398284], [113.475707, -8.397587], [113.475769, -8.397326], [113.475818, -8.397178], [113.476128, -8.396248], [113.47612, -8.395291], [113.476021, -8.394248], [113.475922, -8.392782], [113.475189, -8.390037], [113.475329, -8.389086], [113.47593, -8.391141]]]}}, {"type": "Feature", "properties": {"objectid_1": 4121, "objectid": 4395, "kode_prov": 35, "nama_das": "", "luas_ha": 640.59, "kel_m": 11667.0, "prioritas_": 0, "kd_tematik": "DAS", "kd_region": 2, "kd_lintas": 1, "kd_das": "DAS210435", "wil_kerja": "BPDAS SAMPEAN", "kd_urutdas": 435, "globalid": "{A4C3E4C7-01BA-43AC-8E96-2AEE6431495D}", "st_area_sh": 0.00052525, "st_length_": 0.10563903, "st_area(sh": 0.000525254218381, "st_length(": 0.10563903106451}, "geometry": {"type": "Polygon", "coordinates": [[[113.76773, -8.478241], [113.76703, -8.482641], [113.76783, -8.490041], [113.76863, -8.494341], [113.76823, -8.497341], [113.76963, -8.499441], [113.772984, -8.500932], [113.772865, -8.501137], [113.772857, -8.501149], [113.772644, -8.501457], [113.772568, -8.501994], [113.772385, -8.502423], [113.772018, -8.503029], [113.771692, -8.503062], [113.77137, -8.503096], [113.771042, -8.503344], [113.770752, -8.503556], [113.770393, -8.503696], [113.77018, -8.503551], [113.770035, -8.503371], [113.769783, -8.503298], [113.769493, -8.50351], [113.769295, -8.503841], [113.769279, -8.503867], [113.768692, -8.504543], [113.768526, -8.50461], [113.768257, -8.504719], [113.767578, -8.504677], [113.767365, -8.504317], [113.767082, -8.50349], [113.766731, -8.502591], [113.766701, -8.502125], [113.766449, -8.501764], [113.766022, -8.501546], [113.765877, -8.501329], [113.765594, -8.500933], [113.765129, -8.500678], [113.764771, -8.500496], [113.764587, -8.500673], [113.763718, -8.50106], [113.76339, -8.501308], [113.763147, -8.501446], [113.763147, -8.501446], [113.763138, -8.501451], [113.762703, -8.501698], [113.762473, -8.501879], [113.762344, -8.501981], [113.762342, -8.50201], [113.762299, -8.502554], [113.762444, -8.502878], [113.762512, -8.503381], [113.762436, -8.503989], [113.762253, -8.504131], [113.76207, -8.504093], [113.761864, -8.503769], [113.761833, -8.503709], [113.761681, -8.503409], [113.761688, -8.503087], [113.761436, -8.502655], [113.761078, -8.502472], [113.760468, -8.502324], [113.760071, -8.502177], [113.759857, -8.501996], [113.759422, -8.5021], [113.759064, -8.502276], [113.758522, -8.50281], [113.757942, -8.50327], [113.757874, -8.503375], [113.7575, -8.503948], [113.757208, -8.504215], [113.756996, -8.50441], [113.756839, -8.504727], [113.75666, -8.505088], [113.756433, -8.505518], [113.756359, -8.505456], [113.755038, -8.504346], [113.751914, -8.50188], [113.747639, -8.499907], [113.745173, -8.496618], [113.741234, -8.491765], [113.740967, -8.491383], [113.74133, -8.491141], [113.75093, -8.482941], [113.75353, -8.481341], [113.75713, -8.478741], [113.76123, -8.476441], [113.76773, -8.478241]]]}}, {"type": "Feature", "properties": {"objectid_1": 4122, "objectid": 4396, "kode_prov": 35, "nama_das": "", "luas_ha": 1.0, "kel_m": 383.0, "prioritas_": 0, "kd_tematik": "DAS", "kd_region": 2, "kd_lintas": 1, "kd_das": "DAS211138", "wil_kerja": "BPDAS SAMPEAN", "kd_urutdas": 1138, "globalid": "{10475013-B470-4166-ABB1-070367EB81FD}", "st_area_sh": 8.2e-07, "st_length_": 0.00347001, "st_area(sh": 8.16460286e-07, "st_length(": 0.003470010045371}, "geometry": {"type": "Polygon", "coordinates": [[[113.558609, -8.435769], [113.558258, -8.435893], [113.558044, -8.435536], [113.55835, -8.434702], [113.558655, -8.434647], [113.558891, -8.434768], [113.559067, -8.435308], [113.558609, -8.435769]]]}}, {"type": "Feature", "properties": {"objectid_1": 4147, "objectid": 4404, "kode_prov": 35, "nama_das": "", "luas_ha": 1.07, "kel_m": 381.0, "prioritas_": 0, "kd_tematik": "DAS", "kd_region": 2, "kd_lintas": 1, "kd_das": "DAS211139", "wil_kerja": "BPDAS SAMPEAN", "kd_urutdas": 1139, "globalid": "{9632549F-0FDB-4DE9-AD8E-D010E604D96C}", "st_area_sh": 8.8e-07, "st_length_": 0.00344816, "st_area(sh": 8.77505882e-07, "st_length(": 0.003448156995255}, "geometry": {"type": "Polygon", "coordinates": [[[113.557091, -8.43481], [113.556427, -8.434922], [113.556191, -8.434681], [113.556198, -8.434262], [113.556465, -8.433846], [113.556679, -8.433848], [113.556976, -8.433971], [113.557213, -8.434273], [113.557274, -8.434572], [113.557091, -8.43481]]]}}, {"type": "Feature", "properties": {"objectid_1": 4176, "objectid": 4243, "kode_prov": 35, "nama_das": "SAMPEAN", "luas_ha": 124413.65, "kel_m": 265631.0, "prioritas_": 1, "kd_tematik": "DAS", "kd_region": 2, "kd_lintas": 2, "kd_das": "DAS220287", "wil_kerja": "BPDAS SAMPEAN", "kd_urutdas": 287, "globalid": "{1DF37994-0BF6-4439-9906-5A8DAD34176A}", "st_area_sh": 0.10185402, "st_length_": 1.70807025, "st_area(sh": 0.101854017770224, "st_length(": 1.708070250708899}, "geometry": {"type": "Polygon", "coordinates": [[[113.948212, -7.67763], [113.948631, -7.677813], [113.949295, -7.677758], [113.94986, -7.677852], [113.950676, -7.677814], [113.950974, -7.677919], [113.951302, -7.678041], [113.951721, -7.678104], [113.951988, -7.678406], [113.951988, -7.678825], [113.951836, -7.679063], [113.951561, -7.679151], [113.951172, -7.679119], [113.950752, -7.678966], [113.950455, -7.678814], [113.950127, -7.678632], [113.949913, -7.678511], [113.949814, -7.67851], [113.949206, -7.679018], [113.949104, -7.679104], [113.948968, -7.67927], [113.94886, -7.679401], [113.948616, -7.679789], [113.948364, -7.680178], [113.949432, -7.68012], [113.950798, -7.679943], [113.95211, -7.679766], [113.952659, -7.679567], [113.952759, -7.679868], [113.95429, -7.681908], [113.954205, -7.684493], [113.955872, -7.68616], [113.957646, -7.686885], [113.959353, -7.687697], [113.963479, -7.689385], [113.964205, -7.69116], [113.965865, -7.692441], [113.966705, -7.694493], [113.969313, -7.696052], [113.970039, -7.69866], [113.974739, -7.702438], [113.975594, -7.703546], [113.978238, -7.704628], [113.982483, -7.706117], [113.98595, -7.706874], [113.990713, -7.708306], [113.994276, -7.709036], [113.995009, -7.709187], [113.99734, -7.709279], [113.998717, -7.709333], [114.002791, -7.710041], [114.005762, -7.711631], [114.011582, -7.714387], [114.014185, -7.717297], [114.015411, -7.721279], [114.01633, -7.724955], [114.017248, -7.72863], [114.019546, -7.733838], [114.020924, -7.737973], [114.02303, -7.741841], [114.02513, -7.746141], [114.02223, -7.749141], [114.01843, -7.752841], [114.02013, -7.756141], [114.02093, -7.760441], [114.02343, -7.762841], [114.02433, -7.766341], [114.02973, -7.769641], [114.03183, -7.772141], [114.03513, -7.776241], [114.03803, -7.779541], [114.04013, -7.782941], [114.040954, -7.785411], [114.04173, -7.787741], [114.043266, -7.794917], [114.04263, -7.800441], [114.04253, -7.805341], [114.04813, -7.812941], [114.05263, -7.817941], [114.05413, -7.825241], [114.05683, -7.827841], [114.05773, -7.836641], [114.05763, -7.841241], [114.05814, -7.841771], [114.058922, -7.843258], [114.059997, -7.844907], [114.061242, -7.846225], [114.062194, -7.847982], [114.063731, -7.849373], [114.06461, -7.850545], [114.066401, -7.851448], [114.066726, -7.851558], [114.06763, -7.852941], [114.07103, -7.855141], [114.07513, -7.862141], [114.07773, -7.863441], [114.07933, -7.867941], [114.08063, -7.871341], [114.08093, -7.878741], [114.08283, -7.882441], [114.08863, -7.890241], [114.09013, -7.894641], [114.09003, -7.900841], [114.09723, -7.909341], [114.09863, -7.915341], [114.10353, -7.922141], [114.10453, -7.925441], [114.11023, -7.932941], [114.11103, -7.936641], [114.11093, -7.942641], [114.11273, -7.949741], [114.11253, -7.960341], [114.11503, -7.962741], [114.11723, -7.969241], [114.12143, -7.974541], [114.12353, -7.977941], [114.12343, -7.980941], [114.12393, -7.993341], [114.12263, -7.996241], [114.12173, -7.999241], [114.11843, -8.002041], [114.11603, -8.005441], [114.11293, -8.007441], [114.11103, -8.010441], [114.10663, -8.015641], [114.10463, -8.020141], [114.10263, -8.022941], [114.10083, -8.026841], [114.09513, -8.029141], [114.09193, -8.030741], [114.09033, -8.036141], [114.08823, -8.039041], [114.08873, -8.045341], [114.08763, -8.049541], [114.08683, -8.052941], [114.08373, -8.055641], [114.08263, -8.058741], [114.08373, -8.063941], [114.08103, -8.072941], [114.07973, -8.076441], [114.07933, -8.082041], [114.07873, -8.085041], [114.07293, -8.087341], [114.07183, -8.094841], [114.06643, -8.100041], [114.06343, -8.104541], [114.06173, -8.108841], [114.061342, -8.110689], [114.058579, -8.110689], [114.055297, -8.110689], [114.052444, -8.110972], [114.050554, -8.111917], [114.048488, -8.114153], [114.047475, -8.114727], [114.04653, -8.115941], [114.04513, -8.118841], [114.04023, -8.113041], [114.03683, -8.113841], [114.03033, -8.114841], [114.02113, -8.114041], [114.021026, -8.113364], [114.02013, -8.107541], [114.01613, -8.104041], [114.01433, -8.101241], [114.00933, -8.095441], [114.00763, -8.092941], [114.00563, -8.090041], [113.99843, -8.088441], [113.99383, -8.081641], [113.98763, -8.079141], [113.98133, -8.077741], [113.97643, -8.078141], [113.97203, -8.076541], [113.96763, -8.072941], [113.96263, -8.072141], [113.95833, -8.070441], [113.95123, -8.068941], [113.94853, -8.067541], [113.94123, -8.063341], [113.93753, -8.061641], [113.93233, -8.060841], [113.92723, -8.059241], [113.91783, -8.051541], [113.91043, -8.048241], [113.90683, -8.045841], [113.89913, -8.039441], [113.89543, -8.037741], [113.88763, -8.036341], [113.88513, -8.034541], [113.87633, -8.033441], [113.87233, -8.031941], [113.86793, -8.032341], [113.86333, -8.029741], [113.86103, -8.027041], [113.85623, -8.024641], [113.85003, -8.022041], [113.85023, -8.019341], [113.84623, -8.018941], [113.84313, -8.017741], [113.84033, -8.014441], [113.83663, -8.012941], [113.83453, -8.015341], [113.83453, -8.015341], [113.82853, -8.013141], [113.82433, -8.015441], [113.82043, -8.016841], [113.81113, -8.019041], [113.80803, -8.020741], [113.80803, -8.020741], [113.80553, -8.023241], [113.80553, -8.023241], [113.80153, -8.021841], [113.79733, -8.023441], [113.78733, -8.025141], [113.78413, -8.028141], [113.78413, -8.028141], [113.77203, -8.029741], [113.76323, -8.031341], [113.76023, -8.031141], [113.75603, -8.028741], [113.74613, -8.029541], [113.74513, -8.022041], [113.74263, -8.020441], [113.73393, -8.012541], [113.73213, -8.008841], [113.72763, -8.007941], [113.72433, -8.007041], [113.71863, -8.006041], [113.71513, -8.006341], [113.71103, -8.002941], [113.70843, -8.001341], [113.70273, -7.996841], [113.70103, -7.992941], [113.69683, -7.990441], [113.68993, -7.984341], [113.68813, -7.978341], [113.68573, -7.972541], [113.68333, -7.968141], [113.67563, -7.965441], [113.67073, -7.967741], [113.67003, -7.964941], [113.67013, -7.961941], [113.67353, -7.960441], [113.67593, -7.958441], [113.67263, -7.956341], [113.67183, -7.951041], [113.67513, -7.946341], [113.67723, -7.941841], [113.68093, -7.936441], [113.68203, -7.931741], [113.68483, -7.929341], [113.68813, -7.925041], [113.69013, -7.922041], [113.69263, -7.918841], [113.69373, -7.914041], [113.69683, -7.911341], [113.70063, -7.907041], [113.70833, -7.902641], [113.71883, -7.891741], [113.72093, -7.888741], [113.72353, -7.885441], [113.72463, -7.880841], [113.72893, -7.876341], [113.72713, -7.871041], [113.72793, -7.867441], [113.73093, -7.864741], [113.73183, -7.861841], [113.73493, -7.858341], [113.74063, -7.852541], [113.74253, -7.846441], [113.74703, -7.845441], [113.74933, -7.839541], [113.75103, -7.837141], [113.75183, -7.832941], [113.75433, -7.828741], [113.75933, -7.826641], [113.76203, -7.821841], [113.76303, -7.819241], [113.75753, -7.818241], [113.75683, -7.813741], [113.75663, -7.810841], [113.755514, -7.810366], [113.755548, -7.809055], [113.755233, -7.806148], [113.755548, -7.801984], [113.75814, -7.802063], [113.761668, -7.802113], [113.761612, -7.802458], [113.763649, -7.805099], [113.769117, -7.807944], [113.771133, -7.806728], [113.773842, -7.807356], [113.774133, -7.80752], [113.77853, -7.805441], [113.78253, -7.803241], [113.792012, -7.802467], [113.79233, -7.802441], [113.80013, -7.807941], [113.80273, -7.809141], [113.80923, -7.812741], [113.81223, -7.813041], [113.81683, -7.811641], [113.82263, -7.811641], [113.82493, -7.811041], [113.82813, -7.813241], [113.83403, -7.811941], [113.83833, -7.812241], [113.84133, -7.809741], [113.84353, -7.806341], [113.84323, -7.802041], [113.84803, -7.795841], [113.85243, -7.793441], [113.85213, -7.780441], [113.85933, -7.777241], [113.86243, -7.772341], [113.865922, -7.770519], [113.867176, -7.771523], [113.871157, -7.773823], [113.872728, -7.777345], [113.875909, -7.780086], [113.876959, -7.783571], [113.881635, -7.7865], [113.883395, -7.791137], [113.886686, -7.793629], [113.898457, -7.796075], [113.900281, -7.797093], [113.908453, -7.795611], [113.915571, -7.793251], [113.918009, -7.789023], [113.917262, -7.78304], [113.929142, -7.776277], [113.933842, -7.775689], [113.936437, -7.771649], [113.935586, -7.765894], [113.940039, -7.759385], [113.941342, -7.759023], [113.942011, -7.759828], [113.946721, -7.761144], [113.955131, -7.761901], [113.958041, -7.763567], [113.960964, -7.762811], [113.968842, -7.758663], [113.972196, -7.760583], [113.978387, -7.758567], [113.984297, -7.757811], [113.990898, -7.754727], [113.993682, -7.751376], [113.998009, -7.749856], [114.004786, -7.743713], [114.006783, -7.742796], [114.007819, -7.740539], [114.005808, -7.737661], [114.005952, -7.735258], [114.00468, -7.730508], [114.007555, -7.727939], [114.003482, -7.718146], [114.000902, -7.716963], [114.000013, -7.715967], [113.996735, -7.714463], [113.994699, -7.713009], [113.988018, -7.71307], [113.981256, -7.712656], [113.975442, -7.711354], [113.970291, -7.709885], [113.963842, -7.709023], [113.957162, -7.707203], [113.95113, -7.705141], [113.94723, -7.700541], [113.94603, -7.697941], [113.94413, -7.696041], [113.94013, -7.696341], [113.93553, -7.696041], [113.934416, -7.695894], [113.933974, -7.695801], [113.934036, -7.695643], [113.934372, -7.695167], [113.934731, -7.694661], [113.935158, -7.694035], [113.935555, -7.693319], [113.93586, -7.692303], [113.936043, -7.691736], [113.936173, -7.691018], [113.936325, -7.6906], [113.93634, -7.690273], [113.936522, -7.689634], [113.936523, -7.689628], [113.936577, -7.688835], [113.936554, -7.688236], [113.936584, -7.687484], [113.936409, -7.68671], [113.936241, -7.68521], [113.935989, -7.684445], [113.936173, -7.68354], [113.93626, -7.683096], [113.936386, -7.682456], [113.936539, -7.681709], [113.936615, -7.681103], [113.93676, -7.680543], [113.937271, -7.680247], [113.937752, -7.680011], [113.938385, -7.679774], [113.939322, -7.678779], [113.939644, -7.678438], [113.939219, -7.678264], [113.939209, -7.678259], [113.939034, -7.678021], [113.939034, -7.677306], [113.939446, -7.67689], [113.939857, -7.676512], [113.940163, -7.676236], [113.940933, -7.675641], [113.94165, -7.675285], [113.942657, -7.674809], [113.943039, -7.674634], [113.943581, -7.67451], [113.944511, -7.67464], [113.944923, -7.67494], [113.945343, -7.675182], [113.94558, -7.675424], [113.945694, -7.675784], [113.945694, -7.675836], [113.945694, -7.676082], [113.945938, -7.676327], [113.946121, -7.676657], [113.946526, -7.676958], [113.947121, -7.677258], [113.947319, -7.677566], [113.947662, -7.677595], [113.948112, -7.677624], [113.948212, -7.67763]]]}}, {"type": "Feature", "properties": {"objectid_1": 4204, "objectid": 4073, "kode_prov": 35, "nama_das": "KALI BARU", "luas_ha": 72790.62, "kel_m": 217483.0, "prioritas_": 0, "kd_tematik": "DAS", "kd_region": 2, "kd_lintas": 2, "kd_das": "DAS220424", "wil_kerja": "BPDAS SAMPEAN", "kd_urutdas": 424, "globalid": "{AD6DDAD1-C436-49A1-BFCF-C5DD9BAB4D46}", "st_area_sh": 0.05965326, "st_length_": 1.44899268, "st_area(sh": 0.059653259102346, "st_length(": 1.448992680931944}, "geometry": {"type": "Polygon", "coordinates": [[[114.058394, -8.139643], [114.058545, -8.143105], [114.058545, -8.145664], [114.058093, -8.147621], [114.058244, -8.15048], [114.057792, -8.153491], [114.059448, -8.157856], [114.060351, -8.162823], [114.06291, -8.166285], [114.063663, -8.169898], [114.062609, -8.173962], [114.062609, -8.181939], [114.063211, -8.188863], [114.064716, -8.192626], [114.065619, -8.195486], [114.067426, -8.200754], [114.068931, -8.20512], [114.071941, -8.210538], [114.075253, -8.214301], [114.076908, -8.218666], [114.077209, -8.221677], [114.077812, -8.224386], [114.078263, -8.226192], [114.080069, -8.229504], [114.083387, -8.235311], [114.085964, -8.236901], [114.089297, -8.240234], [114.090054, -8.244478], [114.092713, -8.247838], [114.092404, -8.250875], [114.094062, -8.258353], [114.097631, -8.259401], [114.097818, -8.260246], [114.099079, -8.263613], [114.102631, -8.267734], [114.104764, -8.271881], [114.10626, -8.275563], [114.106862, -8.281735], [114.109571, -8.288659], [114.111829, -8.295282], [114.112153, -8.295928], [114.11193, -8.296141], [114.11173, -8.302941], [114.11573, -8.308141], [114.11683, -8.312041], [114.11883, -8.316941], [114.12013, -8.325841], [114.12103, -8.329641], [114.12183, -8.333041], [114.12357, -8.338933], [114.126129, -8.351125], [114.12593, -8.358041], [114.12603, -8.362941], [114.12603, -8.365441], [114.12513, -8.367941], [114.124774, -8.376187], [114.123269, -8.385368], [114.12372, -8.3944], [114.12483, -8.398141], [114.12843, -8.399941], [114.12683, -8.411341], [114.12853, -8.414641], [114.12893, -8.418741], [114.13153, -8.420641], [114.13263, -8.423541], [114.13263, -8.425841], [114.13263, -8.428741], [114.13643, -8.431241], [114.13843, -8.435341], [114.14043, -8.437341], [114.14253, -8.441041], [114.14683, -8.442141], [114.15153, -8.446941], [114.15463, -8.449341], [114.15753, -8.453941], [114.15863, -8.458841], [114.16183, -8.458741], [114.16433, -8.461641], [114.16843, -8.460741], [114.17093, -8.464541], [114.17413, -8.466141], [114.17703, -8.468941], [114.17963, -8.471541], [114.17763, -8.475341], [114.17893, -8.482141], [114.17933, -8.485441], [114.18223, -8.489541], [114.18013, -8.493641], [114.18223, -8.498341], [114.18663, -8.495841], [114.19183, -8.494941], [114.19313, -8.499541], [114.19343, -8.503741], [114.19683, -8.504641], [114.19813, -8.508741], [114.20103, -8.508741], [114.20283, -8.512041], [114.20933, -8.513241], [114.20933, -8.515641], [114.20973, -8.519941], [114.21263, -8.522441], [114.21553, -8.524241], [114.21483, -8.527141], [114.20963, -8.527441], [114.20663, -8.525241], [114.20363, -8.530341], [114.20613, -8.533541], [114.20503, -8.537041], [114.20623, -8.540941], [114.20323, -8.542941], [114.20353, -8.547041], [114.20273, -8.550341], [114.19793, -8.551341], [114.19403, -8.553641], [114.18953, -8.554941], [114.18573, -8.560741], [114.18883, -8.563341], [114.18843, -8.568541], [114.18753, -8.574841], [114.19003, -8.583441], [114.19363, -8.584941], [114.19553, -8.588641], [114.19223, -8.589241], [114.18983, -8.588541], [114.18553, -8.585941], [114.18293, -8.587541], [114.18153, -8.592741], [114.17663, -8.590841], [114.17353, -8.592441], [114.16853, -8.597841], [114.16433, -8.597741], [114.16113, -8.598241], [114.15523, -8.597141], [114.15323, -8.602641], [114.15023, -8.605741], [114.14803, -8.611041], [114.14323, -8.612141], [114.14123, -8.614641], [114.14263, -8.618141], [114.14343, -8.620241], [114.141332, -8.622078], [114.140533, -8.621842], [114.140495, -8.621816], [114.139771, -8.62169], [114.137016, -8.620948], [114.135101, -8.620572], [114.133034, -8.620221], [114.130783, -8.619697], [114.128143, -8.619195], [114.125504, -8.618933], [114.122864, -8.618669], [114.120827, -8.618411], [114.119019, -8.618395], [114.116737, -8.618375], [114.115578, -8.618162], [114.115578, -8.617853], [114.115883, -8.617198], [114.115952, -8.61678], [114.116013, -8.616361], [114.116074, -8.615943], [114.115593, -8.616179], [114.11541, -8.617133], [114.115402, -8.617433], [114.114922, -8.617429], [114.114326, -8.616705], [114.113251, -8.615918], [114.112358, -8.615491], [114.111641, -8.614648], [114.110924, -8.613924], [114.110153, -8.613379], [114.109856, -8.612778], [114.109657, -8.612532], [114.109612, -8.612776], [114.10955, -8.613613], [114.110977, -8.614821], [114.111931, -8.616086], [114.112045, -8.617043], [114.11187, -8.617437], [114.109543, -8.617114], [114.107628, -8.616619], [114.10582, -8.616364], [114.102936, -8.616099], [114.102829, -8.61615], [114.102318, -8.61594], [114.100395, -8.615803], [114.098419, -8.615726], [114.097099, -8.615355], [114.094879, -8.615155], [114.092415, -8.615313], [114.09079, -8.615537], [114.088989, -8.616179], [114.087918, -8.616909], [114.08753, -8.616841], [114.09113, -8.613241], [114.09723, -8.611241], [114.10013, -8.611441], [114.10303, -8.611241], [114.10473, -8.605741], [114.10233, -8.603441], [114.10203, -8.597641], [114.10103, -8.593941], [114.10433, -8.590441], [114.10533, -8.587141], [114.10353, -8.582641], [114.09733, -8.573741], [114.09783, -8.568341], [114.09813, -8.565841], [114.09943, -8.559341], [114.09733, -8.548741], [114.09543, -8.545241], [114.09273, -8.542341], [114.091515, -8.539402], [114.08743, -8.537441], [114.08163, -8.537041], [114.080324, -8.534131], [114.080339, -8.534024], [114.07929, -8.529408], [114.078301, -8.522248], [114.075102, -8.512276], [114.07228, -8.50682], [114.071527, -8.500799], [114.070833, -8.4989], [114.068009, -8.498483], [114.065231, -8.498893], [114.059717, -8.498489], [114.056569, -8.49441], [114.048195, -8.494065], [114.0462, -8.493939], [114.04833, -8.490141], [114.04933, -8.481741], [114.05013, -8.477041], [114.04493, -8.476641], [114.03853, -8.472041], [114.03273, -8.471241], [114.02973, -8.465041], [114.02783, -8.461441], [114.02343, -8.460441], [114.02153, -8.456141], [114.02323, -8.451441], [114.02153, -8.448341], [114.01933, -8.446441], [114.01663, -8.437241], [114.01203, -8.426341], [114.00813, -8.423841], [114.00433, -8.425841], [113.99883, -8.429541], [113.99603, -8.426241], [113.99163, -8.424241], [113.99013, -8.417941], [113.98763, -8.414641], [113.98643, -8.412041], [113.98263, -8.409641], [113.97773, -8.405841], [113.97683, -8.402941], [113.97293, -8.400441], [113.96963, -8.399641], [113.96233, -8.400741], [113.95913, -8.397641], [113.95853, -8.394141], [113.95943, -8.391141], [113.95923, -8.387241], [113.96093, -8.382541], [113.95913, -8.377341], [113.96143, -8.372841], [113.95983, -8.365741], [113.96293, -8.362641], [113.96883, -8.362241], [113.97263, -8.361041], [113.97093, -8.356241], [113.97013, -8.353441], [113.97553, -8.348041], [113.97183, -8.344641], [113.96603, -8.340441], [113.96183, -8.338741], [113.95843, -8.337141], [113.95433, -8.334341], [113.94993, -8.332941], [113.94743, -8.332941], [113.94463, -8.328441], [113.94153, -8.327041], [113.93643, -8.323441], [113.93123, -8.321041], [113.92803, -8.320041], [113.92843, -8.314541], [113.93013, -8.312141], [113.93093, -8.308741], [113.93183, -8.305241], [113.93183, -8.302041], [113.93083, -8.299241], [113.93113, -8.295041], [113.92943, -8.286041], [113.93253, -8.283341], [113.93363, -8.279941], [113.93333, -8.274841], [113.93433, -8.272141], [113.93523, -8.267141], [113.93783, -8.264241], [113.94183, -8.262041], [113.94733, -8.260841], [113.95053, -8.255841], [113.95263, -8.250441], [113.95383, -8.246841], [113.95683, -8.245441], [113.95843, -8.242941], [113.96313, -8.238741], [113.96433, -8.235441], [113.96563, -8.229941], [113.96493, -8.224841], [113.96753, -8.220041], [113.96393, -8.216241], [113.96143, -8.211641], [113.95943, -8.206041], [113.96443, -8.201941], [113.96933, -8.201641], [113.97203, -8.200441], [113.97393, -8.198141], [113.98183, -8.197141], [113.98513, -8.194541], [113.98893, -8.191741], [113.99023, -8.183841], [113.99183, -8.178541], [113.99433, -8.176341], [113.99573, -8.171641], [114.00043, -8.169541], [114.002424, -8.168502], [114.004391, -8.167368], [114.004964, -8.165936], [114.006825, -8.163001], [114.007398, -8.161855], [114.008687, -8.160996], [114.009546, -8.159206], [114.010476, -8.157202], [114.01236, -8.15491], [114.014772, -8.153479], [114.015475, -8.151437], [114.016758, -8.150331], [114.017238, -8.149918], [114.018423, -8.149327], [114.01964, -8.147823], [114.020642, -8.146678], [114.021714, -8.144722], [114.023009, -8.142812], [114.024305, -8.141985], [114.025582, -8.140807], [114.026871, -8.139662], [114.026917, -8.139569], [114.02843, -8.138741], [114.03633, -8.140141], [114.04243, -8.136241], [114.04563, -8.129341], [114.04783, -8.126841], [114.04783, -8.126841], [114.05413, -8.128041], [114.054496, -8.130904], [114.055685, -8.133472], [114.056588, -8.13603], [114.057341, -8.13874], [114.058394, -8.139643]]]}}, {"type": "Feature", "properties": {"objectid_1": 4260, "objectid": 4182, "kode_prov": 35, "nama_das": "", "luas_ha": 503.42, "kel_m": 15310.0, "prioritas_": 0, "kd_tematik": "DAS", "kd_region": 2, "kd_lintas": 1, "kd_das": "DAS210437", "wil_kerja": "BPDAS SAMPEAN", "kd_urutdas": 437, "globalid": "{6EFC922E-C9FF-4311-A73D-4EC408A773CF}", "st_area_sh": 0.00041283, "st_length_": 0.13859904, "st_area(sh": 0.000412829611204, "st_length(": 0.138599044709346}, "geometry": {"type": "Polygon", "coordinates": [[[113.72603, -8.498741], [113.72923, -8.501341], [113.73183, -8.500441], [113.73183, -8.504441], [113.73393, -8.507541], [113.73683, -8.509141], [113.74053, -8.513341], [113.74083, -8.517141], [113.73893, -8.517541], [113.73883, -8.520141], [113.73693, -8.523641], [113.73853, -8.525441], [113.739028, -8.526224], [113.738915, -8.526266], [113.738556, -8.525868], [113.738304, -8.525687], [113.738022, -8.525578], [113.737656, -8.525826], [113.736832, -8.525854], [113.736473, -8.525529], [113.736076, -8.525417], [113.735504, -8.525449], [113.735176, -8.525517], [113.734924, -8.525229], [113.734749, -8.524869], [113.734467, -8.524615], [113.733788, -8.524073], [113.733459, -8.523746], [113.733505, -8.523067], [113.73362, -8.522673], [113.733658, -8.522136], [113.733772, -8.521635], [113.734062, -8.521172], [113.734283, -8.520636], [113.73439, -8.52017], [113.734543, -8.519598], [113.734657, -8.519169], [113.73452, -8.518379], [113.734344, -8.517769], [113.734451, -8.517303], [113.734032, -8.516296], [113.733498, -8.515252], [113.73307, -8.515034], [113.732277, -8.514884], [113.731445, -8.515092], [113.730545, -8.515407], [113.730095, -8.515743], [113.730008, -8.515802], [113.729515, -8.516133], [113.728683, -8.516592], [113.728618, -8.516609], [113.7276, -8.51687], [113.727417, -8.517047], [113.727448, -8.517223], [113.727486, -8.517442], [113.727448, -8.5178], [113.727303, -8.518014], [113.727585, -8.518446], [113.727692, -8.518662], [113.727509, -8.519055], [113.727257, -8.519268], [113.726021, -8.520189], [113.725769, -8.52051], [113.725633, -8.520486], [113.725555, -8.520473], [113.72541, -8.520185], [113.725487, -8.519862], [113.725845, -8.51965], [113.725853, -8.519363], [113.725418, -8.519002], [113.725174, -8.518391], [113.725143, -8.517888], [113.725075, -8.517601], [113.72464, -8.517275], [113.723778, -8.516981], [113.723351, -8.51687], [113.722664, -8.517186], [113.722191, -8.517505], [113.722107, -8.51761], [113.721649, -8.518181], [113.7211, -8.518679], [113.720123, -8.519602], [113.720116, -8.520068], [113.720116, -8.52057], [113.719971, -8.520712], [113.719681, -8.520602], [113.719322, -8.520492], [113.719174, -8.520513], [113.719109, -8.520523], [113.718857, -8.520559], [113.71859, -8.520845], [113.718491, -8.52095], [113.718414, -8.521344], [113.718666, -8.521668], [113.719025, -8.521922], [113.718987, -8.52203], [113.718262, -8.522131], [113.718124, -8.522223], [113.718048, -8.522273], [113.717972, -8.522917], [113.717789, -8.523167], [113.717285, -8.523234], [113.717064, -8.523376], [113.717064, -8.523573], [113.717064, -8.523663], [113.716988, -8.523984], [113.716843, -8.524305], [113.716949, -8.524665], [113.716942, -8.524987], [113.716797, -8.525201], [113.716942, -8.525454], [113.717079, -8.525742], [113.717041, -8.526242], [113.716751, -8.526778], [113.716423, -8.527061], [113.716171, -8.527028], [113.716142, -8.527024], [113.716133, -8.527023], [113.716085, -8.526989], [113.715775, -8.52677], [113.71575, -8.526782], [113.715706, -8.526805], [113.715561, -8.527055], [113.715195, -8.527374], [113.714439, -8.527547], [113.714188, -8.527401], [113.713974, -8.527077], [113.713722, -8.527146], [113.713577, -8.527431], [113.713356, -8.527788], [113.713066, -8.528001], [113.712669, -8.527962], [113.712135, -8.527563], [113.71196, -8.527131], [113.711922, -8.526773], [113.711998, -8.526236], [113.712151, -8.525914], [113.712189, -8.525557], [113.712227, -8.524983], [113.712502, -8.524502], [113.712502, -8.524143], [113.712219, -8.523783], [113.711937, -8.523565], [113.711502, -8.523346], [113.71122, -8.522949], [113.711151, -8.522448], [113.711158, -8.521878], [113.711159, -8.521802], [113.711449, -8.521446], [113.711845, -8.521235], [113.712425, -8.521132], [113.713005, -8.520707], [113.713387, -8.520219], [113.713478, -8.520102], [113.71373, -8.519566], [113.713738, -8.519135], [113.713776, -8.518706], [113.713921, -8.518169], [113.713928, -8.517632], [113.713608, -8.5172], [113.713432, -8.516768], [113.71344, -8.516266], [113.71344, -8.515836], [113.713333, -8.515369], [113.713303, -8.514975], [113.713303, -8.51471], [113.713303, -8.514652], [113.713417, -8.514258], [113.713783, -8.51401], [113.714142, -8.513799], [113.714897, -8.513698], [113.715744, -8.513544], [113.716072, -8.513439], [113.716138, -8.513435], [113.716614, -8.513408], [113.716797, -8.513158], [113.716821, -8.513094], [113.716904, -8.512873], [113.717339, -8.512625], [113.717659, -8.512628], [113.718704, -8.512529], [113.719031, -8.512498], [113.719391, -8.512464], [113.71965, -8.511821], [113.719795, -8.511141], [113.71991, -8.510712], [113.71991, -8.510496], [113.719368, -8.510528], [113.718979, -8.510238], [113.718727, -8.510271], [113.717758, -8.510119], [113.71743, -8.509902], [113.717186, -8.509398], [113.717224, -8.508718], [113.717339, -8.507966], [113.717773, -8.507647], [113.717957, -8.507218], [113.718109, -8.506718], [113.718361, -8.506505], [113.718727, -8.506257], [113.718872, -8.505828], [113.718803, -8.505003], [113.718773, -8.504573], [113.718781, -8.504251], [113.718872, -8.50415], [113.71907, -8.50393], [113.719253, -8.503849], [113.719467, -8.503755], [113.71994, -8.503364], [113.720144, -8.502923], [113.720451, -8.502257], [113.720777, -8.501725], [113.720833, -8.501634], [113.721024, -8.500846], [113.721207, -8.500346], [113.721207, -8.500024], [113.721062, -8.499771], [113.720711, -8.499482], [113.720648, -8.499152], [113.720642, -8.499123], [113.720787, -8.498909], [113.721039, -8.498552], [113.721333, -8.498225], [113.72155, -8.497983], [113.721878, -8.49752], [113.721985, -8.497158], [113.72343, -8.498041], [113.72603, -8.498741]]]}}, {"type": "Feature", "properties": {"objectid_1": 4261, "objectid": 4183, "kode_prov": 35, "nama_das": "MAYANG", "luas_ha": 111015.6, "kel_m": 181456.0, "prioritas_": 0, "kd_tematik": "DAS", "kd_region": 2, "kd_lintas": 2, "kd_das": "DAS220443", "wil_kerja": "BPDAS SAMPEAN", "kd_urutdas": 443, "globalid": "{30E3D10F-D4EF-4CA1-88F8-D4FCC1F6C158}", "st_area_sh": 0.09097473, "st_length_": 1.54788536, "st_area(sh": 0.090974728613628, "st_length(": 1.547885359073272}, "geometry": {"type": "Polygon", "coordinates": [[[114.04023, -8.113041], [114.04513, -8.118841], [114.04583, -8.122241], [114.04783, -8.126841], [114.04563, -8.129341], [114.04243, -8.136241], [114.03633, -8.140141], [114.02843, -8.138741], [114.026917, -8.139569], [114.026871, -8.139662], [114.025582, -8.140807], [114.024305, -8.141985], [114.023009, -8.142812], [114.021714, -8.144722], [114.020642, -8.146678], [114.01964, -8.147823], [114.018423, -8.149327], [114.017238, -8.149918], [114.016758, -8.150331], [114.015475, -8.151437], [114.014772, -8.153479], [114.01236, -8.15491], [114.010476, -8.157202], [114.009546, -8.159206], [114.008687, -8.160996], [114.007398, -8.161855], [114.006825, -8.163001], [114.004964, -8.165936], [114.004391, -8.167368], [114.002424, -8.168502], [114.00043, -8.169541], [113.99573, -8.171641], [113.99433, -8.176341], [113.99183, -8.178541], [113.99023, -8.183841], [113.98893, -8.191741], [113.98513, -8.194541], [113.98183, -8.197141], [113.97393, -8.198141], [113.97203, -8.200441], [113.96933, -8.201641], [113.96443, -8.201941], [113.95943, -8.206041], [113.96143, -8.211641], [113.96393, -8.216241], [113.96753, -8.220041], [113.96493, -8.224841], [113.96563, -8.229941], [113.96433, -8.235441], [113.96313, -8.238741], [113.95843, -8.242941], [113.95683, -8.245441], [113.95383, -8.246841], [113.95263, -8.250441], [113.95053, -8.255841], [113.94733, -8.260841], [113.94183, -8.262041], [113.93783, -8.264241], [113.93523, -8.267141], [113.93433, -8.272141], [113.93333, -8.274841], [113.93363, -8.279941], [113.93253, -8.283341], [113.92943, -8.286041], [113.93113, -8.295041], [113.93083, -8.299241], [113.93183, -8.302041], [113.93183, -8.305241], [113.93093, -8.308741], [113.93013, -8.312141], [113.92843, -8.314541], [113.92803, -8.320041], [113.93123, -8.321041], [113.93643, -8.323441], [113.94153, -8.327041], [113.94463, -8.328441], [113.94743, -8.332941], [113.94993, -8.332941], [113.95433, -8.334341], [113.95843, -8.337141], [113.96183, -8.338741], [113.96603, -8.340441], [113.97183, -8.344641], [113.97553, -8.348041], [113.97013, -8.353441], [113.97093, -8.356241], [113.97263, -8.361041], [113.96883, -8.362241], [113.96293, -8.362641], [113.95983, -8.365741], [113.96143, -8.372841], [113.95913, -8.377341], [113.96093, -8.382541], [113.95923, -8.387241], [113.95943, -8.391141], [113.95853, -8.394141], [113.95913, -8.397641], [113.96233, -8.400741], [113.96013, -8.402141], [113.95613, -8.402641], [113.94803, -8.400941], [113.94423, -8.403841], [113.94083, -8.403741], [113.93753, -8.407241], [113.93733, -8.413241], [113.93593, -8.418141], [113.93433, -8.421241], [113.93293, -8.425241], [113.92973, -8.428341], [113.92683, -8.431341], [113.92413, -8.433941], [113.91863, -8.434441], [113.91423, -8.441541], [113.90883, -8.441141], [113.90523, -8.439141], [113.90293, -8.434441], [113.89653, -8.429941], [113.89803, -8.425641], [113.89483, -8.422741], [113.89093, -8.420841], [113.88823, -8.419441], [113.88363, -8.415441], [113.87973, -8.415341], [113.87643, -8.415541], [113.87143, -8.418141], [113.86883, -8.420941], [113.85613, -8.425941], [113.85133, -8.424641], [113.84763, -8.427141], [113.84393, -8.428841], [113.84073, -8.428741], [113.83533, -8.426841], [113.83183, -8.427241], [113.82873, -8.423741], [113.82013, -8.422941], [113.81653, -8.420941], [113.80993, -8.415341], [113.80483, -8.415741], [113.79973, -8.421941], [113.79703, -8.421041], [113.78963, -8.419841], [113.78483, -8.422041], [113.78093, -8.422941], [113.77523, -8.424641], [113.76663, -8.426941], [113.76343, -8.431441], [113.75623, -8.433541], [113.75143, -8.436541], [113.74793, -8.436141], [113.74033, -8.436741], [113.73303, -8.436941], [113.72923, -8.438341], [113.72683, -8.435341], [113.72423, -8.439541], [113.71883, -8.440441], [113.71513, -8.438241], [113.71193, -8.440141], [113.71103, -8.446341], [113.70773, -8.447241], [113.70313, -8.446741], [113.69933, -8.449141], [113.69513, -8.451641], [113.69173, -8.453141], [113.68613, -8.452141], [113.68233, -8.454941], [113.68033, -8.456541], [113.67483, -8.452441], [113.66993, -8.455241], [113.66683, -8.454541], [113.66343, -8.453841], [113.66023, -8.451241], [113.65673, -8.450441], [113.65353, -8.448141], [113.64473, -8.447341], [113.64253, -8.445541], [113.64183, -8.438441], [113.63793, -8.435641], [113.63273, -8.438041], [113.630402, -8.438348], [113.629587, -8.440223], [113.625641, -8.443182], [113.623085, -8.445279], [113.622314, -8.444673], [113.619545, -8.443376], [113.614967, -8.440777], [113.611473, -8.439126], [113.608467, -8.43831], [113.606186, -8.438444], [113.605698, -8.43785], [113.604012, -8.436666], [113.601601, -8.435605], [113.598358, -8.435268], [113.595963, -8.435404], [113.594521, -8.435772], [113.593835, -8.436097], [113.593217, -8.436389], [113.592669, -8.434363], [113.591485, -8.431123], [113.591002, -8.426908], [113.592661, -8.426287], [113.595617, -8.425181], [113.595482, -8.42073], [113.594431, -8.414774], [113.594081, -8.408468], [113.594081, -8.40146], [113.593731, -8.393752], [113.592849, -8.389538], [113.590955, -8.386794], [113.593731, -8.381139], [113.596533, -8.377635], [113.60249, -8.375884], [113.604241, -8.37238], [113.60653, -8.366558], [113.605509, -8.364023], [113.60769, -8.361959], [113.606673, -8.360273], [113.607659, -8.358638], [113.607307, -8.356254], [113.605462, -8.355499], [113.602646, -8.352719], [113.600672, -8.34828], [113.603884, -8.343504], [113.605265, -8.340131], [113.603339, -8.336939], [113.60583, -8.332809], [113.609847, -8.328935], [113.610405, -8.326095], [113.611875, -8.32281], [113.614752, -8.320526], [113.618957, -8.317022], [113.625263, -8.312818], [113.630519, -8.306511], [113.633827, -8.301612], [113.63192, -8.298103], [113.63729, -8.296847], [113.640507, -8.294956], [113.643333, -8.290304], [113.645879, -8.285226], [113.649285, -8.284253], [113.650405, -8.283319], [113.650429, -8.28097], [113.650201, -8.278986], [113.652622, -8.279287], [113.655551, -8.279652], [113.657847, -8.27603], [113.660972, -8.271985], [113.663091, -8.267957], [113.664768, -8.266615], [113.669016, -8.263321], [113.669593, -8.260653], [113.671542, -8.255781], [113.675389, -8.252932], [113.677766, -8.250868], [113.68081, -8.251247], [113.682708, -8.250131], [113.684448, -8.250348], [113.685877, -8.250103], [113.686462, -8.247832], [113.690267, -8.245701], [113.691048, -8.242973], [113.695972, -8.241152], [113.696651, -8.237246], [113.69804, -8.236334], [113.701481, -8.233016], [113.701444, -8.229045], [113.700241, -8.227329], [113.700471, -8.226621], [113.70071, -8.227143], [113.702128, -8.225961], [113.705428, -8.224773], [113.707804, -8.222793], [113.710973, -8.221869], [113.713085, -8.221077], [113.715989, -8.219757], [113.718761, -8.216456], [113.721402, -8.214212], [113.724174, -8.211176], [113.724754, -8.208085], [113.728457, -8.20697], [113.733009, -8.203189], [113.734826, -8.200581], [113.739169, -8.199241], [113.741336, -8.195466], [113.747481, -8.191808], [113.750872, -8.19201], [113.755069, -8.189416], [113.762757, -8.187084], [113.766085, -8.182497], [113.769467, -8.179475], [113.771735, -8.175249], [113.77403, -8.17288], [113.778693, -8.169914], [113.780069, -8.166916], [113.781065, -8.166026], [113.782569, -8.162749], [113.783449, -8.161963], [113.784261, -8.15847], [113.786154, -8.156779], [113.789282, -8.156965], [113.790185, -8.154038], [113.794398, -8.151359], [113.800214, -8.145169], [113.80589, -8.141869], [113.805362, -8.138436], [113.807078, -8.136324], [113.810511, -8.133288], [113.814867, -8.134608], [113.818695, -8.135532], [113.827144, -8.130912], [113.837969, -8.125367], [113.843646, -8.120615], [113.848002, -8.118634], [113.853415, -8.117974], [113.862392, -8.11705], [113.868728, -8.116786], [113.872576, -8.116923], [113.877176, -8.116523], [113.877421, -8.119352], [113.882176, -8.119023], [113.885109, -8.119423], [113.889243, -8.122788], [113.898009, -8.124856], [113.899502, -8.124345], [113.907064, -8.127413], [113.911064, -8.126602], [113.9222, -8.122603], [113.931447, -8.122792], [113.935516, -8.12085], [113.938044, -8.12072], [113.942503, -8.122764], [113.950084, -8.121098], [113.953782, -8.120769], [113.961604, -8.120073], [113.964438, -8.120747], [113.973283, -8.11837], [113.979224, -8.117578], [113.987324, -8.117514], [113.994261, -8.119452], [113.99863, -8.120747], [113.998758, -8.121694], [114.003631, -8.123803], [114.008531, -8.123915], [114.013491, -8.123361], [114.016062, -8.120409], [114.018056, -8.117744], [114.020287, -8.114556], [114.021026, -8.113364], [114.02113, -8.114041], [114.03033, -8.114841], [114.03683, -8.113841], [114.04023, -8.113041]]]}}, {"type": "Feature", "properties": {"objectid_1": 4263, "objectid": 4259, "kode_prov": 35, "nama_das": "", "luas_ha": 1684.6, "kel_m": 19052.0, "prioritas_": 0, "kd_tematik": "DAS", "kd_region": 2, "kd_lintas": 1, "kd_das": "DAS210434", "wil_kerja": "BPDAS SAMPEAN", "kd_urutdas": 434, "globalid": "{F4584ABB-942E-4D6A-BB4A-ED160A00A676}", "st_area_sh": 0.00138118, "st_length_": 0.17244461, "st_area(sh": 0.001381183434693, "st_length(": 0.17244461313303}, "geometry": {"type": "Polygon", "coordinates": [[[113.811434, -8.488233], [113.813407, -8.491521], [113.811105, -8.494316], [113.808595, -8.496199], [113.808533, -8.496143], [113.808281, -8.495748], [113.808174, -8.495567], [113.807693, -8.495366], [113.807228, -8.495255], [113.806686, -8.494964], [113.80658, -8.494676], [113.806046, -8.494456], [113.805542, -8.494452], [113.805, -8.494341], [113.804642, -8.494086], [113.804245, -8.49394], [113.803711, -8.493793], [113.803101, -8.49368], [113.802849, -8.493391], [113.802597, -8.493138], [113.802025, -8.492954], [113.801483, -8.492842], [113.801086, -8.492623], [113.800766, -8.492227], [113.800377, -8.492008], [113.799767, -8.491788], [113.799301, -8.491498], [113.798874, -8.491136], [113.798012, -8.490699], [113.79744, -8.490335], [113.797401, -8.490085], [113.797043, -8.489687], [113.796761, -8.489577], [113.796288, -8.489573], [113.795753, -8.489389], [113.795609, -8.489138], [113.795288, -8.489027], [113.794891, -8.488988], [113.79435, -8.489056], [113.793991, -8.488981], [113.793777, -8.488835], [113.793312, -8.488796], [113.79277, -8.488828], [113.792442, -8.48886], [113.79187, -8.488928], [113.79126, -8.488815], [113.791008, -8.488526], [113.790939, -8.488311], [113.790703, -8.488505], [113.790627, -8.488935], [113.790337, -8.48922], [113.789697, -8.489532], [113.789543, -8.489607], [113.789215, -8.490035], [113.789314, -8.490322], [113.789391, -8.490645], [113.789276, -8.490932], [113.789131, -8.491181], [113.788841, -8.491466], [113.788471, -8.491515], [113.788338, -8.491533], [113.788086, -8.491424], [113.787758, -8.4916], [113.78743, -8.49192], [113.78742, -8.49194], [113.787209, -8.492384], [113.787247, -8.492779], [113.787132, -8.493243], [113.787239, -8.493603], [113.787628, -8.494215], [113.787949, -8.494505], [113.7882, -8.494794], [113.788086, -8.495115], [113.787872, -8.495257], [113.787796, -8.495507], [113.787865, -8.495831], [113.788116, -8.496048], [113.788261, -8.496335], [113.788147, -8.496621], [113.787895, -8.497049], [113.788109, -8.49741], [113.788322, -8.497663], [113.788353, -8.4982], [113.788094, -8.498556], [113.78779, -8.498666], [113.787415, -8.498801], [113.78669, -8.498796], [113.786476, -8.498508], [113.786232, -8.498075], [113.786232, -8.497645], [113.786346, -8.497215], [113.786453, -8.496859], [113.786423, -8.496464], [113.786316, -8.496104], [113.785919, -8.495957], [113.785637, -8.495776], [113.785423, -8.495523], [113.785355, -8.495272], [113.78524, -8.495343], [113.784592, -8.495875], [113.784409, -8.496232], [113.784368, -8.496278], [113.784157, -8.496516], [113.784112, -8.496512], [113.783363, -8.496438], [113.782928, -8.496363], [113.782753, -8.495932], [113.782501, -8.49593], [113.782318, -8.496107], [113.781998, -8.49614], [113.781784, -8.495888], [113.781775, -8.495853], [113.781715, -8.495636], [113.781357, -8.495525], [113.780952, -8.495666], [113.780739, -8.495557], [113.780304, -8.495839], [113.779984, -8.496052], [113.779936, -8.496093], [113.779339, -8.496612], [113.779289, -8.496655], [113.77928, -8.496682], [113.779144, -8.497085], [113.778961, -8.497549], [113.77842, -8.49776], [113.778198, -8.497937], [113.778198, -8.497937], [113.777878, -8.497827], [113.777733, -8.497718], [113.777519, -8.497681], [113.777123, -8.497713], [113.776688, -8.498139], [113.776525, -8.49833], [113.776321, -8.498567], [113.776147, -8.498705], [113.775963, -8.498851], [113.775673, -8.499099], [113.775658, -8.499182], [113.775597, -8.499528], [113.775414, -8.499706], [113.77528, -8.499838], [113.775162, -8.499955], [113.774941, -8.500347], [113.774651, -8.500525], [113.774292, -8.500378], [113.774147, -8.500197], [113.77404, -8.500268], [113.773788, -8.500517], [113.77352, -8.500549], [113.773502, -8.500551], [113.773369, -8.500567], [113.773155, -8.500637], [113.772984, -8.500932], [113.76963, -8.499441], [113.76823, -8.497341], [113.76863, -8.494341], [113.76783, -8.490041], [113.76703, -8.482641], [113.76773, -8.478241], [113.76853, -8.476041], [113.77053, -8.473741], [113.77353, -8.469641], [113.77473, -8.466641], [113.77673, -8.464541], [113.78033, -8.461441], [113.78353, -8.460441], [113.78873, -8.458241], [113.79423, -8.453941], [113.796856, -8.452657], [113.79976, -8.455842], [113.802884, -8.460775], [113.805186, -8.466036], [113.807159, -8.470969], [113.80979, -8.474586], [113.810776, -8.477381], [113.810776, -8.480998], [113.810283, -8.485602], [113.811434, -8.488233]]]}}, {"type": "Feature", "properties": {"objectid_1": 4265, "objectid": 4260, "kode_prov": 35, "nama_das": "BEDAGUNG", "luas_ha": 128000.18, "kel_m": 220674.0, "prioritas_": 1, "kd_tematik": "DAS", "kd_region": 2, "kd_lintas": 2, "kd_das": "DAS220444", "wil_kerja": "BPDAS SAMPEAN", "kd_urutdas": 444, "globalid": "{12BEAB0F-1EEE-44F2-8D67-1BB9EF5E9322}", "st_area_sh": 0.10488619, "st_length_": 1.93083888, "st_area(sh": 0.10488618630702, "st_length(": 1.930838883372987}, "geometry": {"type": "Polygon", "coordinates": [[[113.60438, -7.975102], [113.610581, -7.97852], [113.615918, -7.977249], [113.621382, -7.975851], [113.623315, -7.975983], [113.62483, -7.977041], [113.62763, -7.975841], [113.63493, -7.973141], [113.64023, -7.971841], [113.64553, -7.973741], [113.64823, -7.972741], [113.64943, -7.970141], [113.65683, -7.968841], [113.66163, -7.967741], [113.66653, -7.968141], [113.67073, -7.967741], [113.67563, -7.965441], [113.68333, -7.968141], [113.68573, -7.972541], [113.68813, -7.978341], [113.68993, -7.984341], [113.69683, -7.990441], [113.70103, -7.992941], [113.70273, -7.996841], [113.70843, -8.001341], [113.71103, -8.002941], [113.71513, -8.006341], [113.71863, -8.006041], [113.72433, -8.007041], [113.72763, -8.007941], [113.73213, -8.008841], [113.73393, -8.012541], [113.74263, -8.020441], [113.74513, -8.022041], [113.74613, -8.029541], [113.75603, -8.028741], [113.76023, -8.031141], [113.76323, -8.031341], [113.77203, -8.029741], [113.78413, -8.028141], [113.78413, -8.028141], [113.78733, -8.025141], [113.79733, -8.023441], [113.80153, -8.021841], [113.80553, -8.023241], [113.80553, -8.023241], [113.80803, -8.020741], [113.80803, -8.020741], [113.81113, -8.019041], [113.82043, -8.016841], [113.82433, -8.015441], [113.82853, -8.013141], [113.83453, -8.015341], [113.83453, -8.015341], [113.83663, -8.012941], [113.84033, -8.014441], [113.84313, -8.017741], [113.84623, -8.018941], [113.85023, -8.019341], [113.85003, -8.022041], [113.85623, -8.024641], [113.86103, -8.027041], [113.86333, -8.029741], [113.86793, -8.032341], [113.87233, -8.031941], [113.87633, -8.033441], [113.88513, -8.034541], [113.88763, -8.036341], [113.89543, -8.037741], [113.89913, -8.039441], [113.90683, -8.045841], [113.91043, -8.048241], [113.91783, -8.051541], [113.92723, -8.059241], [113.93233, -8.060841], [113.93753, -8.061641], [113.94123, -8.063341], [113.94853, -8.067541], [113.95123, -8.068941], [113.95833, -8.070441], [113.96263, -8.072141], [113.96763, -8.072941], [113.97203, -8.076541], [113.97643, -8.078141], [113.98133, -8.077741], [113.98763, -8.079141], [113.99383, -8.081641], [113.99843, -8.088441], [114.00563, -8.090041], [114.00763, -8.092941], [114.00933, -8.095441], [114.01433, -8.101241], [114.01613, -8.104041], [114.02013, -8.107541], [114.021026, -8.113364], [114.020287, -8.114556], [114.018056, -8.117744], [114.016062, -8.120409], [114.013491, -8.123361], [114.008531, -8.123915], [114.003631, -8.123803], [113.998758, -8.121694], [113.99863, -8.120747], [113.994261, -8.119452], [113.987324, -8.117514], [113.979224, -8.117578], [113.973283, -8.11837], [113.964438, -8.120747], [113.961604, -8.120073], [113.953782, -8.120769], [113.950084, -8.121098], [113.942503, -8.122764], [113.938044, -8.12072], [113.935516, -8.12085], [113.931447, -8.122792], [113.9222, -8.122603], [113.911064, -8.126602], [113.907064, -8.127413], [113.899502, -8.124345], [113.898009, -8.124856], [113.889243, -8.122788], [113.885109, -8.119423], [113.882176, -8.119023], [113.877421, -8.119352], [113.877176, -8.116523], [113.872576, -8.116923], [113.868728, -8.116786], [113.862392, -8.11705], [113.853415, -8.117974], [113.848002, -8.118634], [113.843646, -8.120615], [113.837969, -8.125367], [113.827144, -8.130912], [113.818695, -8.135532], [113.814867, -8.134608], [113.810511, -8.133288], [113.807078, -8.136324], [113.805362, -8.138436], [113.80589, -8.141869], [113.800214, -8.145169], [113.794398, -8.151359], [113.790185, -8.154038], [113.789282, -8.156965], [113.786154, -8.156779], [113.784261, -8.15847], [113.783449, -8.161963], [113.782569, -8.162749], [113.781065, -8.166026], [113.780069, -8.166916], [113.778693, -8.169914], [113.77403, -8.17288], [113.771735, -8.175249], [113.769467, -8.179475], [113.766085, -8.182497], [113.762757, -8.187084], [113.755069, -8.189416], [113.750872, -8.19201], [113.747481, -8.191808], [113.741336, -8.195466], [113.739169, -8.199241], [113.734826, -8.200581], [113.733009, -8.203189], [113.728457, -8.20697], [113.724754, -8.208085], [113.724174, -8.211176], [113.721402, -8.214212], [113.718761, -8.216456], [113.715989, -8.219757], [113.713085, -8.221077], [113.710973, -8.221869], [113.707804, -8.222793], [113.705428, -8.224773], [113.702128, -8.225961], [113.70071, -8.227143], [113.700471, -8.226621], [113.700241, -8.227329], [113.701444, -8.229045], [113.701481, -8.233016], [113.69804, -8.236334], [113.696651, -8.237246], [113.695972, -8.241152], [113.691048, -8.242973], [113.690267, -8.245701], [113.686462, -8.247832], [113.685877, -8.250103], [113.684448, -8.250348], [113.682708, -8.250131], [113.68081, -8.251247], [113.677766, -8.250868], [113.675389, -8.252932], [113.671542, -8.255781], [113.669593, -8.260653], [113.669016, -8.263321], [113.664768, -8.266615], [113.663091, -8.267957], [113.660972, -8.271985], [113.657847, -8.27603], [113.655551, -8.279652], [113.652622, -8.279287], [113.650201, -8.278986], [113.650429, -8.28097], [113.650405, -8.283319], [113.649285, -8.284253], [113.645879, -8.285226], [113.643333, -8.290304], [113.640507, -8.294956], [113.63729, -8.296847], [113.63192, -8.298103], [113.633827, -8.301612], [113.630519, -8.306511], [113.625263, -8.312818], [113.618957, -8.317022], [113.614752, -8.320526], [113.611875, -8.32281], [113.610405, -8.326095], [113.609847, -8.328935], [113.60583, -8.332809], [113.603339, -8.336939], [113.605265, -8.340131], [113.603884, -8.343504], [113.600672, -8.34828], [113.602646, -8.352719], [113.605462, -8.355499], [113.607307, -8.356254], [113.607659, -8.358638], [113.606673, -8.360273], [113.60769, -8.361959], [113.605509, -8.364023], [113.60653, -8.366558], [113.604241, -8.37238], [113.60249, -8.375884], [113.596533, -8.377635], [113.593731, -8.381139], [113.590955, -8.386794], [113.592849, -8.389538], [113.593731, -8.393752], [113.594081, -8.40146], [113.594081, -8.408468], [113.594431, -8.414774], [113.595482, -8.42073], [113.595617, -8.425181], [113.592661, -8.426287], [113.591002, -8.426908], [113.591485, -8.431123], [113.592669, -8.434363], [113.593217, -8.436389], [113.592728, -8.436621], [113.591293, -8.437945], [113.590462, -8.439265], [113.59063, -8.440334], [113.590515, -8.441172], [113.590035, -8.441833], [113.589426, -8.441196], [113.589127, -8.440883], [113.588992, -8.44075], [113.588737, -8.440499], [113.588463, -8.440229], [113.587677, -8.439839], [113.586395, -8.440718], [113.586273, -8.440847], [113.58655, -8.44103], [113.586632, -8.441084], [113.586998, -8.441799], [113.586912, -8.442426], [113.586884, -8.442636], [113.585686, -8.443242], [113.584732, -8.443727], [113.583649, -8.443973], [113.582687, -8.443979], [113.582535, -8.442937], [113.582436, -8.441949], [113.582481, -8.44188], [113.582909, -8.441228], [113.582893, -8.441141], [113.582985, -8.441081], [113.583292, -8.440846], [113.583382, -8.440778], [113.58316, -8.440363], [113.582794, -8.439827], [113.582649, -8.439699], [113.582596, -8.439278], [113.582535, -8.439198], [113.581688, -8.438128], [113.580971, -8.438013], [113.580429, -8.438136], [113.580071, -8.438139], [113.579871, -8.437357], [113.579826, -8.437184], [113.580663, -8.43694], [113.580666, -8.436939], [113.580673, -8.436929], [113.580704, -8.436886], [113.581017, -8.436459], [113.580894, -8.435862], [113.580889, -8.435862], [113.580753, -8.435863], [113.580414, -8.435865], [113.580292, -8.435148], [113.580485, -8.434756], [113.580528, -8.434669], [113.581368, -8.434544], [113.581632, -8.434274], [113.581841, -8.434063], [113.581718, -8.432987], [113.581108, -8.431557], [113.578812, -8.429659], [113.577003, -8.428356], [113.574715, -8.427415], [113.57408, -8.427104], [113.573717, -8.426926], [113.571823, -8.426], [113.569176, -8.42506], [113.566414, -8.42472], [113.563416, -8.424739], [113.561737, -8.42499], [113.56089, -8.424994], [113.560539, -8.426192], [113.560059, -8.426196], [113.559825, -8.426498], [113.559822, -8.426502], [113.559341, -8.426558], [113.559057, -8.42656], [113.558624, -8.426563], [113.557899, -8.426395], [113.557434, -8.426772], [113.55683, -8.423841], [113.55143, -8.425841], [113.54593, -8.425241], [113.53643, -8.423541], [113.53683, -8.419941], [113.53413, -8.415741], [113.53203, -8.414341], [113.53023, -8.412641], [113.52773, -8.413541], [113.52553, -8.414141], [113.52243, -8.413641], [113.51783, -8.413141], [113.51753, -8.410541], [113.51083, -8.410341], [113.50643, -8.406641], [113.50413, -8.400941], [113.49943, -8.399941], [113.49923, -8.396741], [113.49833, -8.393341], [113.49133, -8.392341], [113.48683, -8.394141], [113.48303, -8.394241], [113.48103, -8.394641], [113.47853, -8.395041], [113.47593, -8.391141], [113.475329, -8.389086], [113.475418, -8.388481], [113.475906, -8.387057], [113.475952, -8.38705], [113.476196, -8.38714], [113.476242, -8.385792], [113.475822, -8.385736], [113.475517, -8.385199], [113.475098, -8.384724], [113.474548, -8.384309], [113.473946, -8.383834], [113.473526, -8.383418], [113.473106, -8.383121], [113.472923, -8.382776], [113.467148, -8.381186], [113.46125, -8.379364], [113.454521, -8.378097], [113.447914, -8.377415], [113.439873, -8.377704], [113.43399, -8.378337], [113.433825, -8.37838], [113.434625, -8.370523], [113.435024, -8.359731], [113.435824, -8.347739], [113.437822, -8.336148], [113.438022, -8.323158], [113.44122, -8.311566], [113.441201, -8.311493], [113.441342, -8.311293], [113.443157, -8.306268], [113.44539, -8.301243], [113.448879, -8.298172], [113.454881, -8.295101], [113.462698, -8.291472], [113.468979, -8.285749], [113.471352, -8.281143], [113.474423, -8.275002], [113.479866, -8.26872], [113.485449, -8.262579], [113.488939, -8.25574], [113.491033, -8.247783], [113.491731, -8.241781], [113.491172, -8.23564], [113.490056, -8.231592], [113.489079, -8.226009], [113.490474, -8.219867], [113.491451, -8.214005], [113.492428, -8.208003], [113.49436, -8.204677], [113.495778, -8.202838], [113.501501, -8.197395], [113.510295, -8.192789], [113.519965, -8.190079], [113.52083, -8.188941], [113.52353, -8.179641], [113.52563, -8.173741], [113.52683, -8.170741], [113.52413, -8.169541], [113.52453, -8.164641], [113.52433, -8.160141], [113.52683, -8.157941], [113.52763, -8.152941], [113.53013, -8.148841], [113.53143, -8.145441], [113.531909, -8.141775], [113.534442, -8.137794], [113.537373, -8.133467], [113.539328, -8.128582], [113.54123, -8.123241], [113.54263, -8.118741], [113.54613, -8.116541], [113.54963, -8.114941], [113.55263, -8.108241], [113.55973, -8.102141], [113.56413, -8.099741], [113.56763, -8.096441], [113.56753, -8.089241], [113.56773, -8.085941], [113.56513, -8.082941], [113.56373, -8.078541], [113.56263, -8.071141], [113.562715, -8.070751], [113.563339, -8.069613], [113.564763, -8.066235], [113.565232, -8.061172], [113.566637, -8.057544], [113.568171, -8.053284], [113.56766, -8.049621], [113.568256, -8.04732], [113.568767, -8.044168], [113.567915, -8.043146], [113.567404, -8.04076], [113.566296, -8.037863], [113.564081, -8.034114], [113.562548, -8.03028], [113.56123, -8.029741], [113.55893, -8.027741], [113.55783, -8.024841], [113.55753, -8.022441], [113.55853, -8.018841], [113.55933, -8.014541], [113.56093, -8.007041], [113.56433, -8.005441], [113.56543, -8.001841], [113.57023, -7.996141], [113.57023, -7.992041], [113.57073, -7.987341], [113.57073, -7.987341], [113.57773, -7.979741], [113.57753, -7.975841], [113.57163, -7.970641], [113.56813, -7.966641], [113.567325, -7.965598], [113.56643, -7.964441], [113.56643, -7.964441], [113.57023, -7.961441], [113.57023, -7.961441], [113.57633, -7.958541], [113.57633, -7.958541], [113.57923, -7.956141], [113.57923, -7.956141], [113.58283, -7.954141], [113.58373, -7.952341], [113.58783, -7.953241], [113.59093, -7.958741], [113.59143, -7.964641], [113.59293, -7.967941], [113.595306, -7.969002], [113.597301, -7.970705], [113.60438, -7.975102]]]}}, {"type": "Feature", "properties": {"objectid_1": 4284, "objectid": 4262, "kode_prov": 35, "nama_das": "", "luas_ha": 609.07, "kel_m": 12606.0, "prioritas_": 0, "kd_tematik": "DAS", "kd_region": 2, "kd_lintas": 1, "kd_das": "DAS210436", "wil_kerja": "BPDAS SAMPEAN", "kd_urutdas": 436, "globalid": "{9466E6C1-140E-44A7-93CD-1325B1C09203}", "st_area_sh": 0.00049944, "st_length_": 0.11414767, "st_area(sh": 0.000499439860339, "st_length(": 0.114147667408332}, "geometry": {"type": "Polygon", "coordinates": [[[113.757706, -8.511853], [113.758102, -8.511892], [113.758751, -8.511862], [113.758934, -8.511684], [113.759254, -8.511543], [113.759583, -8.511654], [113.759972, -8.511693], [113.760185, -8.512053], [113.760475, -8.512198], [113.760796, -8.512201], [113.761124, -8.512347], [113.761261, -8.512635], [113.761406, -8.513103], [113.761688, -8.513177], [113.762123, -8.513216], [113.762085, -8.51361], [113.762077, -8.513897], [113.762184, -8.514185], [113.762115, -8.514399], [113.762001, -8.514542], [113.761787, -8.514719], [113.761566, -8.515039], [113.761314, -8.515431], [113.76124, -8.515489], [113.761131, -8.515574], [113.760155, -8.515673], [113.759583, -8.515704], [113.75943, -8.515749], [113.759166, -8.515827], [113.75911, -8.515843], [113.758965, -8.516093], [113.758886, -8.516324], [113.75882, -8.516522], [113.758636, -8.516808], [113.758453, -8.517164], [113.758232, -8.517449], [113.758027, -8.517529], [113.757718, -8.51765], [113.757515, -8.51773], [113.757187, -8.518014], [113.756813, -8.518325], [113.756462, -8.518617], [113.756241, -8.518759], [113.756152, -8.51872], [113.755989, -8.518649], [113.755882, -8.51854], [113.755592, -8.518682], [113.755196, -8.518953], [113.754868, -8.519177], [113.75471, -8.519228], [113.754005, -8.519457], [113.753288, -8.519307], [113.753143, -8.519163], [113.752747, -8.519159], [113.75235, -8.519156], [113.751884, -8.519188], [113.751556, -8.519078], [113.751381, -8.518969], [113.751167, -8.518716], [113.750664, -8.518425], [113.750275, -8.518171], [113.75016, -8.518063], [113.749878, -8.517953], [113.749588, -8.518129], [113.749474, -8.518415], [113.749502, -8.518659], [113.749512, -8.518738], [113.749649, -8.519062], [113.749611, -8.519313], [113.749435, -8.51949], [113.749321, -8.519956], [113.749207, -8.520277], [113.748886, -8.520346], [113.748824, -8.520304], [113.748673, -8.520201], [113.748596, -8.519985], [113.748383, -8.52002], [113.748055, -8.520267], [113.747765, -8.520552], [113.747459, -8.520889], [113.746918, -8.520992], [113.746666, -8.521206], [113.746231, -8.521094], [113.745766, -8.520983], [113.745583, -8.521125], [113.745255, -8.521337], [113.744827, -8.521262], [113.744789, -8.521082], [113.744614, -8.520937], [113.744392, -8.521222], [113.744268, -8.521484], [113.744171, -8.521687], [113.744133, -8.521973], [113.743988, -8.522402], [113.743736, -8.522758], [113.743477, -8.522827], [113.743266, -8.522806], [113.743088, -8.522788], [113.742905, -8.52293], [113.742142, -8.523247], [113.741852, -8.523459], [113.741638, -8.523815], [113.74131, -8.524028], [113.740875, -8.524024], [113.740517, -8.524237], [113.740082, -8.524161], [113.73951, -8.523977], [113.739403, -8.524119], [113.739578, -8.524193], [113.739975, -8.52434], [113.740044, -8.52459], [113.740044, -8.524667], [113.740044, -8.525057], [113.739891, -8.525593], [113.739388, -8.526091], [113.739288, -8.526127], [113.739028, -8.526224], [113.73853, -8.525441], [113.73693, -8.523641], [113.73883, -8.520141], [113.73893, -8.517541], [113.74083, -8.517141], [113.74053, -8.513341], [113.73683, -8.509141], [113.73393, -8.507541], [113.73183, -8.504441], [113.73183, -8.500441], [113.73273, -8.498441], [113.73713, -8.493941], [113.740967, -8.491383], [113.741234, -8.491765], [113.745173, -8.496618], [113.747639, -8.499907], [113.751914, -8.50188], [113.755038, -8.504346], [113.756359, -8.505456], [113.756433, -8.505518], [113.756302, -8.505766], [113.755936, -8.506516], [113.755714, -8.506801], [113.755562, -8.507587], [113.755669, -8.50809], [113.755554, -8.50852], [113.755478, -8.509021], [113.755707, -8.510009], [113.755814, -8.510296], [113.756134, -8.510586], [113.756386, -8.510659], [113.75663, -8.511056], [113.756775, -8.511344], [113.757172, -8.51149], [113.757454, -8.5116], [113.757706, -8.511853]]]}}, {"type": "Feature", "properties": {"objectid_1": 4285, "objectid": 4267, "kode_prov": 35, "nama_das": "PEKALEN", "luas_ha": 21240.44, "kel_m": 112257.0, "prioritas_": 0, "kd_tematik": "DAS", "kd_region": 2, "kd_lintas": 2, "kd_das": "DAS220247", "wil_kerja": "BPDAS SAMPEAN", "kd_urutdas": 247, "globalid": "{D76A3E98-2124-44FC-B873-6F6ED3EC55B2}", "st_area_sh": 0.01740121, "st_length_": 1.01587508, "st_area(sh": 0.017401213981355, "st_length(": 1.015875076494863}, "geometry": {"type": "Polygon", "coordinates": [[[113.383743, -7.738537], [113.38411, -7.739371], [113.384956, -7.739845], [113.385681, -7.740798], [113.386047, -7.741513], [113.386772, -7.742227], [113.387573, -7.74271], [113.38858, -7.742561], [113.38862, -7.742633], [113.388687, -7.744202], [113.386179, -7.748766], [113.39135, -7.753222], [113.393995, -7.759149], [113.39329, -7.764109], [113.391867, -7.770434], [113.390602, -7.77502], [113.387439, -7.782926], [113.385226, -7.790357], [113.385067, -7.796208], [113.388704, -7.801584], [113.39155, -7.803165], [113.392025, -7.805853], [113.391275, -7.81135], [113.39076, -7.816922], [113.39329, -7.822772], [113.395662, -7.830836], [113.395662, -7.834789], [113.395187, -7.839533], [113.397243, -7.849653], [113.39914, -7.85661], [113.39914, -7.864358], [113.400847, -7.86769], [113.400555, -7.875059], [113.40505, -7.877962], [113.408503, -7.88331], [113.412609, -7.88859], [113.413513, -7.890506], [113.416723, -7.893481], [113.417628, -7.895397], [113.420509, -7.898189], [113.422176, -7.899023], [113.427663, -7.906471], [113.427522, -7.908239], [113.430123, -7.911908], [113.430971, -7.918388], [113.433168, -7.924175], [113.436742, -7.931476], [113.438457, -7.937742], [113.439261, -7.94128], [113.441224, -7.942972], [113.442176, -7.948189], [113.45031, -7.951992], [113.451853, -7.953782], [113.455923, -7.955598], [113.458692, -7.961804], [113.459566, -7.963761], [113.461595, -7.966117], [113.468477, -7.967165], [113.476255, -7.973826], [113.480957, -7.975242], [113.485061, -7.978637], [113.489228, -7.981137], [113.495258, -7.982056], [113.500319, -7.990047], [113.510036, -7.995114], [113.514989, -7.993295], [113.518904, -7.993903], [113.521342, -7.994856], [113.523449, -7.995249], [113.528, -7.998983], [113.529527, -8.000236], [113.53129, -7.999368], [113.537496, -7.998128], [113.54189, -7.995005], [113.542223, -7.994903], [113.54255, -7.994537], [113.545812, -7.990886], [113.546735, -7.986916], [113.550976, -7.982054], [113.552176, -7.979856], [113.555401, -7.979267], [113.55806, -7.97226], [113.561609, -7.971192], [113.564901, -7.96833], [113.567176, -7.965689], [113.567325, -7.965598], [113.56813, -7.966641], [113.57163, -7.970641], [113.57753, -7.975841], [113.57773, -7.979741], [113.57073, -7.987341], [113.57073, -7.987341], [113.57023, -7.992041], [113.57023, -7.996141], [113.56543, -8.001841], [113.56433, -8.005441], [113.56093, -8.007041], [113.55933, -8.014541], [113.55853, -8.018841], [113.55753, -8.022441], [113.55783, -8.024841], [113.553476, -8.024154], [113.55023, -8.023641], [113.54343, -8.023941], [113.53513, -8.023641], [113.53013, -8.023841], [113.52673, -8.022941], [113.52263, -8.022141], [113.50963, -8.018741], [113.50603, -8.021241], [113.50123, -8.022841], [113.49513, -8.020641], [113.48913, -8.023141], [113.48643, -8.024741], [113.48643, -8.024741], [113.47863, -8.024441], [113.47603, -8.026341], [113.47603, -8.026341], [113.47093, -8.026141], [113.46423, -8.026241], [113.45863, -8.023841], [113.455243, -8.021354], [113.455243, -8.021353], [113.454565, -8.01961], [113.454005, -8.017034], [113.45343, -8.014941], [113.45343, -8.014941], [113.45153, -8.005941], [113.44873, -7.999141], [113.44113, -7.993841], [113.43763, -7.991241], [113.43523, -7.988741], [113.43063, -7.984441], [113.42323, -7.982141], [113.41803, -7.983941], [113.41313, -7.983741], [113.41133, -7.978641], [113.40493, -7.977941], [113.40193, -7.975441], [113.39883, -7.974441], [113.39213, -7.974741], [113.38843, -7.973441], [113.38493, -7.974741], [113.38173, -7.978141], [113.38173, -7.978141], [113.37013, -7.978341], [113.36563, -7.977241], [113.36003, -7.980841], [113.36003, -7.980841], [113.34783, -7.977341], [113.34563, -7.975341], [113.34423, -7.973841], [113.344204, -7.973811], [113.34223, -7.971541], [113.34043, -7.963841], [113.34183, -7.961341], [113.34263, -7.951541], [113.34783, -7.945241], [113.34673, -7.941241], [113.34773, -7.930041], [113.34593, -7.926341], [113.34513, -7.923141], [113.34763, -7.919641], [113.34923, -7.916241], [113.35063, -7.910041], [113.35193, -7.904841], [113.35433, -7.900441], [113.35653, -7.893141], [113.35413, -7.886841], [113.354789, -7.885802], [113.35603, -7.883841], [113.35883, -7.880541], [113.36263, -7.879441], [113.36353, -7.871441], [113.36333, -7.868441], [113.363124, -7.867687], [113.363378, -7.867068], [113.364065, -7.859896], [113.36433, -7.854741], [113.36433, -7.850441], [113.36533, -7.841741], [113.36473, -7.834341], [113.37013, -7.832041], [113.37323, -7.825641], [113.37473, -7.820941], [113.37173, -7.815441], [113.37513, -7.814041], [113.37253, -7.810641], [113.37243, -7.808041], [113.36873, -7.803241], [113.36693, -7.798741], [113.36293, -7.794141], [113.36443, -7.792141], [113.36013, -7.788841], [113.35973, -7.784841], [113.36093, -7.782941], [113.36353, -7.780741], [113.36273, -7.773841], [113.36523, -7.770441], [113.36363, -7.767341], [113.36153, -7.765741], [113.35483, -7.762741], [113.354675, -7.76267], [113.354551, -7.762556], [113.35466, -7.762414], [113.355705, -7.760973], [113.356712, -7.760298], [113.357567, -7.759767], [113.358765, -7.759234], [113.359482, -7.75856], [113.3601, -7.757935], [113.360436, -7.75755], [113.360962, -7.756973], [113.36161, -7.75684], [113.362686, -7.756714], [113.36362, -7.756565], [113.364243, -7.756466], [113.364981, -7.755999], [113.365219, -7.755849], [113.365982, -7.755175], [113.367416, -7.754592], [113.368886, -7.753491], [113.369087, -7.75334], [113.369415, -7.752907], [113.36985, -7.752331], [113.370949, -7.751271], [113.371811, -7.750741], [113.372185, -7.750756], [113.373154, -7.750795], [113.373505, -7.750195], [113.373856, -7.749237], [113.373528, -7.748722], [113.372998, -7.748678], [113.372993, -7.748677], [113.372803, -7.747722], [113.372919, -7.747295], [113.373238, -7.746131], [113.374184, -7.744093], [113.375267, -7.742638], [113.376221, -7.741572], [113.376022, -7.740863], [113.376194, -7.740539], [113.376404, -7.740144], [113.377213, -7.739661], [113.37793, -7.738987], [113.379066, -7.738205], [113.379555, -7.737735], [113.379852, -7.737511], [113.3797, -7.737925], [113.379713, -7.738104], [113.379745, -7.738546], [113.379868, -7.738641], [113.380157, -7.738209], [113.38019, -7.73807], [113.380219, -7.737947], [113.380867, -7.737487], [113.381393, -7.736815], [113.381729, -7.73643], [113.381966, -7.736046], [113.382156, -7.735806], [113.382347, -7.735566], [113.382629, -7.735421], [113.382874, -7.735371], [113.383019, -7.735371], [113.383301, -7.735608], [113.3834, -7.736085], [113.38343, -7.736167], [113.383369, -7.736267], [113.383499, -7.737223], [113.383743, -7.738537]]]}}, {"type": "Feature", "properties": {"objectid_1": 4312, "objectid": 4283, "kode_prov": 35, "nama_das": "", "luas_ha": 4.62, "kel_m": 819.0, "prioritas_": 0, "kd_tematik": "DAS", "kd_region": 2, "kd_lintas": 1, "kd_das": "DAS211137", "wil_kerja": "BPDAS SAMPEAN", "kd_urutdas": 1137, "globalid": "{15D382DE-4C94-416A-B13C-E575E37C8647}", "st_area_sh": 3.79e-06, "st_length_": 0.00742078, "st_area(sh": 3.789951516e-06, "st_length(": 0.007420780096861}, "geometry": {"type": "Polygon", "coordinates": [[[113.579109, -8.441955], [113.578743, -8.44213], [113.578575, -8.441671], [113.57827, -8.441359], [113.578156, -8.441049], [113.578156, -8.440537], [113.578865, -8.440024], [113.579735, -8.439869], [113.580032, -8.439812], [113.580421, -8.440329], [113.580551, -8.441107], [113.58033, -8.441473], [113.579941, -8.441626], [113.579529, -8.44172], [113.579109, -8.441955]]]}}, {"type": "Feature", "properties": {"objectid_1": 4331, "objectid": 4274, "kode_prov": 35, "nama_das": "BONDOYODO", "luas_ha": 131565.29, "kel_m": 193083.0, "prioritas_": 0, "kd_tematik": "DAS", "kd_region": 2, "kd_lintas": 2, "kd_das": "DAS220447", "wil_kerja": "BPDAS SAMPEAN", "kd_urutdas": 447, "globalid": "{B8410B6F-B035-4009-9EB7-13819F1D32C6}", "st_area_sh": 0.10785251, "st_length_": 1.74872506, "st_area(sh": 0.107852507197049, "st_length(": 1.748725057761178}, "geometry": {"type": "Polygon", "coordinates": [[[113.27893, -7.947941], [113.28463, -7.951341], [113.28893, -7.951241], [113.29273, -7.951241], [113.29753, -7.954341], [113.30463, -7.955441], [113.31123, -7.962641], [113.31813, -7.966541], [113.32183, -7.968741], [113.32823, -7.969841], [113.329055, -7.970525], [113.329055, -7.970525], [113.329744, -7.970588], [113.332276, -7.972199], [113.334694, -7.972314], [113.33665, -7.973005], [113.339413, -7.972775], [113.341599, -7.973811], [113.343326, -7.973811], [113.344204, -7.973811], [113.34423, -7.973841], [113.34563, -7.975341], [113.34783, -7.977341], [113.36003, -7.980841], [113.36003, -7.980841], [113.36563, -7.977241], [113.37013, -7.978341], [113.38173, -7.978141], [113.38173, -7.978141], [113.38493, -7.974741], [113.38843, -7.973441], [113.39213, -7.974741], [113.39883, -7.974441], [113.40193, -7.975441], [113.40493, -7.977941], [113.41133, -7.978641], [113.41313, -7.983741], [113.41803, -7.983941], [113.42323, -7.982141], [113.43063, -7.984441], [113.43523, -7.988741], [113.43763, -7.991241], [113.44113, -7.993841], [113.44873, -7.999141], [113.45153, -8.005941], [113.45343, -8.014941], [113.45343, -8.014941], [113.454005, -8.017034], [113.454565, -8.01961], [113.455243, -8.021353], [113.455243, -8.021354], [113.45863, -8.023841], [113.46423, -8.026241], [113.47093, -8.026141], [113.47603, -8.026341], [113.47603, -8.026341], [113.47863, -8.024441], [113.48643, -8.024741], [113.48643, -8.024741], [113.48913, -8.023141], [113.49513, -8.020641], [113.50123, -8.022841], [113.50603, -8.021241], [113.50963, -8.018741], [113.52263, -8.022141], [113.52673, -8.022941], [113.53013, -8.023841], [113.53513, -8.023641], [113.54343, -8.023941], [113.55023, -8.023641], [113.553476, -8.024154], [113.553111, -8.024911], [113.552169, -8.026548], [113.550354, -8.028502], [113.546725, -8.030177], [113.542817, -8.032829], [113.541561, -8.035202], [113.539188, -8.038831], [113.533334, -8.040743], [113.529895, -8.041808], [113.525281, -8.041911], [113.522131, -8.042216], [113.51839, -8.04246], [113.516002, -8.042015], [113.514676, -8.042356], [113.511934, -8.041606], [113.508009, -8.042186], [113.503734, -8.040785], [113.500105, -8.041623], [113.497035, -8.041065], [113.491172, -8.040785], [113.489973, -8.042142], [113.48692, -8.0496], [113.483788, -8.052425], [113.481797, -8.054075], [113.479201, -8.053576], [113.476998, -8.05565], [113.472079, -8.057499], [113.468852, -8.056903], [113.466804, -8.057609], [113.466574, -8.061201], [113.466681, -8.064261], [113.463031, -8.073333], [113.457716, -8.081064], [113.455408, -8.084446], [113.452616, -8.089116], [113.444134, -8.102913], [113.440859, -8.10855], [113.436779, -8.115583], [113.431894, -8.123957], [113.428458, -8.129648], [113.426043, -8.133728], [113.424102, -8.136828], [113.424684, -8.137106], [113.426207, -8.138303], [113.425988, -8.138771], [113.424592, -8.144494], [113.424592, -8.150635], [113.422778, -8.154962], [113.419009, -8.160546], [113.414403, -8.166548], [113.412309, -8.171293], [113.406028, -8.180645], [113.401422, -8.189997], [113.397514, -8.19893], [113.391791, -8.207584], [113.386906, -8.217215], [113.382858, -8.223776], [113.379647, -8.229498], [113.377554, -8.233965], [113.376856, -8.23899], [113.374343, -8.2422], [113.369318, -8.24555], [113.36737, -8.248046], [113.366108, -8.253646], [113.364712, -8.259927], [113.36555, -8.264114], [113.364433, -8.270814], [113.363177, -8.275979], [113.360664, -8.283237], [113.359269, -8.288262], [113.358292, -8.292728], [113.357314, -8.29538], [113.354523, -8.300684], [113.352708, -8.304593], [113.35103, -8.308841], [113.34923, -8.312941], [113.346683, -8.315956], [113.345392, -8.318069], [113.343451, -8.320642], [113.341512, -8.323712], [113.339169, -8.327186], [113.338054, -8.329487], [113.337987, -8.32957], [113.336382, -8.328178], [113.334938, -8.326924], [113.331558, -8.323835], [113.327217, -8.321111], [113.322639, -8.31767], [113.318176, -8.314707], [113.314568, -8.312575], [113.311974, -8.311395], [113.307518, -8.308551], [113.304611, -8.307123], [113.303902, -8.306187], [113.303421, -8.305847], [113.303322, -8.30591], [113.302376, -8.306165], [113.301376, -8.305358], [113.297043, -8.30335], [113.290245, -8.300048], [113.28447, -8.297391], [113.283822, -8.297108], [113.282889, -8.296699], [113.282976, -8.296491], [113.283365, -8.294619], [113.28219, -8.290772], [113.281817, -8.285555], [113.28093, -8.279841], [113.28103, -8.274841], [113.27803, -8.270741], [113.27933, -8.268841], [113.28013, -8.264541], [113.28043, -8.261741], [113.27853, -8.258341], [113.28013, -8.251641], [113.28023, -8.249041], [113.27933, -8.244641], [113.27843, -8.240441], [113.27643, -8.234541], [113.27213, -8.233041], [113.26923, -8.232141], [113.26933, -8.227941], [113.26513, -8.225441], [113.26203, -8.222041], [113.25893, -8.221241], [113.25683, -8.217741], [113.25433, -8.215441], [113.25003, -8.207541], [113.24523, -8.202041], [113.24313, -8.200141], [113.23953, -8.198141], [113.23513, -8.196341], [113.22983, -8.192941], [113.22743, -8.191941], [113.22053, -8.190941], [113.21683, -8.190441], [113.21093, -8.188741], [113.20763, -8.188041], [113.196485, -8.1842], [113.192386, -8.181964], [113.191945, -8.181918], [113.19043, -8.180941], [113.18833, -8.177641], [113.18223, -8.177441], [113.17823, -8.176241], [113.17493, -8.172541], [113.17103, -8.174641], [113.16803, -8.173041], [113.16393, -8.175241], [113.15763, -8.173741], [113.15263, -8.172541], [113.15169, -8.172109], [113.149839, -8.17199], [113.142638, -8.170169], [113.14147, -8.169791], [113.139749, -8.169235], [113.13705, -8.168363], [113.132951, -8.165382], [113.129225, -8.162401], [113.124753, -8.159792], [113.121213, -8.15588], [113.11843, -8.151341], [113.11383, -8.149541], [113.10933, -8.147541], [113.10443, -8.141541], [113.09843, -8.138841], [113.09513, -8.136241], [113.08033, -8.137341], [113.07503, -8.135241], [113.06943, -8.130641], [113.06303, -8.129141], [113.05763, -8.125441], [113.05153, -8.123541], [113.04333, -8.118641], [113.04313, -8.115041], [113.04033, -8.112141], [113.03183, -8.111341], [113.03013, -8.108741], [113.02713, -8.106041], [113.02233, -8.104541], [113.01863, -8.104741], [113.01193, -8.102341], [113.00763, -8.097641], [113.00433, -8.095441], [113.003676, -8.094002], [113.003009, -8.092536], [113.002762, -8.092137], [113.001872, -8.0907], [113.000985, -8.089546], [113.000124, -8.088427], [113.000068, -8.088358], [112.999346, -8.087472], [112.998201, -8.086066], [112.996977, -8.083094], [112.996977, -8.080209], [112.99694, -8.080113], [112.995928, -8.077499], [112.993742, -8.074614], [112.991906, -8.07269], [112.989458, -8.071029], [112.987027, -8.069955], [112.98623, -8.068941], [112.986229, -8.068939], [112.98623, -8.068941], [112.983669, -8.066768], [112.981655, -8.065185], [112.980504, -8.060437], [112.978058, -8.056409], [112.966531, -8.037541], [112.96653, -8.037541], [112.96653, -8.037541], [112.961585, -8.031016], [112.961585, -8.031016], [112.95933, -8.028041], [112.95683, -8.026641], [112.95353, -8.024541], [112.94753, -8.024941], [112.93573, -8.026341], [112.93283, -8.029541], [112.92933, -8.031141], [112.92303, -8.031741], [112.92433, -8.029641], [112.92573, -8.021741], [112.92893, -8.017541], [112.92893, -8.017541], [112.93243, -8.013141], [112.93543, -8.006841], [112.93623, -7.999941], [112.93763, -7.994541], [112.94103, -7.988841], [112.94193, -7.984741], [112.94433, -7.985441], [112.94983, -7.986841], [112.96043, -7.984341], [112.96943, -7.980641], [112.97603, -7.979641], [112.97813, -7.976641], [112.97813, -7.976641], [112.98113, -7.974141], [112.98113, -7.974141], [112.98633, -7.969141], [112.98633, -7.969141], [112.99063, -7.965141], [112.99433, -7.958741], [112.99533, -7.954641], [113.00473, -7.956641], [113.01013, -7.957941], [113.01593, -7.960441], [113.02383, -7.961541], [113.02743, -7.966641], [113.03893, -7.969141], [113.05473, -7.971841], [113.05963, -7.974141], [113.05963, -7.974141], [113.06293, -7.970941], [113.07013, -7.972141], [113.07543, -7.973241], [113.08193, -7.972041], [113.08453, -7.972041], [113.08683, -7.972941], [113.09653, -7.974541], [113.10023, -7.977941], [113.10323, -7.979041], [113.10823, -7.976941], [113.11113, -7.978841], [113.124828, -7.977021], [113.12543, -7.976941], [113.12853, -7.977941], [113.13133, -7.979441], [113.13643, -7.979641], [113.14163, -7.979941], [113.14633, -7.982941], [113.14633, -7.982941], [113.15153, -7.980141], [113.15503, -7.976241], [113.15893, -7.975541], [113.16563, -7.976241], [113.16733, -7.972841], [113.17393, -7.969041], [113.17393, -7.969041], [113.18393, -7.960841], [113.184949, -7.960371], [113.18783, -7.959041], [113.20063, -7.957541], [113.20483, -7.953041], [113.21203, -7.950741], [113.21683, -7.952141], [113.22223, -7.951941], [113.22713, -7.951541], [113.23013, -7.947941], [113.23013, -7.947941], [113.23283, -7.945441], [113.23593, -7.947141], [113.23853, -7.948341], [113.24433, -7.949641], [113.24563, -7.953641], [113.24993, -7.955041], [113.24993, -7.955041], [113.25503, -7.949641], [113.26103, -7.948741], [113.26103, -7.948741], [113.26373, -7.945941], [113.26843, -7.945441], [113.27273, -7.943941], [113.27893, -7.947941]]]}}, {"type": "Feature", "properties": {"objectid_1": 4354, "objectid": 4285, "kode_prov": 35, "nama_das": "", "luas_ha": 7862.99, "kel_m": 62601.0, "prioritas_": 0, "kd_tematik": "DAS", "kd_region": 2, "kd_lintas": 1, "kd_das": "DAS211143", "wil_kerja": "BPDAS SAMPEAN", "kd_urutdas": 1143, "globalid": "{205C2976-7098-424A-B86D-29760EE5D7D4}", "st_area_sh": 0.00645124, "st_length_": 0.5671564, "st_area(sh": 0.006451238269942, "st_length(": 0.56715640118124}, "geometry": {"type": "Polygon", "coordinates": [[[113.298645, -8.444856], [113.29924, -8.445103], [113.299637, -8.445103], [113.300331, -8.445152], [113.300873, -8.44545], [113.301125, -8.445647], [113.301422, -8.446093], [113.301666, -8.446341], [113.301765, -8.446836], [113.301765, -8.447231], [113.30159, -8.447499], [113.301521, -8.447547], [113.301682, -8.447948], [113.301979, -8.448006], [113.302307, -8.448051], [113.302322, -8.447855], [113.302528, -8.447855], [113.302872, -8.447855], [113.303169, -8.448103], [113.303421, -8.448449], [113.303467, -8.449043], [113.303513, -8.449241], [113.303764, -8.449439], [113.304062, -8.44929], [113.304306, -8.449093], [113.304604, -8.449241], [113.304955, -8.449736], [113.30555, -8.449984], [113.306435, -8.449984], [113.30703, -8.449884], [113.30748, -8.450181], [113.307869, -8.450479], [113.308418, -8.450379], [113.308662, -8.450083], [113.309113, -8.44934], [113.30941, -8.44934], [113.309998, -8.44929], [113.310349, -8.44929], [113.310516, -8.449342], [113.310417, -8.449449], [113.31118, -8.449566], [113.31208, -8.449804], [113.312126, -8.449835], [113.312622, -8.45028], [113.31282, -8.450627], [113.313271, -8.451221], [113.313568, -8.451419], [113.313858, -8.451715], [113.314308, -8.452112], [113.31485, -8.45231], [113.315399, -8.452409], [113.315941, -8.452458], [113.316338, -8.452558], [113.317078, -8.452706], [113.317818, -8.452854], [113.32119, -8.452657], [113.322227, -8.452904], [113.323318, -8.453003], [113.323761, -8.453003], [113.3246, -8.453003], [113.325195, -8.452854], [113.32579, -8.452706], [113.326332, -8.45226], [113.326584, -8.451864], [113.326881, -8.451369], [113.327179, -8.450677], [113.327522, -8.449934], [113.327866, -8.449439], [113.328362, -8.449093], [113.328857, -8.448747], [113.329453, -8.448499], [113.331039, -8.448202], [113.331635, -8.448153], [113.332077, -8.448103], [113.33297, -8.448598], [113.333313, -8.449043], [113.333565, -8.449489], [113.333809, -8.450231], [113.334106, -8.450974], [113.33445, -8.451617], [113.334847, -8.452112], [113.335396, -8.452558], [113.335884, -8.452706], [113.336479, -8.452755], [113.337029, -8.452755], [113.337769, -8.452755], [113.338509, -8.452657], [113.33886, -8.452755], [113.339996, -8.453349], [113.340294, -8.453597], [113.340591, -8.453943], [113.34079, -8.454438], [113.340988, -8.454983], [113.341034, -8.455379], [113.341331, -8.455923], [113.34153, -8.456369], [113.341782, -8.456815], [113.342072, -8.457358], [113.342522, -8.457557], [113.343117, -8.457557], [113.343758, -8.457656], [113.344101, -8.457606], [113.344498, -8.457012], [113.344696, -8.456616], [113.344849, -8.455923], [113.344948, -8.455527], [113.34539, -8.455082], [113.345886, -8.454983], [113.346382, -8.454983], [113.346626, -8.454983], [113.347008, -8.45484], [113.347069, -8.454871], [113.347374, -8.454929], [113.347969, -8.454986], [113.34845, -8.454923], [113.348633, -8.454682], [113.349113, -8.4545], [113.349709, -8.454258], [113.349525, -8.453541], [113.349106, -8.452956], [113.349106, -8.452805], [113.349403, -8.452458], [113.349602, -8.451963], [113.349747, -8.451468], [113.35009, -8.451073], [113.35054, -8.450974], [113.351036, -8.450874], [113.351578, -8.450578], [113.351921, -8.449835], [113.352119, -8.44934], [113.352516, -8.449043], [113.352966, -8.448796], [113.353462, -8.448747], [113.354103, -8.44929], [113.357025, -8.450874], [113.35762, -8.45132], [113.358109, -8.451716], [113.358658, -8.452162], [113.3592, -8.452229], [113.359177, -8.452324], [113.35923, -8.452707], [113.359886, -8.452926], [113.360436, -8.452926], [113.361092, -8.452926], [113.361534, -8.452926], [113.361969, -8.452871], [113.362793, -8.452762], [113.363449, -8.452762], [113.363945, -8.452762], [113.364212, -8.452598], [113.364326, -8.452324], [113.364326, -8.45231], [113.364746, -8.45231], [113.36544, -8.452063], [113.365837, -8.451568], [113.366478, -8.450924], [113.367867, -8.450231], [113.368256, -8.450429], [113.368454, -8.450825], [113.368454, -8.451172], [113.368454, -8.451518], [113.368156, -8.451963], [113.368027, -8.452281], [113.367554, -8.452324], [113.36734, -8.452653], [113.367279, -8.452981], [113.367279, -8.453419], [113.367279, -8.453802], [113.367607, -8.45435], [113.368103, -8.455062], [113.368431, -8.455555], [113.368813, -8.455938], [113.369034, -8.455993], [113.369362, -8.455993], [113.369514, -8.455814], [113.369598, -8.455873], [113.370041, -8.456221], [113.370583, -8.456567], [113.37088, -8.456815], [113.371079, -8.45721], [113.371231, -8.457754], [113.371323, -8.457902], [113.371277, -8.458184], [113.371391, -8.458622], [113.371719, -8.458786], [113.372101, -8.458732], [113.372162, -8.458177], [113.372513, -8.458101], [113.372864, -8.457656], [113.373108, -8.457259], [113.373802, -8.457111], [113.374695, -8.45721], [113.374992, -8.457458], [113.375237, -8.457903], [113.375336, -8.458151], [113.375542, -8.458307], [113.375496, -8.458348], [113.375496, -8.458423], [113.375778, -8.458625], [113.376503, -8.458859], [113.376648, -8.458869], [113.376648, -8.458596], [113.376724, -8.458596], [113.376968, -8.458151], [113.377022, -8.457458], [113.377319, -8.457111], [113.377762, -8.456716], [113.378754, -8.45632], [113.37925, -8.456616], [113.379646, -8.457161], [113.380333, -8.457408], [113.380684, -8.457309], [113.381226, -8.457259], [113.381676, -8.457754], [113.381874, -8.458101], [113.382164, -8.458398], [113.382614, -8.458348], [113.383057, -8.457903], [113.383308, -8.457507], [113.383705, -8.457309], [113.384148, -8.457062], [113.384544, -8.456913], [113.38504, -8.456815], [113.385635, -8.456815], [113.386223, -8.457111], [113.386574, -8.457309], [113.386971, -8.457606], [113.387314, -8.457507], [113.387566, -8.457062], [113.387856, -8.456765], [113.388153, -8.456765], [113.388603, -8.456765], [113.388802, -8.456517], [113.388901, -8.455775], [113.388847, -8.45528], [113.388947, -8.454488], [113.389298, -8.453943], [113.38974, -8.453597], [113.390137, -8.453399], [113.391274, -8.453399], [113.391922, -8.453696], [113.39296, -8.454241], [113.393158, -8.454704], [113.393776, -8.455406], [113.394157, -8.455589], [113.394279, -8.455466], [113.39444, -8.455478], [113.394791, -8.455132], [113.395332, -8.454686], [113.395927, -8.454537], [113.396523, -8.454587], [113.397659, -8.455181], [113.397957, -8.455379], [113.398499, -8.456072], [113.398697, -8.456716], [113.399246, -8.456963], [113.39959, -8.456963], [113.400681, -8.457408], [113.401176, -8.458002], [113.401672, -8.458596], [113.402061, -8.459141], [113.402359, -8.459636], [113.402512, -8.46018], [113.402512, -8.460922], [113.402512, -8.461467], [113.403107, -8.461863], [113.40345, -8.462011], [113.403648, -8.462358], [113.403648, -8.462705], [113.403648, -8.4631], [113.403305, -8.463546], [113.403503, -8.464883], [113.403587, -8.465279], [113.403923, -8.465925], [113.404251, -8.466455], [113.404587, -8.466416], [113.404938, -8.46607], [113.405182, -8.465723], [113.405533, -8.465377], [113.405876, -8.465228], [113.406319, -8.465327], [113.40657, -8.465674], [113.406616, -8.466268], [113.406616, -8.46701], [113.40657, -8.467654], [113.406372, -8.468248], [113.406219, -8.468793], [113.405975, -8.469337], [113.405479, -8.469634], [113.404816, -8.469792], [113.404434, -8.470406], [113.404495, -8.471123], [113.404655, -8.471315], [113.404739, -8.471382], [113.404747, -8.471367], [113.404839, -8.471416], [113.40538, -8.471564], [113.406273, -8.471268], [113.407112, -8.470674], [113.407707, -8.46998], [113.4086, -8.468694], [113.408997, -8.468149], [113.409439, -8.467505], [113.409882, -8.46701], [113.410728, -8.466714], [113.411224, -8.466911], [113.412506, -8.468495], [113.412903, -8.469139], [113.413094, -8.469403], [113.413437, -8.469632], [113.41362, -8.469931], [113.414703, -8.470162], [113.41584, -8.470037], [113.416183, -8.469822], [113.416191, -8.469794], [113.416084, -8.469624], [113.416519, -8.469139], [113.416763, -8.468495], [113.416763, -8.467802], [113.416916, -8.467654], [113.417412, -8.467901], [113.417709, -8.468149], [113.418152, -8.468298], [113.418991, -8.468446], [113.41954, -8.468495], [113.420227, -8.468694], [113.420479, -8.46909], [113.420479, -8.469337], [113.420326, -8.469634], [113.419983, -8.470079], [113.41954, -8.470624], [113.418991, -8.471317], [113.418495, -8.471763], [113.418053, -8.472357], [113.417709, -8.472951], [113.417412, -8.473643], [113.417061, -8.474039], [113.416718, -8.474484], [113.416321, -8.474683], [113.415924, -8.474683], [113.415482, -8.474683], [113.414986, -8.474534], [113.414536, -8.474435], [113.414238, -8.474286], [113.41404, -8.47394], [113.414291, -8.473395], [113.414291, -8.473049], [113.413948, -8.472707], [113.413277, -8.472742], [113.413155, -8.472982], [113.413025, -8.473465], [113.413055, -8.473544], [113.413101, -8.473643], [113.413101, -8.474089], [113.413002, -8.474633], [113.412758, -8.474979], [113.411621, -8.475079], [113.41127, -8.475227], [113.411072, -8.475623], [113.410973, -8.476267], [113.410873, -8.47686], [113.410774, -8.477306], [113.410576, -8.477801], [113.410278, -8.479286], [113.410278, -8.47988], [113.410332, -8.480523], [113.41053, -8.481018], [113.410728, -8.481513], [113.410774, -8.482107], [113.410774, -8.482998], [113.410774, -8.483839], [113.410629, -8.484483], [113.410477, -8.485126], [113.410332, -8.485721], [113.410133, -8.486116], [113.40979, -8.486315], [113.409096, -8.486512], [113.409164, -8.487175], [113.409225, -8.487653], [113.410194, -8.488603], [113.410675, -8.489437], [113.410576, -8.489927], [113.410576, -8.490274], [113.410332, -8.49067], [113.410034, -8.490868], [113.409538, -8.491165], [113.409142, -8.491561], [113.408798, -8.492006], [113.40815, -8.492353], [113.407661, -8.4926], [113.407211, -8.4926], [113.406868, -8.492304], [113.406815, -8.491907], [113.406273, -8.491264], [113.405479, -8.491016], [113.405083, -8.491016], [113.40464, -8.491016], [113.404243, -8.490472], [113.404152, -8.490432], [113.404274, -8.490153], [113.404327, -8.489614], [113.404205, -8.489197], [113.403961, -8.48884], [113.403725, -8.488841], [113.403664, -8.48938], [113.403549, -8.489679], [113.403191, -8.489801], [113.40271, -8.489625], [113.40271, -8.490043], [113.403221, -8.49036], [113.403206, -8.490373], [113.403206, -8.490917], [113.403252, -8.491412], [113.403603, -8.491907], [113.403748, -8.492155], [113.403748, -8.492312], [113.403748, -8.492551], [113.403305, -8.492749], [113.403038, -8.493014], [113.402954, -8.493095], [113.402809, -8.493491], [113.402657, -8.493789], [113.402161, -8.493888], [113.402008, -8.49395], [113.401672, -8.494085], [113.401276, -8.49458], [113.400879, -8.494976], [113.400528, -8.495274], [113.400032, -8.495472], [113.399643, -8.495521], [113.399147, -8.49562], [113.398857, -8.495598], [113.398499, -8.49557], [113.397911, -8.495125], [113.397568, -8.49484], [113.397263, -8.49458], [113.396667, -8.494184], [113.395874, -8.493739], [113.394836, -8.493343], [113.394295, -8.493343], [113.393944, -8.49364], [113.3936, -8.494234], [113.393204, -8.495125], [113.39286, -8.494878], [113.392509, -8.49458], [113.392113, -8.494234], [113.391525, -8.493789], [113.391174, -8.493343], [113.390633, -8.493343], [113.390335, -8.493442], [113.39077, -8.493864], [113.390892, -8.494341], [113.390656, -8.494821], [113.390358, -8.495301], [113.389793, -8.495224], [113.389442, -8.495224], [113.388802, -8.495224], [113.388306, -8.495274], [113.387856, -8.49557], [113.387566, -8.495669], [113.387466, -8.495669], [113.387169, -8.495669], [113.386772, -8.495669], [113.386757, -8.495624], [113.386574, -8.495125], [113.386177, -8.494779], [113.385735, -8.495075], [113.385582, -8.495472], [113.385284, -8.495769], [113.384888, -8.495967], [113.384544, -8.496065], [113.384094, -8.496065], [113.383255, -8.495917], [113.382614, -8.495868], [113.382065, -8.495818], [113.381378, -8.495868], [113.380638, -8.496496], [113.379677, -8.496801], [113.379021, -8.496805], [113.378456, -8.49656], [113.377907, -8.49661], [113.377518, -8.496808], [113.377167, -8.497154], [113.376823, -8.49755], [113.376572, -8.497797], [113.376228, -8.497995], [113.375931, -8.498095], [113.375633, -8.497452], [113.375389, -8.496907], [113.374542, -8.496758], [113.374146, -8.497055], [113.373856, -8.497402], [113.373657, -8.497946], [113.373505, -8.498441], [113.373207, -8.498936], [113.372665, -8.499332], [113.371971, -8.499332], [113.371643, -8.499434], [113.371178, -8.499579], [113.370583, -8.499579], [113.369988, -8.499679], [113.3694, -8.499975], [113.369202, -8.50052], [113.36895, -8.50052], [113.368309, -8.500174], [113.368111, -8.49953], [113.368011, -8.498985], [113.367218, -8.49849], [113.366577, -8.49854], [113.365982, -8.499035], [113.365639, -8.499629], [113.365585, -8.500817], [113.365486, -8.501213], [113.365089, -8.50146], [113.364594, -8.50151], [113.364052, -8.501064], [113.363709, -8.500569], [113.36367, -8.500552], [113.36306, -8.500273], [113.362465, -8.499926], [113.362068, -8.499332], [113.361328, -8.498738], [113.360779, -8.499128], [113.360237, -8.499431], [113.359642, -8.499852], [113.358864, -8.500634], [113.358208, -8.500877], [113.357544, -8.50124], [113.356873, -8.501559], [113.355537, -8.501857], [113.354698, -8.501906], [113.353951, -8.501955], [113.352814, -8.501955], [113.351975, -8.502401], [113.351776, -8.502847], [113.351776, -8.503342], [113.351776, -8.503837], [113.35173, -8.504282], [113.351578, -8.504727], [113.351135, -8.504926], [113.350586, -8.504975], [113.350494, -8.50488], [113.350288, -8.504678], [113.350105, -8.504306], [113.350044, -8.504183], [113.3498, -8.503391], [113.349548, -8.502698], [113.349007, -8.502401], [113.34861, -8.5025], [113.348412, -8.502797], [113.34816, -8.502995], [113.347862, -8.502995], [113.347473, -8.502748], [113.346825, -8.502153], [113.346085, -8.501906], [113.345543, -8.501906], [113.345146, -8.501906], [113.344452, -8.501906], [113.343414, -8.501312], [113.342766, -8.501263], [113.342171, -8.500718], [113.34153, -8.500273], [113.340439, -8.499876], [113.339798, -8.499876], [113.339554, -8.500223], [113.339554, -8.50052], [113.3395, -8.500965], [113.339264, -8.501252], [113.339256, -8.501263], [113.338905, -8.501658], [113.338661, -8.501807], [113.33831, -8.501906], [113.337769, -8.501955], [113.337471, -8.501955], [113.337364, -8.501796], [113.337173, -8.50151], [113.337128, -8.501163], [113.336479, -8.500916], [113.335983, -8.501015], [113.335541, -8.501064], [113.334702, -8.501114], [113.333763, -8.50146], [113.333069, -8.501857], [113.33242, -8.502153], [113.331924, -8.5025], [113.331581, -8.502896], [113.330986, -8.503242], [113.330643, -8.502995], [113.330643, -8.50245], [113.330147, -8.502253], [113.329697, -8.502748], [113.329651, -8.503094], [113.329353, -8.503242], [113.328659, -8.503242], [113.327866, -8.503242], [113.327026, -8.503242], [113.326485, -8.503143], [113.325691, -8.502748], [113.324654, -8.5025], [113.323708, -8.502698], [113.32338, -8.50303], [113.32312, -8.503292], [113.322571, -8.503737], [113.322227, -8.504183], [113.321732, -8.504579], [113.321274, -8.504844], [113.321159, -8.505074], [113.320854, -8.505337], [113.320374, -8.505337], [113.319893, -8.505205], [113.31958, -8.504986], [113.319016, -8.504986], [113.318527, -8.505118], [113.318176, -8.505513], [113.317917, -8.505645], [113.317566, -8.505645], [113.317513, -8.50566], [113.317253, -8.505732], [113.316994, -8.505952], [113.316467, -8.50604], [113.316025, -8.50604], [113.315765, -8.505952], [113.315498, -8.505689], [113.315147, -8.505381], [113.314583, -8.505118], [113.31414, -8.505337], [113.313919, -8.505776], [113.313393, -8.506391], [113.313004, -8.506433], [113.312515, -8.506433], [113.311684, -8.506873], [113.311729, -8.507443], [113.311752, -8.507692], [113.311775, -8.507838], [113.311775, -8.508233], [113.311424, -8.508716], [113.310982, -8.508935], [113.310326, -8.509155], [113.309845, -8.509111], [113.309799, -8.508891], [113.309929, -8.508452], [113.310326, -8.508233], [113.310585, -8.507882], [113.310501, -8.507356], [113.31015, -8.50718], [113.309845, -8.506785], [113.309975, -8.506258], [113.310326, -8.505907], [113.310455, -8.505513], [113.310394, -8.505264], [113.310684, -8.504948], [113.311043, -8.504886], [113.311462, -8.504884], [113.31218, -8.50452], [113.311882, -8.504045], [113.31163, -8.503328], [113.311752, -8.50267], [113.311989, -8.50225], [113.312347, -8.501829], [113.312889, -8.501706], [113.313484, -8.501045], [113.31414, -8.500981], [113.314499, -8.50074], [113.313896, -8.500266], [113.313355, -8.49997], [113.312874, -8.499255], [113.312691, -8.499436], [113.312637, -8.499914], [113.312637, -8.500512], [113.312164, -8.501053], [113.311623, -8.501176], [113.310959, -8.50118], [113.310242, -8.501304], [113.309761, -8.501785], [113.309708, -8.502144], [113.310013, -8.502859], [113.310074, -8.503397], [113.310081, -8.504174], [113.309898, -8.504539], [113.309402, -8.504503], [113.309006, -8.504766], [113.308479, -8.505161], [113.307999, -8.505732], [113.307869, -8.506258], [113.308044, -8.506829], [113.308128, -8.507224], [113.308083, -8.507751], [113.307823, -8.508277], [113.307343, -8.508803], [113.306854, -8.508803], [113.306641, -8.508716], [113.306503, -8.508581], [113.30629, -8.508365], [113.306023, -8.507926], [113.305588, -8.507531], [113.304924, -8.507356], [113.304443, -8.5074], [113.303917, -8.507531], [113.303566, -8.508058], [113.303352, -8.508084], [113.303215, -8.508101], [113.303093, -8.508078], [113.302994, -8.508058], [113.302734, -8.507663], [113.302643, -8.50718], [113.302994, -8.50604], [113.303345, -8.505864], [113.303833, -8.505776], [113.304268, -8.505425], [113.304398, -8.50503], [113.304398, -8.504547], [113.304268, -8.504152], [113.303787, -8.503626], [113.303131, -8.503582], [113.302818, -8.50367], [113.302292, -8.504503], [113.301895, -8.504547], [113.301506, -8.504766], [113.30146, -8.504761], [113.301155, -8.504723], [113.300751, -8.504483], [113.300713, -8.50417], [113.300705, -8.503572], [113.300339, -8.502917], [113.29998, -8.50262], [113.299019, -8.502925], [113.298599, -8.503226], [113.298065, -8.503469], [113.297462, -8.503472], [113.297791, -8.504386], [113.29747, -8.504416], [113.297119, -8.504723], [113.297089, -8.505114], [113.297073, -8.505381], [113.297028, -8.505732], [113.296852, -8.506127], [113.296631, -8.506609], [113.296417, -8.507092], [113.296021, -8.507926], [113.295624, -8.507926], [113.295189, -8.507926], [113.294617, -8.507882], [113.294136, -8.507619], [113.293915, -8.507224], [113.294136, -8.506698], [113.294655, -8.506457], [113.294701, -8.506433], [113.295097, -8.506258], [113.29512, -8.506009], [113.295349, -8.505992], [113.295509, -8.505778], [113.295509, -8.505564], [113.295509, -8.505296], [113.295509, -8.505028], [113.295136, -8.504331], [113.294815, -8.504437], [113.294594, -8.504813], [113.294579, -8.50495], [113.29435, -8.50481], [113.293869, -8.50481], [113.293739, -8.504459], [113.293633, -8.504451], [113.293633, -8.504437], [113.293579, -8.503955], [113.293472, -8.50374], [113.292938, -8.503366], [113.292618, -8.503312], [113.29245, -8.50358], [113.292419, -8.503761], [113.29216, -8.503642], [113.291542, -8.503363], [113.291283, -8.503407], [113.291016, -8.503714], [113.290993, -8.503817], [113.290833, -8.50463], [113.29071, -8.505249], [113.290665, -8.505732], [113.29036, -8.505776], [113.29023, -8.505776], [113.29023, -8.505469], [113.29023, -8.505118], [113.290184, -8.504591], [113.290009, -8.504152], [113.289833, -8.503889], [113.289612, -8.503845], [113.289566, -8.503582], [113.289612, -8.503363], [113.289879, -8.503056], [113.290092, -8.502924], [113.290268, -8.502748], [113.290276, -8.502727], [113.290306, -8.502776], [113.29052, -8.503044], [113.290688, -8.503098], [113.290848, -8.50299], [113.290848, -8.502776], [113.290848, -8.502454], [113.290573, -8.501971], [113.290306, -8.501328], [113.289986, -8.501328], [113.289772, -8.501489], [113.289764, -8.501604], [113.289482, -8.501476], [113.289391, -8.501493], [113.289345, -8.501167], [113.289024, -8.501167], [113.288597, -8.500899], [113.288536, -8.500738], [113.288269, -8.500363], [113.287949, -8.50031], [113.287842, -8.500525], [113.287811, -8.500642], [113.287727, -8.500642], [113.287376, -8.500817], [113.287155, -8.501256], [113.287025, -8.501783], [113.286934, -8.502178], [113.286629, -8.502441], [113.286324, -8.502441], [113.286278, -8.502354], [113.286453, -8.501695], [113.286675, -8.501388], [113.28685, -8.501037], [113.287025, -8.500686], [113.287025, -8.500506], [113.287025, -8.500291], [113.287025, -8.499852], [113.28685, -8.499545], [113.286629, -8.499282], [113.286186, -8.499019], [113.285576, -8.498799], [113.285271, -8.498624], [113.284874, -8.498361], [113.283997, -8.497746], [113.28334, -8.497483], [113.282547, -8.49757], [113.28215, -8.497877], [113.281845, -8.498273], [113.281845, -8.498755], [113.281975, -8.499194], [113.282288, -8.499457], [113.282318, -8.499544], [113.282417, -8.499808], [113.282417, -8.500028], [113.282021, -8.500159], [113.281624, -8.500115], [113.281235, -8.500072], [113.281036, -8.500072], [113.280838, -8.500072], [113.280487, -8.49994], [113.280396, -8.499633], [113.280357, -8.499326], [113.280182, -8.498975], [113.280006, -8.498975], [113.279564, -8.49915], [113.279388, -8.499633], [113.279343, -8.500028], [113.279167, -8.500247], [113.278954, -8.500203], [113.278732, -8.500028], [113.278862, -8.499633], [113.278687, -8.499413], [113.278381, -8.498931], [113.278069, -8.498536], [113.277542, -8.498273], [113.276886, -8.497834], [113.27636, -8.497615], [113.275833, -8.497307], [113.275352, -8.497175], [113.274956, -8.497175], [113.274651, -8.497175], [113.274078, -8.497175], [113.273468, -8.497], [113.2733, -8.496937], [113.273155, -8.497125], [113.272911, -8.497372], [113.27272, -8.497609], [113.272713, -8.49762], [113.272369, -8.497916], [113.271576, -8.497916], [113.271278, -8.497817], [113.270981, -8.497669], [113.27063, -8.497718], [113.270142, -8.497718], [113.269691, -8.49752], [113.269295, -8.497174], [113.268997, -8.496976], [113.268799, -8.496729], [113.268654, -8.496332], [113.268654, -8.495936], [113.2686, -8.495491], [113.26857, -8.495131], [113.268768, -8.494852], [113.269066, -8.494431], [113.269478, -8.493951], [113.269775, -8.493411], [113.269836, -8.492872], [113.269951, -8.492633], [113.270012, -8.492154], [113.270065, -8.491735], [113.269714, -8.492216], [113.269592, -8.492874], [113.269539, -8.493412], [113.26918, -8.493953], [113.268944, -8.494312], [113.268646, -8.494614], [113.268494, -8.494705], [113.26841, -8.494402], [113.268211, -8.494056], [113.26786, -8.493709], [113.267616, -8.493362], [113.267517, -8.493066], [113.267418, -8.492669], [113.267365, -8.492373], [113.267365, -8.491878], [113.267662, -8.491679], [113.268211, -8.491679], [113.268852, -8.491482], [113.268997, -8.491283], [113.269348, -8.490888], [113.269844, -8.490838], [113.270287, -8.490838], [113.270584, -8.490788], [113.270782, -8.490541], [113.270782, -8.490442], [113.270683, -8.490095], [113.27034, -8.489898], [113.269844, -8.489848], [113.269295, -8.489749], [113.268654, -8.489699], [113.26796, -8.489749], [113.267464, -8.489799], [113.267021, -8.489848], [113.266624, -8.489848], [113.265884, -8.489799], [113.265488, -8.489699], [113.265137, -8.489552], [113.264694, -8.489156], [113.26474, -8.488512], [113.264893, -8.488314], [113.264938, -8.488067], [113.264893, -8.487572], [113.264496, -8.487175], [113.263954, -8.487126], [113.263504, -8.487077], [113.263359, -8.486829], [113.263405, -8.486483], [113.263657, -8.485938], [113.263954, -8.485493], [113.264298, -8.485047], [113.264595, -8.484601], [113.265038, -8.484156], [113.265236, -8.48376], [113.265335, -8.483017], [113.26519, -8.482572], [113.264992, -8.482225], [113.264839, -8.482027], [113.264694, -8.48178], [113.264694, -8.481532], [113.264839, -8.481187], [113.265236, -8.480889], [113.265785, -8.48084], [113.266029, -8.480543], [113.266426, -8.480196], [113.267021, -8.478315], [113.267067, -8.477573], [113.26722, -8.477177], [113.267418, -8.47683], [113.267616, -8.476336], [113.267715, -8.475989], [113.26786, -8.475395], [113.26786, -8.474751], [113.267815, -8.474058], [113.267815, -8.473514], [113.268112, -8.47292], [113.268311, -8.472475], [113.268509, -8.47198], [113.268799, -8.471535], [113.269196, -8.471089], [113.269447, -8.470792], [113.269844, -8.470396], [113.26989, -8.469109], [113.269814, -8.468745], [113.269272, -8.468364], [113.26915, -8.468125], [113.26915, -8.467707], [113.269325, -8.467347], [113.269745, -8.467225], [113.269836, -8.467192], [113.270584, -8.466921], [113.271118, -8.466559], [113.272263, -8.465895], [113.272797, -8.465414], [113.273216, -8.464753], [113.273628, -8.464213], [113.274109, -8.463792], [113.274521, -8.463375], [113.274689, -8.463367], [113.27578, -8.463367], [113.277267, -8.463367], [113.277763, -8.463367], [113.278748, -8.463417], [113.281822, -8.463367], [113.282608, -8.463367], [113.283005, -8.463367], [113.2836, -8.463367], [113.284348, -8.463367], [113.284691, -8.463268], [113.285332, -8.463021], [113.285881, -8.462823], [113.286423, -8.462575], [113.28672, -8.462378], [113.287262, -8.46208], [113.287514, -8.461684], [113.287544, -8.461475], [113.288086, -8.46114], [113.288681, -8.460478], [113.289635, -8.459636], [113.290054, -8.459334], [113.290352, -8.459452], [113.290237, -8.459931], [113.290184, -8.460469], [113.290367, -8.461126], [113.290909, -8.461362], [113.291389, -8.46118], [113.29174, -8.46052], [113.291382, -8.459805], [113.291138, -8.459507], [113.290955, -8.459209], [113.290833, -8.458732], [113.290825, -8.458665], [113.291122, -8.458368], [113.291275, -8.457922], [113.291275, -8.457279], [113.291222, -8.456834], [113.291222, -8.456388], [113.291222, -8.455745], [113.291321, -8.4552], [113.291573, -8.454606], [113.291771, -8.454062], [113.292114, -8.453815], [113.292511, -8.452725], [113.292709, -8.452131], [113.292809, -8.451587], [113.292954, -8.451141], [113.29335, -8.450746], [113.293747, -8.450448], [113.294098, -8.450102], [113.294144, -8.449756], [113.294144, -8.44936], [113.293945, -8.448865], [113.293747, -8.448122], [113.293701, -8.447627], [113.292954, -8.446984], [113.292465, -8.446984], [113.292267, -8.447182], [113.292015, -8.44738], [113.291817, -8.447479], [113.291473, -8.447577], [113.290878, -8.447577], [113.29068, -8.447231], [113.29068, -8.446786], [113.290779, -8.446291], [113.290924, -8.445994], [113.291222, -8.445647], [113.291916, -8.445351], [113.292465, -8.445152], [113.29335, -8.444955], [113.294098, -8.444657], [113.29538, -8.444361], [113.296272, -8.444311], [113.297066, -8.444311], [113.297661, -8.444311], [113.298103, -8.444509], [113.298645, -8.444856]]]}}, {"type": "Feature", "properties": {"objectid_1": 4406, "objectid": 4304, "kode_prov": 35, "nama_das": "", "luas_ha": 13525.32, "kel_m": 52790.0, "prioritas_": 0, "kd_tematik": "DAS", "kd_region": 2, "kd_lintas": 2, "kd_das": "DAS220431", "wil_kerja": "BPDAS SAMPEAN", "kd_urutdas": 431, "globalid": "{C25C7B20-8C05-44D8-B75D-6470D9AFBCE1}", "st_area_sh": 0.01108773, "st_length_": 0.47775275, "st_area(sh": 0.011087733429045, "st_length(": 0.477752745122728}, "geometry": {"type": "Polygon", "coordinates": [[[113.89803, -8.425641], [113.89653, -8.429941], [113.90293, -8.434441], [113.90523, -8.439141], [113.90883, -8.441141], [113.91423, -8.441541], [113.91603, -8.443741], [113.91783, -8.447741], [113.92273, -8.452541], [113.92253, -8.455841], [113.92513, -8.459541], [113.92603, -8.462341], [113.92833, -8.464341], [113.93023, -8.469541], [113.92823, -8.472441], [113.92853, -8.477941], [113.93273, -8.483741], [113.93723, -8.491241], [113.93873, -8.494041], [113.93853, -8.498141], [113.93843, -8.501741], [113.93873, -8.506041], [113.93623, -8.508241], [113.93403, -8.511841], [113.92903, -8.516041], [113.92943, -8.520541], [113.92373, -8.529641], [113.92763, -8.535141], [113.92739, -8.535697], [113.92603, -8.538841], [113.92273, -8.542341], [113.921429, -8.543274], [113.91743, -8.546141], [113.91583, -8.554541], [113.91263, -8.558741], [113.91153, -8.563441], [113.90983, -8.565341], [113.91023, -8.568241], [113.91143, -8.572941], [113.91363, -8.573141], [113.91478, -8.577356], [113.91465, -8.577378], [113.914291, -8.577434], [113.914047, -8.577749], [113.913719, -8.577815], [113.911881, -8.578188], [113.91053, -8.578502], [113.908974, -8.578477], [113.908142, -8.578363], [113.907928, -8.576955], [113.907333, -8.576053], [113.906548, -8.576302], [113.906204, -8.576732], [113.905848, -8.576947], [113.905728, -8.577019], [113.905281, -8.57729], [113.904678, -8.577284], [113.904335, -8.575546], [113.903671, -8.57566], [113.903008, -8.576251], [113.902542, -8.574991], [113.901817, -8.575403], [113.90062, -8.574615], [113.899971, -8.573413], [113.900101, -8.572458], [113.90023, -8.571502], [113.899887, -8.569943], [113.897659, -8.567617], [113.897476, -8.567473], [113.897354, -8.567469], [113.897018, -8.567363], [113.896706, -8.56718], [113.896423, -8.567101], [113.896271, -8.566893], [113.896118, -8.566633], [113.895828, -8.56658], [113.895495, -8.566553], [113.89547, -8.566551], [113.894638, -8.566442], [113.894463, -8.566388], [113.89431, -8.56618], [113.893974, -8.566049], [113.893684, -8.566021], [113.893143, -8.566068], [113.8927, -8.566039], [113.892418, -8.565882], [113.892189, -8.565597], [113.891853, -8.565387], [113.891571, -8.56523], [113.891312, -8.56497], [113.891075, -8.564891], [113.89077, -8.564785], [113.890587, -8.564655], [113.890434, -8.564447], [113.889915, -8.564211], [113.889114, -8.563895], [113.888832, -8.563764], [113.888767, -8.563697], [113.888657, -8.563582], [113.888603, -8.563324], [113.888527, -8.56322], [113.887942, -8.563084], [113.887726, -8.563033], [113.887367, -8.562849], [113.887238, -8.562719], [113.887291, -8.562591], [113.886963, -8.562062], [113.886261, -8.562222], [113.883446, -8.561537], [113.878716, -8.558834], [113.877922, -8.55831], [113.877739, -8.558249], [113.877068, -8.558003], [113.876595, -8.557813], [113.876381, -8.557572], [113.876007, -8.557302], [113.875687, -8.557167], [113.875282, -8.55735], [113.875046, -8.557428], [113.874802, -8.557586], [113.874611, -8.557744], [113.87429, -8.557741], [113.874084, -8.5575], [113.87384, -8.557392], [113.873413, -8.557415], [113.873039, -8.557279], [113.872566, -8.556903], [113.872192, -8.55666], [113.871925, -8.556631], [113.871735, -8.557002], [113.871667, -8.557086], [113.871521, -8.557266], [113.871223, -8.557344], [113.871194, -8.557344], [113.870873, -8.557342], [113.870605, -8.557712], [113.870431, -8.557965], [113.870277, -8.558187], [113.870148, -8.558479], [113.870247, -8.5588], [113.870438, -8.559013], [113.870483, -8.55928], [113.870087, -8.559437], [113.869789, -8.559594], [113.869789, -8.55986], [113.869545, -8.559937], [113.869451, -8.559855], [113.869331, -8.55975], [113.869041, -8.559269], [113.868851, -8.559373], [113.868693, -8.559555], [113.86703, -8.557241], [113.86533, -8.557341], [113.86313, -8.556741], [113.86413, -8.554441], [113.86553, -8.551741], [113.86423, -8.550141], [113.86593, -8.547841], [113.86713, -8.545341], [113.86163, -8.541641], [113.86253, -8.537941], [113.86043, -8.533641], [113.86003, -8.530841], [113.86033, -8.527241], [113.85913, -8.518641], [113.85293, -8.511441], [113.85013, -8.509641], [113.84793, -8.506041], [113.84603, -8.502941], [113.84503, -8.500841], [113.84293, -8.496841], [113.84273, -8.492141], [113.84253, -8.488941], [113.83843, -8.483841], [113.83723, -8.478741], [113.83443, -8.470241], [113.82893, -8.461441], [113.82963, -8.453341], [113.82793, -8.448141], [113.82973, -8.440641], [113.82903, -8.431941], [113.83183, -8.427241], [113.83533, -8.426841], [113.84073, -8.428741], [113.84393, -8.428841], [113.84763, -8.427141], [113.85133, -8.424641], [113.85613, -8.425941], [113.86883, -8.420941], [113.87143, -8.418141], [113.87643, -8.415541], [113.87973, -8.415341], [113.88363, -8.415441], [113.88823, -8.419441], [113.89093, -8.420841], [113.89483, -8.422741], [113.89803, -8.425641]]]}}, {"type": "Feature", "properties": {"objectid_1": 4448, "objectid": 4563, "kode_prov": 35, "nama_das": "BANYU BIRU", "luas_ha": 20750.23, "kel_m": 78501.0, "prioritas_": 0, "kd_tematik": "DAS", "kd_region": 2, "kd_lintas": 2, "kd_das": "DAS220243", "wil_kerja": "BPDAS SAMPEAN", "kd_urutdas": 243, "globalid": "{CA0F65B7-DB3A-4F47-9160-E6EE70EBC36A}", "st_area_sh": 0.01700108, "st_length_": 0.71044528, "st_area(sh": 0.017001082897134, "st_length(": 0.710445281197587}, "geometry": {"type": "Polygon", "coordinates": [[[113.312726, -7.767193], [113.312738, -7.767747], [113.312854, -7.772999], [113.314314, -7.778768], [113.316272, -7.785457], [113.319031, -7.791789], [113.319305, -7.794466], [113.31813, -7.796944], [113.317631, -7.798644], [113.313773, -7.799776], [113.313236, -7.805048], [113.315029, -7.808178], [113.312422, -7.810343], [113.314297, -7.811901], [113.315054, -7.813644], [113.318556, -7.814171], [113.318765, -7.815766], [113.320131, -7.816901], [113.322244, -7.819771], [113.324103, -7.823634], [113.325964, -7.833567], [113.326899, -7.841901], [113.328457, -7.84447], [113.326684, -7.846919], [113.32792, -7.851159], [113.327533, -7.857083], [113.32896, -7.859607], [113.331307, -7.863157], [113.330746, -7.865658], [113.331905, -7.867338], [113.334676, -7.867959], [113.33694, -7.867451], [113.338502, -7.86853], [113.340009, -7.872558], [113.344183, -7.876182], [113.345509, -7.876523], [113.348363, -7.880175], [113.353492, -7.881204], [113.354676, -7.885689], [113.354789, -7.885802], [113.35413, -7.886841], [113.35653, -7.893141], [113.35433, -7.900441], [113.35193, -7.904841], [113.35063, -7.910041], [113.34923, -7.916241], [113.34763, -7.919641], [113.34513, -7.923141], [113.34593, -7.926341], [113.34773, -7.930041], [113.34673, -7.941241], [113.34783, -7.945241], [113.34263, -7.951541], [113.34183, -7.961341], [113.34043, -7.963841], [113.34223, -7.971541], [113.344204, -7.973811], [113.343326, -7.973811], [113.341599, -7.973811], [113.339413, -7.972775], [113.33665, -7.973005], [113.334694, -7.972314], [113.332276, -7.972199], [113.329744, -7.970588], [113.329055, -7.970525], [113.329055, -7.970525], [113.32823, -7.969841], [113.32183, -7.968741], [113.31813, -7.966541], [113.31123, -7.962641], [113.30463, -7.955441], [113.29753, -7.954341], [113.29273, -7.951241], [113.28893, -7.951241], [113.28463, -7.951341], [113.27893, -7.947941], [113.27273, -7.943941], [113.26843, -7.945441], [113.26373, -7.945941], [113.26103, -7.948741], [113.26103, -7.948741], [113.25503, -7.949641], [113.24993, -7.955041], [113.24993, -7.955041], [113.24563, -7.953641], [113.24433, -7.949641], [113.23853, -7.948341], [113.23593, -7.947141], [113.23283, -7.945441], [113.23013, -7.947941], [113.23013, -7.947941], [113.22713, -7.951541], [113.22223, -7.951941], [113.21683, -7.952141], [113.21203, -7.950741], [113.20483, -7.953041], [113.20063, -7.957541], [113.18783, -7.959041], [113.184949, -7.960371], [113.185416, -7.959442], [113.187173, -7.957118], [113.18947, -7.955734], [113.193261, -7.953448], [113.195046, -7.951893], [113.197391, -7.950905], [113.199414, -7.947642], [113.205564, -7.944788], [113.208785, -7.94076], [113.206805, -7.937391], [113.208842, -7.934023], [113.21279, -7.931628], [113.222404, -7.933598], [113.230906, -7.924327], [113.229267, -7.921146], [113.231751, -7.915362], [113.2276, -7.911196], [113.228629, -7.904776], [113.230798, -7.899228], [113.229366, -7.895437], [113.227682, -7.889542], [113.228265, -7.888025], [113.2307, -7.880223], [113.232639, -7.876985], [113.233379, -7.872726], [113.235139, -7.870319], [113.235879, -7.86606], [113.237268, -7.863698], [113.239081, -7.859867], [113.239385, -7.854674], [113.238484, -7.851519], [113.240972, -7.847819], [113.244305, -7.846152], [113.246251, -7.841998], [113.2471, -7.835205], [113.246931, -7.831469], [113.246761, -7.825865], [113.24727, -7.82094], [113.248459, -7.813468], [113.252535, -7.809223], [113.25843, -7.801641], [113.26123, -7.799141], [113.26813, -7.801841], [113.27243, -7.799341], [113.27413, -7.801641], [113.27873, -7.802641], [113.28193, -7.801341], [113.28323, -7.796841], [113.28893, -7.793341], [113.29233, -7.790341], [113.29183, -7.787141], [113.29103, -7.780941], [113.29553, -7.780441], [113.29593, -7.774141], [113.295927, -7.772924], [113.295944, -7.772917], [113.2959, -7.772439], [113.296104, -7.772397], [113.296583, -7.772214], [113.297058, -7.772033], [113.297679, -7.771676], [113.297897, -7.77155], [113.298615, -7.771307], [113.29868, -7.771263], [113.29969, -7.770584], [113.300498, -7.769875], [113.301064, -7.76938], [113.302632, -7.768909], [113.303093, -7.768771], [113.304535, -7.768165], [113.305574, -7.767848], [113.305733, -7.767799], [113.306319, -7.767706], [113.306392, -7.767694], [113.307289, -7.767551], [113.30854, -7.76722], [113.310173, -7.767535], [113.311333, -7.767491], [113.312569, -7.767163], [113.312726, -7.767193]]]}}, {"type": "Feature", "properties": {"objectid_1": 4461, "objectid": 4486, "kode_prov": 35, "nama_das": "", "luas_ha": 742.33, "kel_m": 18814.0, "prioritas_": 0, "kd_tematik": "DAS", "kd_region": 2, "kd_lintas": 1, "kd_das": "DAS210439", "wil_kerja": "BPDAS SAMPEAN", "kd_urutdas": 439, "globalid": "{C7CBFBE3-ACCF-4332-9311-A88E5CEF58FC}", "st_area_sh": 0.00060875, "st_length_": 0.17036648, "st_area(sh": 0.000608750300182, "st_length(": 0.170366479834342}, "geometry": {"type": "Polygon", "coordinates": [[[113.69053, -8.488341], [113.69023, -8.493541], [113.69013, -8.498641], [113.68933, -8.501041], [113.68923, -8.503341], [113.689098, -8.504445], [113.689087, -8.504425], [113.688614, -8.504016], [113.68824, -8.503792], [113.688057, -8.504011], [113.688011, -8.50449], [113.687976, -8.504895], [113.687973, -8.504931], [113.687599, -8.505039], [113.687274, -8.504264], [113.687134, -8.503929], [113.68721, -8.503377], [113.687325, -8.50301], [113.687218, -8.50264], [113.686775, -8.50201], [113.686668, -8.50153], [113.6866, -8.501124], [113.686714, -8.50072], [113.686607, -8.500314], [113.686569, -8.499907], [113.686539, -8.499502], [113.686577, -8.49906], [113.686729, -8.498693], [113.686935, -8.498406], [113.687256, -8.49796], [113.687286, -8.497931], [113.687553, -8.497631], [113.68763, -8.497263], [113.687637, -8.496968], [113.687416, -8.496856], [113.686745, -8.496814], [113.686531, -8.496443], [113.686424, -8.496], [113.686394, -8.495299], [113.686356, -8.494821], [113.68644, -8.494231], [113.686592, -8.493791], [113.686592, -8.493495], [113.686485, -8.493274], [113.686264, -8.493124], [113.686035, -8.493122], [113.685692, -8.493097], [113.685669, -8.493082], [113.685486, -8.492455], [113.685616, -8.491673], [113.684952, -8.491199], [113.684525, -8.49114], [113.684105, -8.490904], [113.683502, -8.490847], [113.683144, -8.491029], [113.682724, -8.491325], [113.68219, -8.491812], [113.682142, -8.491991], [113.682007, -8.492498], [113.681459, -8.492844], [113.681374, -8.492898], [113.680824, -8.492672], [113.680496, -8.492412], [113.679642, -8.492589], [113.678894, -8.493098], [113.678749, -8.492839], [113.678902, -8.49225], [113.678909, -8.491624], [113.677986, -8.491432], [113.677292, -8.490941], [113.676453, -8.490946], [113.675797, -8.491248], [113.675491, -8.49137], [113.674393, -8.491512], [113.673691, -8.491499], [113.673225, -8.491755], [113.673058, -8.492127], [113.672417, -8.492822], [113.671379, -8.493513], [113.67083, -8.493787], [113.67072, -8.494281], [113.670662, -8.494539], [113.67041, -8.495046], [113.670212, -8.495677], [113.67054, -8.496242], [113.670418, -8.49684], [113.669937, -8.49737], [113.669776, -8.497433], [113.669197, -8.497659], [113.66816, -8.497429], [113.667717, -8.49702], [113.666649, -8.496642], [113.665375, -8.496269], [113.664291, -8.496395], [113.663574, -8.496653], [113.662827, -8.497346], [113.662163, -8.497451], [113.661491, -8.497666], [113.660973, -8.497883], [113.660614, -8.497106], [113.66069, -8.496444], [113.660362, -8.495556], [113.660019, -8.494444], [113.659355, -8.493909], [113.658752, -8.493613], [113.658089, -8.493497], [113.657494, -8.493505], [113.656647, -8.493166], [113.655891, -8.493266], [113.655823, -8.493388], [113.655388, -8.493452], [113.654846, -8.493313], [113.654205, -8.493375], [113.653831, -8.49354], [113.653557, -8.493807], [113.65342, -8.493974], [113.65332, -8.49404], [113.653084, -8.493836], [113.652954, -8.493431], [113.652817, -8.493296], [113.652481, -8.493258], [113.651871, -8.493355], [113.651527, -8.493486], [113.651321, -8.493687], [113.651154, -8.49392], [113.650818, -8.493952], [113.650444, -8.493712], [113.650139, -8.493608], [113.649773, -8.493572], [113.64933, -8.493703], [113.649094, -8.493869], [113.648918, -8.494036], [113.648682, -8.494169], [113.648247, -8.494131], [113.648041, -8.494029], [113.647736, -8.494161], [113.647461, -8.494327], [113.647156, -8.494324], [113.646858, -8.494254], [113.646652, -8.493983], [113.646591, -8.493814], [113.646591, -8.493578], [113.647064, -8.493414], [113.647171, -8.492876], [113.647141, -8.492405], [113.646904, -8.492133], [113.646606, -8.491794], [113.646507, -8.491557], [113.646271, -8.49132], [113.64624, -8.491084], [113.646309, -8.490882], [113.646141, -8.490813], [113.645905, -8.490778], [113.64547, -8.490605], [113.645401, -8.49037], [113.645165, -8.490166], [113.644911, -8.49], [113.64563, -8.490141], [113.64893, -8.490841], [113.65313, -8.490841], [113.65763, -8.488741], [113.66503, -8.486841], [113.66773, -8.483841], [113.66883, -8.478441], [113.67103, -8.475541], [113.67213, -8.472841], [113.67403, -8.469341], [113.67843, -8.467041], [113.68583, -8.467141], [113.68873, -8.470141], [113.68543, -8.474441], [113.68473, -8.479941], [113.68763, -8.484641], [113.69053, -8.488341]]]}}, {"type": "Feature", "properties": {"objectid_1": 4482, "objectid": 4490, "kode_prov": 35, "nama_das": "", "luas_ha": 732.18, "kel_m": 14515.0, "prioritas_": 0, "kd_tematik": "DAS", "kd_region": 2, "kd_lintas": 1, "kd_das": "DAS210441", "wil_kerja": "BPDAS SAMPEAN", "kd_urutdas": 441, "globalid": "{17541101-52B4-4EE7-AFE1-13E70C424525}", "st_area_sh": 0.00060041, "st_length_": 0.13154838, "st_area(sh": 0.000600410121722, "st_length(": 0.131548379618278}, "geometry": {"type": "Polygon", "coordinates": [[[113.66023, -8.451241], [113.66343, -8.453841], [113.66683, -8.454541], [113.66993, -8.455241], [113.66813, -8.458441], [113.66683, -8.461341], [113.66093, -8.467841], [113.65673, -8.471241], [113.65273, -8.471641], [113.64663, -8.473141], [113.64303, -8.473341], [113.64033, -8.472541], [113.637433, -8.472541], [113.637291, -8.472437], [113.637016, -8.472198], [113.636848, -8.471995], [113.636856, -8.471828], [113.636986, -8.471727], [113.637131, -8.470954], [113.636963, -8.470481], [113.636833, -8.47011], [113.636841, -8.469739], [113.636871, -8.469403], [113.637115, -8.469271], [113.637253, -8.468867], [113.637489, -8.468802], [113.637726, -8.468569], [113.637979, -8.468217], [113.638039, -8.468133], [113.638206, -8.467832], [113.638275, -8.467664], [113.638512, -8.467667], [113.638718, -8.467735], [113.639259, -8.467639], [113.639595, -8.46744], [113.6399, -8.467308], [113.640274, -8.467344], [113.64061, -8.467516], [113.640795, -8.467592], [113.640945, -8.467653], [113.641388, -8.467523], [113.641983, -8.466838], [113.642258, -8.46647], [113.642571, -8.465899], [113.642777, -8.465464], [113.642914, -8.464993], [113.643059, -8.464389], [113.643166, -8.46375], [113.643135, -8.462976], [113.643005, -8.462436], [113.642937, -8.462132], [113.642845, -8.461862], [113.642815, -8.461323], [113.642487, -8.460242], [113.642181, -8.459599], [113.64209, -8.459061], [113.642021, -8.45869], [113.64183, -8.45798], [113.641457, -8.457438], [113.641159, -8.456898], [113.640778, -8.455935], [113.640381, -8.455392], [113.640007, -8.455086], [113.639603, -8.454847], [113.639198, -8.454608], [113.638695, -8.454603], [113.638252, -8.454869], [113.637906, -8.455147], [113.637878, -8.455169], [113.637604, -8.455301], [113.637568, -8.455304], [113.637131, -8.455331], [113.636658, -8.455462], [113.636215, -8.455626], [113.63591, -8.455859], [113.635063, -8.456054], [113.634621, -8.456017], [113.634254, -8.456047], [113.63401, -8.456281], [113.633705, -8.456446], [113.633301, -8.456375], [113.633202, -8.456004], [113.633278, -8.455634], [113.633141, -8.455398], [113.632874, -8.455361], [113.632332, -8.455491], [113.631889, -8.455689], [113.631516, -8.455821], [113.630974, -8.455985], [113.630631, -8.456082], [113.630226, -8.455911], [113.629753, -8.455839], [113.629417, -8.455904], [113.62915, -8.455767], [113.628944, -8.455395], [113.628647, -8.455392], [113.628403, -8.455524], [113.628098, -8.455488], [113.627899, -8.455352], [113.627563, -8.455282], [113.627258, -8.455044], [113.627129, -8.454706], [113.627098, -8.454436], [113.626892, -8.454131], [113.626556, -8.45396], [113.626083, -8.453821], [113.625717, -8.453751], [113.625412, -8.453984], [113.625168, -8.45415], [113.624969, -8.454317], [113.624733, -8.454214], [113.624764, -8.453979], [113.624968, -8.453623], [113.62853, -8.453141], [113.63073, -8.450541], [113.63513, -8.451441], [113.64123, -8.449241], [113.64473, -8.447341], [113.65353, -8.448141], [113.65673, -8.450441], [113.66023, -8.451241]]]}}, {"type": "Feature", "properties": {"objectid_1": 4517, "objectid": 4500, "kode_prov": 35, "nama_das": "", "luas_ha": 2.63, "kel_m": 805.0, "prioritas_": 0, "kd_tematik": "DAS", "kd_region": 2, "kd_lintas": 1, "kd_das": "DAS211140", "wil_kerja": "BPDAS SAMPEAN", "kd_urutdas": 1140, "globalid": "{F955BCDA-4E50-4BF7-81F3-6E9F050564B8}", "st_area_sh": 2.16e-06, "st_length_": 0.00729746, "st_area(sh": 2.156211321e-06, "st_length(": 0.007297457427079}, "geometry": {"type": "Polygon", "coordinates": [[[113.550308, -8.43855], [113.549469, -8.438674], [113.54953, -8.438435], [113.54995, -8.438013], [113.550545, -8.437771], [113.550903, -8.43735], [113.55114, -8.436931], [113.551476, -8.436615], [113.552101, -8.436687], [113.552101, -8.437345], [113.55175, -8.437705], [113.55127, -8.438066], [113.55085, -8.438308], [113.550308, -8.43855]]]}}, {"type": "Feature", "properties": {"objectid_1": 4540, "objectid": 4508, "kode_prov": 35, "nama_das": "", "luas_ha": 1.03, "kel_m": 383.0, "prioritas_": 0, "kd_tematik": "DAS", "kd_region": 2, "kd_lintas": 1, "kd_das": "DAS211141", "wil_kerja": "BPDAS SAMPEAN", "kd_urutdas": 1141, "globalid": "{940DED3D-1A4C-41EE-8DFB-53D5EBC21EC7}", "st_area_sh": 8.5e-07, "st_length_": 0.00346575, "st_area(sh": 8.48678644e-07, "st_length(": 0.003465753674553}, "geometry": {"type": "Polygon", "coordinates": [[[113.540245, -8.432211], [113.539528, -8.432263], [113.539352, -8.432021], [113.539413, -8.431604], [113.539658, -8.431427], [113.540039, -8.431166], [113.54026, -8.431254], [113.540428, -8.431854], [113.540245, -8.432211]]]}}, {"type": "Feature", "properties": {"objectid_1": 4599, "objectid": 4429, "kode_prov": 35, "nama_das": "RONDORINGU", "luas_ha": 23370.97, "kel_m": 83555.0, "prioritas_": 0, "kd_tematik": "DAS", "kd_region": 2, "kd_lintas": 1, "kd_das": "DAS210248", "wil_kerja": "BPDAS SAMPEAN", "kd_urutdas": 248, "globalid": "{785DCDC2-3975-404B-90A7-0B44670691B9}", "st_area_sh": 0.01914371, "st_length_": 0.75601621, "st_area(sh": 0.019143707579207, "st_length(": 0.756016210008989}, "geometry": {"type": "Polygon", "coordinates": [[[113.40757, -7.735985], [113.409552, -7.742717], [113.412213, -7.748926], [113.415539, -7.757131], [113.42048, -7.766819], [113.424228, -7.772803], [113.423745, -7.78219], [113.423349, -7.790349], [113.42843, -7.797941], [113.432111, -7.803525], [113.434151, -7.806828], [113.43593, -7.810441], [113.43683, -7.814641], [113.44433, -7.821641], [113.44933, -7.824641], [113.45263, -7.825441], [113.45393, -7.828341], [113.45763, -7.831241], [113.459409, -7.831627], [113.460967, -7.833742], [113.46874, -7.838697], [113.474008, -7.84497], [113.477379, -7.850705], [113.477096, -7.858031], [113.477112, -7.862437], [113.477645, -7.865263], [113.477249, -7.86845], [113.479816, -7.873188], [113.480139, -7.876893], [113.480879, -7.879485], [113.481805, -7.880226], [113.482546, -7.881985], [113.485399, -7.883721], [113.488733, -7.887734], [113.490131, -7.886978], [113.492171, -7.884521], [113.492387, -7.884261], [113.495542, -7.886068], [113.499297, -7.886901], [113.500887, -7.887811], [113.506571, -7.889072], [113.509839, -7.889608], [113.513239, -7.891357], [113.516251, -7.892037], [113.518583, -7.893592], [113.521109, -7.89573], [113.524413, -7.897284], [113.533934, -7.900782], [113.541318, -7.904571], [113.544525, -7.908555], [113.546954, -7.910498], [113.548605, -7.911372], [113.551617, -7.912344], [113.554046, -7.914773], [113.556087, -7.91691], [113.558516, -7.917493], [113.560167, -7.918659], [113.562305, -7.921768], [113.566525, -7.925727], [113.569248, -7.931012], [113.569268, -7.931947], [113.5676, -7.936817], [113.574771, -7.946107], [113.57783, -7.946541], [113.581106, -7.94792], [113.58163, -7.948141], [113.58373, -7.952341], [113.58283, -7.954141], [113.57923, -7.956141], [113.57923, -7.956141], [113.57633, -7.958541], [113.57633, -7.958541], [113.57023, -7.961441], [113.57023, -7.961441], [113.56643, -7.964441], [113.56643, -7.964441], [113.567325, -7.965598], [113.567176, -7.965689], [113.564901, -7.96833], [113.561609, -7.971192], [113.55806, -7.97226], [113.555401, -7.979267], [113.552176, -7.979856], [113.550976, -7.982054], [113.546735, -7.986916], [113.545812, -7.990886], [113.54255, -7.994537], [113.542223, -7.994903], [113.54189, -7.995005], [113.537496, -7.998128], [113.53129, -7.999368], [113.529527, -8.000236], [113.528, -7.998983], [113.523449, -7.995249], [113.521342, -7.994856], [113.518904, -7.993903], [113.514989, -7.993295], [113.510036, -7.995114], [113.500319, -7.990047], [113.495258, -7.982056], [113.489228, -7.981137], [113.485061, -7.978637], [113.480957, -7.975242], [113.476255, -7.973826], [113.468477, -7.967165], [113.461595, -7.966117], [113.459566, -7.963761], [113.458692, -7.961804], [113.455923, -7.955598], [113.451853, -7.953782], [113.45031, -7.951992], [113.442176, -7.948189], [113.441224, -7.942972], [113.439261, -7.94128], [113.438457, -7.937742], [113.436742, -7.931476], [113.433168, -7.924175], [113.430971, -7.918388], [113.430123, -7.911908], [113.427522, -7.908239], [113.427663, -7.906471], [113.422176, -7.899023], [113.420509, -7.898189], [113.417628, -7.895397], [113.416723, -7.893481], [113.413513, -7.890506], [113.412609, -7.88859], [113.408503, -7.88331], [113.40505, -7.877962], [113.400555, -7.875059], [113.400847, -7.86769], [113.39914, -7.864358], [113.39914, -7.85661], [113.397243, -7.849653], [113.395187, -7.839533], [113.395662, -7.834789], [113.395662, -7.830836], [113.39329, -7.822772], [113.39076, -7.816922], [113.391275, -7.81135], [113.392025, -7.805853], [113.39155, -7.803165], [113.388704, -7.801584], [113.385067, -7.796208], [113.385226, -7.790357], [113.387439, -7.782926], [113.390602, -7.77502], [113.391867, -7.770434], [113.39329, -7.764109], [113.393995, -7.759149], [113.39135, -7.753222], [113.386179, -7.748766], [113.388687, -7.744202], [113.38862, -7.742633], [113.389053, -7.743409], [113.38923, -7.743841], [113.389298, -7.744006], [113.389354, -7.743758], [113.389542, -7.742938], [113.389923, -7.742553], [113.390488, -7.742564], [113.391647, -7.742543], [113.391801, -7.742431], [113.392174, -7.742157], [113.392548, -7.741246], [113.392639, -7.74048], [113.392632, -7.739429], [113.393158, -7.738564], [113.393565, -7.738068], [113.393631, -7.737987], [113.394165, -7.737245], [113.394447, -7.737504], [113.394691, -7.738029], [113.394768, -7.738419], [113.395149, -7.73841], [113.395386, -7.738026], [113.395576, -7.737738], [113.395676, -7.737604], [113.395691, -7.737641], [113.396873, -7.737504], [113.397705, -7.737199], [113.398331, -7.737434], [113.399033, -7.737851], [113.399757, -7.739043], [113.400955, -7.739514], [113.402077, -7.73923], [113.403038, -7.73889], [113.404373, -7.738308], [113.405266, -7.737695], [113.406255, -7.736936], [113.406288, -7.73691], [113.406717, -7.735985], [113.407043, -7.735279], [113.407345, -7.735234], [113.40757, -7.735985]]]}}, {"type": "Feature", "properties": {"objectid_1": 4625, "objectid": 4438, "kode_prov": 35, "nama_das": "DELUWANG", "luas_ha": 18860.62, "kel_m": 85043.0, "prioritas_": 1, "kd_tematik": "DAS", "kd_region": 2, "kd_lintas": 2, "kd_das": "DAS220264", "wil_kerja": "BPDAS SAMPEAN", "kd_urutdas": 264, "globalid": "{575FCDD9-C3D3-45DD-93FE-C5150FEFD946}", "st_area_sh": 0.01544286, "st_length_": 0.76931005, "st_area(sh": 0.015442861508996, "st_length(": 0.769310054789224}, "geometry": {"type": "Polygon", "coordinates": [[[113.712494, -7.708903], [113.713013, -7.708938], [113.713089, -7.708762], [113.713226, -7.708475], [113.713417, -7.708139], [113.713465, -7.708075], [113.713562, -7.707946], [113.713684, -7.707872], [113.713844, -7.70778], [113.714584, -7.708528], [113.715073, -7.709361], [113.715561, -7.710195], [113.716286, -7.711266], [113.716965, -7.712032], [113.717087, -7.711988], [113.717377, -7.711843], [113.717712, -7.711888], [113.717995, -7.711935], [113.71833, -7.712123], [113.718811, -7.712311], [113.719292, -7.712547], [113.719826, -7.712831], [113.720161, -7.71302], [113.720406, -7.713305], [113.720551, -7.713448], [113.720833, -7.713637], [113.721031, -7.713827], [113.721176, -7.714113], [113.721275, -7.714352], [113.721558, -7.714637], [113.721802, -7.715017], [113.722046, -7.715302], [113.722237, -7.71554], [113.722672, -7.715872], [113.722862, -7.715967], [113.723251, -7.71606], [113.723732, -7.716248], [113.723923, -7.716438], [113.724022, -7.716916], [113.723976, -7.717299], [113.72393, -7.717729], [113.723839, -7.717921], [113.723549, -7.718114], [113.723465, -7.718157], [113.723404, -7.718751], [113.724373, -7.719939], [113.724503, -7.720066], [113.72506, -7.720209], [113.725876, -7.720729], [113.726311, -7.721013], [113.726593, -7.721107], [113.727074, -7.7212], [113.727364, -7.721054], [113.72789, -7.721098], [113.728615, -7.721428], [113.729141, -7.721807], [113.729477, -7.72214], [113.729485, -7.722152], [113.729805, -7.722171], [113.730057, -7.72219], [113.730621, -7.722291], [113.731445, -7.722127], [113.731949, -7.723477], [113.732307, -7.724072], [113.733513, -7.72514], [113.734598, -7.725706], [113.733835, -7.726411], [113.73373, -7.726541], [113.72963, -7.729141], [113.72693, -7.730241], [113.726262, -7.733127], [113.72603, -7.735441], [113.72683, -7.741841], [113.72693, -7.744641], [113.72723, -7.749141], [113.72753, -7.752541], [113.72773, -7.754741], [113.72963, -7.757341], [113.73023, -7.762441], [113.73013, -7.767241], [113.73063, -7.770841], [113.73183, -7.773841], [113.73353, -7.776841], [113.73433, -7.783841], [113.73753, -7.786641], [113.73953, -7.791041], [113.74283, -7.793841], [113.745402, -7.797731], [113.7459, -7.798485], [113.747344, -7.800454], [113.747686, -7.800762], [113.74853, -7.806841], [113.75193, -7.808841], [113.755514, -7.810366], [113.75663, -7.810841], [113.75683, -7.813741], [113.75753, -7.818241], [113.76303, -7.819241], [113.76203, -7.821841], [113.75933, -7.826641], [113.75433, -7.828741], [113.75183, -7.832941], [113.75103, -7.837141], [113.74933, -7.839541], [113.74703, -7.845441], [113.74253, -7.846441], [113.74063, -7.852541], [113.73493, -7.858341], [113.73183, -7.861841], [113.73093, -7.864741], [113.72793, -7.867441], [113.72713, -7.871041], [113.72893, -7.876341], [113.72463, -7.880841], [113.72353, -7.885441], [113.72093, -7.888741], [113.71883, -7.891741], [113.70833, -7.902641], [113.70063, -7.907041], [113.69683, -7.911341], [113.69373, -7.914041], [113.69263, -7.918841], [113.69013, -7.922041], [113.68813, -7.925041], [113.68483, -7.929341], [113.68203, -7.931741], [113.68093, -7.936441], [113.67723, -7.941841], [113.67513, -7.946341], [113.67183, -7.951041], [113.67263, -7.956341], [113.67593, -7.958441], [113.67353, -7.960441], [113.67013, -7.961941], [113.67003, -7.964941], [113.67073, -7.967741], [113.66653, -7.968141], [113.66163, -7.967741], [113.65683, -7.968841], [113.64943, -7.970141], [113.64823, -7.972741], [113.64553, -7.973741], [113.64023, -7.971841], [113.63493, -7.973141], [113.62763, -7.975841], [113.62483, -7.977041], [113.623315, -7.975983], [113.621382, -7.975851], [113.615918, -7.977249], [113.610581, -7.97852], [113.60438, -7.975102], [113.597301, -7.970705], [113.595306, -7.969002], [113.59293, -7.967941], [113.59143, -7.964641], [113.59093, -7.958741], [113.59433, -7.957941], [113.59843, -7.957041], [113.60513, -7.956041], [113.61023, -7.953341], [113.61443, -7.950241], [113.62093, -7.941241], [113.62573, -7.937841], [113.62423, -7.931041], [113.62493, -7.925641], [113.62583, -7.913741], [113.62313, -7.906141], [113.62373, -7.894641], [113.62773, -7.894241], [113.63043, -7.890741], [113.63503, -7.887041], [113.63973, -7.883041], [113.64413, -7.876941], [113.64993, -7.872441], [113.65223, -7.866641], [113.65473, -7.863941], [113.65803, -7.861941], [113.66133, -7.857341], [113.66493, -7.851541], [113.66753, -7.848641], [113.67033, -7.846441], [113.67233, -7.841541], [113.67593, -7.837041], [113.67933, -7.836141], [113.68173, -7.832041], [113.68433, -7.828841], [113.68563, -7.826241], [113.68673, -7.823741], [113.68853, -7.821341], [113.68923, -7.816241], [113.69023, -7.812941], [113.69143, -7.808341], [113.69263, -7.804541], [113.69723, -7.796741], [113.69593, -7.792141], [113.69553, -7.785441], [113.69423, -7.782141], [113.69343, -7.778141], [113.69383, -7.774641], [113.69353, -7.769141], [113.69323, -7.764641], [113.69393, -7.758841], [113.69833, -7.757841], [113.69963, -7.752241], [113.69823, -7.746341], [113.69363, -7.744941], [113.69543, -7.743741], [113.69633, -7.742141], [113.69903, -7.739441], [113.70363, -7.741241], [113.70303, -7.736241], [113.70353, -7.731041], [113.70433, -7.728841], [113.70393, -7.725641], [113.70063, -7.723341], [113.69843, -7.723141], [113.69693, -7.720041], [113.696732, -7.719437], [113.696868, -7.719339], [113.697067, -7.719195], [113.698235, -7.718066], [113.699875, -7.716738], [113.70182, -7.714588], [113.703209, -7.713321], [113.704979, -7.711971], [113.705669, -7.711558], [113.706451, -7.711091], [113.708, -7.710005], [113.708826, -7.70943], [113.709908, -7.708677], [113.711517, -7.70772], [113.711845, -7.707001], [113.712082, -7.706234], [113.712364, -7.705754], [113.712578, -7.705687], [113.712608, -7.705896], [113.712563, -7.706375], [113.712593, -7.707044], [113.71252, -7.708111], [113.712502, -7.708384], [113.712494, -7.708903]]]}}, {"type": "Feature", "properties": {"objectid_1": 4684, "objectid": 4542, "kode_prov": 35, "nama_das": "KARANG TAMBAK", "luas_ha": 19745.69, "kel_m": 101083.0, "prioritas_": 0, "kd_tematik": "DAS", "kd_region": 2, "kd_lintas": 1, "kd_das": "DAS210428", "wil_kerja": "BPDAS SAMPEAN", "kd_urutdas": 428, "globalid": "{76A1E1FF-DC01-4572-8780-560C685A2ABF}", "st_area_sh": 0.01618511, "st_length_": 0.6578, "st_area(sh": 0.016185114068583, "st_length(": 0.65780000140016}, "geometry": {"type": "Polygon", "coordinates": [[[113.97293, -8.400441], [113.97683, -8.402941], [113.97773, -8.405841], [113.98263, -8.409641], [113.98643, -8.412041], [113.98763, -8.414641], [113.99013, -8.417941], [113.99163, -8.424241], [113.99603, -8.426241], [113.99883, -8.429541], [114.00433, -8.425841], [114.00813, -8.423841], [114.01203, -8.426341], [114.01663, -8.437241], [114.01933, -8.446441], [114.02153, -8.448341], [114.02323, -8.451441], [114.02153, -8.456141], [114.02343, -8.460441], [114.02783, -8.461441], [114.02973, -8.465041], [114.03273, -8.471241], [114.03853, -8.472041], [114.04493, -8.476641], [114.05013, -8.477041], [114.04933, -8.481741], [114.04833, -8.490141], [114.0462, -8.493939], [114.04603, -8.494241], [114.04573, -8.498541], [114.04883, -8.504241], [114.04823, -8.511741], [114.05193, -8.517041], [114.05413, -8.520141], [114.04973, -8.526941], [114.05043, -8.535041], [114.04873, -8.538141], [114.03893, -8.537841], [114.03863, -8.541941], [114.03383, -8.547841], [114.02943, -8.550441], [114.02523, -8.550541], [114.02073, -8.555641], [114.01823, -8.555341], [114.01463, -8.555641], [114.00733, -8.553041], [114.00253, -8.557241], [113.99893, -8.556941], [113.99593, -8.557941], [113.98843, -8.562941], [113.98693, -8.568141], [113.98373, -8.573841], [113.98193, -8.577341], [113.98103, -8.584941], [113.97883, -8.588941], [113.97693, -8.594341], [113.97733, -8.598041], [113.97623, -8.600441], [113.96693, -8.604041], [113.96513, -8.607741], [113.96363, -8.611241], [113.96263, -8.614341], [113.961043, -8.616396], [113.960279, -8.616319], [113.960258, -8.616317], [113.959312, -8.614874], [113.959067, -8.614541], [113.958908, -8.614326], [113.958237, -8.614265], [113.958069, -8.613661], [113.957985, -8.613622], [113.957892, -8.61358], [113.957283, -8.6133], [113.956696, -8.61293], [113.957077, -8.611618], [113.957268, -8.610484], [113.95768, -8.609596], [113.956726, -8.608392], [113.956329, -8.607605], [113.955658, -8.607067], [113.954338, -8.606695], [113.953156, -8.606021], [113.952667, -8.605365], [113.951111, -8.604752], [113.950279, -8.603787], [113.949089, -8.60294], [113.948692, -8.601436], [113.948521, -8.601297], [113.947775, -8.600694], [113.947426, -8.600412], [113.947377, -8.600259], [113.94721, -8.599733], [113.947083, -8.599333], [113.947815, -8.598024], [113.949135, -8.597319], [113.950821, -8.597454], [113.951805, -8.595903], [113.952034, -8.595432], [113.952522, -8.59436], [113.953964, -8.594853], [113.954872, -8.595573], [113.955872, -8.595946], [113.957016, -8.597208], [113.958031, -8.598054], [113.958687, -8.59842], [113.959694, -8.598494], [113.962105, -8.59744], [113.963326, -8.597087], [113.964516, -8.596745], [113.965256, -8.596148], [113.966583, -8.595444], [113.967308, -8.593781], [113.967768, -8.59269], [113.968239, -8.591573], [113.968742, -8.589424], [113.96888, -8.587033], [113.968842, -8.584343], [113.968516, -8.583314], [113.96801, -8.58171], [113.967443, -8.57996], [113.967194, -8.579191], [113.965897, -8.576189], [113.964233, -8.573901], [113.962814, -8.571615], [113.962189, -8.570257], [113.961254, -8.570174], [113.95931, -8.570001], [113.959183, -8.569989], [113.959061, -8.568441], [113.959171, -8.568216], [113.959358, -8.567834], [113.959038, -8.567368], [113.958488, -8.566966], [113.958298, -8.566098], [113.956254, -8.565306], [113.956162, -8.56527], [113.956135, -8.565243], [113.954559, -8.563608], [113.952889, -8.562397], [113.952653, -8.562276], [113.952751, -8.561449], [113.950333, -8.552993], [113.948036, -8.549848], [113.942393, -8.547762], [113.939242, -8.546176], [113.934757, -8.542458], [113.932653, -8.539831], [113.928009, -8.539023], [113.927417, -8.535699], [113.92739, -8.535697], [113.92763, -8.535141], [113.92373, -8.529641], [113.92943, -8.520541], [113.92903, -8.516041], [113.93403, -8.511841], [113.93623, -8.508241], [113.93873, -8.506041], [113.93843, -8.501741], [113.93853, -8.498141], [113.93873, -8.494041], [113.93723, -8.491241], [113.93273, -8.483741], [113.92853, -8.477941], [113.92823, -8.472441], [113.93023, -8.469541], [113.92833, -8.464341], [113.92603, -8.462341], [113.92513, -8.459541], [113.92253, -8.455841], [113.92273, -8.452541], [113.91783, -8.447741], [113.91603, -8.443741], [113.91423, -8.441541], [113.91863, -8.434441], [113.92413, -8.433941], [113.92683, -8.431341], [113.92973, -8.428341], [113.93293, -8.425241], [113.93433, -8.421241], [113.93593, -8.418141], [113.93733, -8.413241], [113.93753, -8.407241], [113.94083, -8.403741], [113.94423, -8.403841], [113.94803, -8.400941], [113.95613, -8.402641], [113.96013, -8.402141], [113.96233, -8.400741], [113.96963, -8.399641], [113.97293, -8.400441]]]}}, {"type": "Feature", "properties": {"objectid_1": 4710, "objectid": 4548, "kode_prov": 35, "nama_das": "JATIROTO", "luas_ha": 43085.63, "kel_m": 107522.0, "prioritas_": 0, "kd_tematik": "DAS", "kd_region": 2, "kd_lintas": 1, "kd_das": "DAS210446", "wil_kerja": "BPDAS SAMPEAN", "kd_urutdas": 446, "globalid": "{79692B26-7081-400F-9932-16335D55FEF9}", "st_area_sh": 0.03531998, "st_length_": 0.97288585, "st_area(sh": 0.035319981224287, "st_length(": 0.972885851045107}, "geometry": {"type": "Polygon", "coordinates": [[[113.424102, -8.136828], [113.426043, -8.133728], [113.428458, -8.129648], [113.431894, -8.123957], [113.436779, -8.115583], [113.440859, -8.10855], [113.444134, -8.102913], [113.452616, -8.089116], [113.455408, -8.084446], [113.457716, -8.081064], [113.463031, -8.073333], [113.466681, -8.064261], [113.466574, -8.061201], [113.466804, -8.057609], [113.468852, -8.056903], [113.472079, -8.057499], [113.476998, -8.05565], [113.479201, -8.053576], [113.481797, -8.054075], [113.483788, -8.052425], [113.48692, -8.0496], [113.489973, -8.042142], [113.491172, -8.040785], [113.497035, -8.041065], [113.500105, -8.041623], [113.503734, -8.040785], [113.508009, -8.042186], [113.511934, -8.041606], [113.514676, -8.042356], [113.516002, -8.042015], [113.51839, -8.04246], [113.522131, -8.042216], [113.525281, -8.041911], [113.529895, -8.041808], [113.533334, -8.040743], [113.539188, -8.038831], [113.541561, -8.035202], [113.542817, -8.032829], [113.546725, -8.030177], [113.550354, -8.028502], [113.552169, -8.026548], [113.553111, -8.024911], [113.553476, -8.024154], [113.55783, -8.024841], [113.55893, -8.027741], [113.56123, -8.029741], [113.562548, -8.03028], [113.564081, -8.034114], [113.566296, -8.037863], [113.567404, -8.04076], [113.567915, -8.043146], [113.568767, -8.044168], [113.568256, -8.04732], [113.56766, -8.049621], [113.568171, -8.053284], [113.566637, -8.057544], [113.565232, -8.061172], [113.564763, -8.066235], [113.563339, -8.069613], [113.562715, -8.070751], [113.56263, -8.071141], [113.56373, -8.078541], [113.56513, -8.082941], [113.56773, -8.085941], [113.56753, -8.089241], [113.56763, -8.096441], [113.56413, -8.099741], [113.55973, -8.102141], [113.55263, -8.108241], [113.54963, -8.114941], [113.54613, -8.116541], [113.54263, -8.118741], [113.54123, -8.123241], [113.539328, -8.128582], [113.537373, -8.133467], [113.534442, -8.137794], [113.531909, -8.141775], [113.53143, -8.145441], [113.53013, -8.148841], [113.52763, -8.152941], [113.52683, -8.157941], [113.52433, -8.160141], [113.52453, -8.164641], [113.52413, -8.169541], [113.52683, -8.170741], [113.52563, -8.173741], [113.52353, -8.179641], [113.52083, -8.188941], [113.519965, -8.190079], [113.510295, -8.192789], [113.501501, -8.197395], [113.495778, -8.202838], [113.49436, -8.204677], [113.492428, -8.208003], [113.491451, -8.214005], [113.490474, -8.219867], [113.489079, -8.226009], [113.490056, -8.231592], [113.491172, -8.23564], [113.491731, -8.241781], [113.491033, -8.247783], [113.488939, -8.25574], [113.485449, -8.262579], [113.479866, -8.26872], [113.474423, -8.275002], [113.471352, -8.281143], [113.468979, -8.285749], [113.462698, -8.291472], [113.454881, -8.295101], [113.448879, -8.298172], [113.44539, -8.301243], [113.443157, -8.306268], [113.441342, -8.311293], [113.441201, -8.311493], [113.44122, -8.311566], [113.438022, -8.323158], [113.437822, -8.336148], [113.435824, -8.347739], [113.435024, -8.359731], [113.434625, -8.370523], [113.433825, -8.37838], [113.429321, -8.379561], [113.42721, -8.379982], [113.425598, -8.380302], [113.423447, -8.381392], [113.418983, -8.383394], [113.418724, -8.383197], [113.41806, -8.383611], [113.414467, -8.385989], [113.412884, -8.386963], [113.41172, -8.38768], [113.40963, -8.389009], [113.407951, -8.390095], [113.405556, -8.391185], [113.403404, -8.392513], [113.401611, -8.39384], [113.399582, -8.395407], [113.39901, -8.395815], [113.398621, -8.39601], [113.39811, -8.396354], [113.396111, -8.397699], [113.39444, -8.398905], [113.392243, -8.400069], [113.39193, -8.400235], [113.391307, -8.40027], [113.389526, -8.40037], [113.388443, -8.399778], [113.387596, -8.398827], [113.386993, -8.398232], [113.385651, -8.395491], [113.383713, -8.391796], [113.38237, -8.388337], [113.380547, -8.385], [113.37841, -8.379513], [113.375618, -8.374269], [113.373428, -8.369978], [113.371498, -8.36724], [113.367615, -8.361165], [113.364227, -8.356642], [113.360596, -8.35224], [113.355156, -8.345816], [113.349663, -8.340588], [113.344711, -8.335595], [113.339043, -8.330487], [113.338942, -8.3304], [113.337987, -8.32957], [113.338054, -8.329487], [113.339169, -8.327186], [113.341512, -8.323712], [113.343451, -8.320642], [113.345392, -8.318069], [113.346683, -8.315956], [113.34923, -8.312941], [113.35103, -8.308841], [113.352708, -8.304593], [113.354523, -8.300684], [113.357314, -8.29538], [113.358292, -8.292728], [113.359269, -8.288262], [113.360664, -8.283237], [113.363177, -8.275979], [113.364433, -8.270814], [113.36555, -8.264114], [113.364712, -8.259927], [113.366108, -8.253646], [113.36737, -8.248046], [113.369318, -8.24555], [113.374343, -8.2422], [113.376856, -8.23899], [113.377554, -8.233965], [113.379647, -8.229498], [113.382858, -8.223776], [113.386906, -8.217215], [113.391791, -8.207584], [113.397514, -8.19893], [113.401422, -8.189997], [113.406028, -8.180645], [113.412309, -8.171293], [113.414403, -8.166548], [113.419009, -8.160546], [113.422778, -8.154962], [113.424592, -8.150635], [113.424592, -8.144494], [113.425988, -8.138771], [113.426207, -8.138303], [113.424684, -8.137106], [113.424102, -8.136828]]]}}, {"type": "Feature", "properties": {"objectid_1": 4757, "objectid": 4474, "kode_prov": 35, "nama_das": "MERU", "luas_ha": 3710.55, "kel_m": 44023.0, "prioritas_": 0, "kd_tematik": "DAS", "kd_region": 2, "kd_lintas": 2, "kd_das": "DAS220433", "wil_kerja": "BPDAS SAMPEAN", "kd_urutdas": 433, "globalid": "{BF0D33E5-7C30-41F0-B4FA-E78213816F18}", "st_area_sh": 0.00304205, "st_length_": 0.39837066, "st_area(sh": 0.003042049133035, "st_length(": 0.398370658273244}, "geometry": {"type": "Polygon", "coordinates": [[[113.84173, -8.502941], [113.83613, -8.505341], [113.83323, -8.510141], [113.82773, -8.513341], [113.82433, -8.515541], [113.82223, -8.519241], [113.81803, -8.524241], [113.81853, -8.526941], [113.82193, -8.529541], [113.82143, -8.532941], [113.82193, -8.536441], [113.81823, -8.539341], [113.81493, -8.543041], [113.81293, -8.546141], [113.81163, -8.549041], [113.81173, -8.551541], [113.81383, -8.555241], [113.815568, -8.556426], [113.815679, -8.556453], [113.815628, -8.55653], [113.815514, -8.557281], [113.815475, -8.557747], [113.814964, -8.558245], [113.814703, -8.558399], [113.814606, -8.558456], [113.814209, -8.558346], [113.813919, -8.558165], [113.813454, -8.557945], [113.813095, -8.557835], [113.812805, -8.558155], [113.812447, -8.558009], [113.812309, -8.557721], [113.812019, -8.557396], [113.811729, -8.557645], [113.811295, -8.557749], [113.811333, -8.557426], [113.81135, -8.55729], [113.811378, -8.557068], [113.811417, -8.556746], [113.811759, -8.556475], [113.811775, -8.556462], [113.812065, -8.556213], [113.812035, -8.555676], [113.811897, -8.555352], [113.811317, -8.55524], [113.810989, -8.555524], [113.810778, -8.555776], [113.810661, -8.555915], [113.810371, -8.556199], [113.810222, -8.556156], [113.81012, -8.556126], [113.809982, -8.555909], [113.809723, -8.556194], [113.809402, -8.556263], [113.809082, -8.556081], [113.808502, -8.55622], [113.807961, -8.556108], [113.807602, -8.555925], [113.807495, -8.555638], [113.807282, -8.555457], [113.807175, -8.555134], [113.807159, -8.554916], [113.807144, -8.554703], [113.807289, -8.554381], [113.807456, -8.554237], [113.807617, -8.554098], [113.807877, -8.553778], [113.8078, -8.553454], [113.80748, -8.55338], [113.807121, -8.553555], [113.807009, -8.553709], [113.806938, -8.553805], [113.806648, -8.554197], [113.806282, -8.554374], [113.805931, -8.553941], [113.805862, -8.553546], [113.806076, -8.553296], [113.806366, -8.553012], [113.806574, -8.552891], [113.806732, -8.5528], [113.806984, -8.552587], [113.807022, -8.552372], [113.806808, -8.551976], [113.806808, -8.551654], [113.806992, -8.551404], [113.807175, -8.551084], [113.807213, -8.550653], [113.807251, -8.550331], [113.807114, -8.550151], [113.8069, -8.549933], [113.806846, -8.549902], [113.806557, -8.549734], [113.806664, -8.549484], [113.806903, -8.549468], [113.807137, -8.549452], [113.807282, -8.549346], [113.807251, -8.54888], [113.807251, -8.548485], [113.807365, -8.548056], [113.807404, -8.547733], [113.807348, -8.547444], [113.807335, -8.547375], [113.807442, -8.547052], [113.80806, -8.5467], [113.80838, -8.546558], [113.808708, -8.546669], [113.809029, -8.546851], [113.809319, -8.546889], [113.809639, -8.546999], [113.809959, -8.547217], [113.810249, -8.547112], [113.810394, -8.546993], [113.810509, -8.546899], [113.810761, -8.546614], [113.810837, -8.546292], [113.810794, -8.546175], [113.810692, -8.545897], [113.810875, -8.545575], [113.811127, -8.545578], [113.8116, -8.545653], [113.811958, -8.545441], [113.812061, -8.545391], [113.812393, -8.54523], [113.812538, -8.545123], [113.812469, -8.544728], [113.811859, -8.544257], [113.811867, -8.543863], [113.81208, -8.543507], [113.812195, -8.543077], [113.812168, -8.542601], [113.812164, -8.54254], [113.812309, -8.542218], [113.812744, -8.542043], [113.813171, -8.541974], [113.814003, -8.541945], [113.814476, -8.541734], [113.81468, -8.541695], [113.814835, -8.541665], [113.815125, -8.541452], [113.815094, -8.541165], [113.814804, -8.540769], [113.81456, -8.540194], [113.814308, -8.53994], [113.813988, -8.539615], [113.814026, -8.539221], [113.813881, -8.538933], [113.813416, -8.53875], [113.813187, -8.538587], [113.813042, -8.538156], [113.813016, -8.537766], [113.813011, -8.537689], [113.813339, -8.537405], [113.813774, -8.537086], [113.814461, -8.536734], [113.815109, -8.536632], [113.815971, -8.536675], [113.816112, -8.53662], [113.816338, -8.536533], [113.816406, -8.536212], [113.816414, -8.535853], [113.8162, -8.535529], [113.816093, -8.535027], [113.816139, -8.53456], [113.815956, -8.534164], [113.815743, -8.533805], [113.815353, -8.533442], [113.814346, -8.533291], [113.813843, -8.533179], [113.813408, -8.533356], [113.812614, -8.533635], [113.812141, -8.533847], [113.811607, -8.533878], [113.810959, -8.533909], [113.810341, -8.534011], [113.809731, -8.533827], [113.809265, -8.533285], [113.809021, -8.532351], [113.808932, -8.53218], [113.808853, -8.532029], [113.808777, -8.531883], [113.808342, -8.531773], [113.807991, -8.531375], [113.808174, -8.531018], [113.808281, -8.530661], [113.808271, -8.530447], [113.80825, -8.530015], [113.808327, -8.529729], [113.808403, -8.529263], [113.808403, -8.52894], [113.808403, -8.528798], [113.808338, -8.528353], [113.808334, -8.528331], [113.808266, -8.527901], [113.808205, -8.52729], [113.808205, -8.527003], [113.808041, -8.526782], [113.807777, -8.526426], [113.807797, -8.526325], [113.807892, -8.525818], [113.80798, -8.525612], [113.808075, -8.52539], [113.80793, -8.525138], [113.807648, -8.524956], [113.807598, -8.524846], [113.807503, -8.524632], [113.80751, -8.524238], [113.807472, -8.523879], [113.807045, -8.523553], [113.80687, -8.523336], [113.806839, -8.522727], [113.806984, -8.522011], [113.807098, -8.521331], [113.807388, -8.52076], [113.807554, -8.520507], [113.807716, -8.520261], [113.807396, -8.519864], [113.807263, -8.519941], [113.806969, -8.520111], [113.806641, -8.520324], [113.806363, -8.520486], [113.805916, -8.520748], [113.805191, -8.520885], [113.80484, -8.520632], [113.804657, -8.520271], [113.804665, -8.519806], [113.804924, -8.519091], [113.805138, -8.518662], [113.805421, -8.51836], [113.805504, -8.518271], [113.805986, -8.517955], [113.806152, -8.517846], [113.806877, -8.517817], [113.807701, -8.517895], [113.807952, -8.517907], [113.808571, -8.517938], [113.809279, -8.517944], [113.809578, -8.517946], [113.80983, -8.517734], [113.810051, -8.517054], [113.810086, -8.516891], [113.810204, -8.516338], [113.81028, -8.515873], [113.810318, -8.515514], [113.81044, -8.51539], [113.81044, -8.515354], [113.810482, -8.515322], [113.810806, -8.515071], [113.810989, -8.514678], [113.811066, -8.514284], [113.810814, -8.513924], [113.810745, -8.5136], [113.81089, -8.513423], [113.810822, -8.513206], [113.810532, -8.513205], [113.809708, -8.513233], [113.808983, -8.513121], [113.808701, -8.51258], [113.808487, -8.512041], [113.808311, -8.511574], [113.808426, -8.511108], [113.808464, -8.510715], [113.80854, -8.510428], [113.808617, -8.509819], [113.808586, -8.509497], [113.808296, -8.509351], [113.807976, -8.509419], [113.807648, -8.509597], [113.807144, -8.5097], [113.806709, -8.509481], [113.806244, -8.509334], [113.806024, -8.509112], [113.805885, -8.508972], [113.805893, -8.50865], [113.805969, -8.508113], [113.805931, -8.507683], [113.806029, -8.507524], [113.806031, -8.507521], [113.806206, -8.507236], [113.806427, -8.506808], [113.806648, -8.506488], [113.807045, -8.506061], [113.807304, -8.505669], [113.807483, -8.505467], [113.807556, -8.505383], [113.808098, -8.505245], [113.808495, -8.505356], [113.809067, -8.505396], [113.809715, -8.505151], [113.810257, -8.505119], [113.810604, -8.505157], [113.810616, -8.505158], [113.811195, -8.50484], [113.811485, -8.504484], [113.811638, -8.50402], [113.811638, -8.503837], [113.811638, -8.503661], [113.811462, -8.503229], [113.81118, -8.502904], [113.811035, -8.502581], [113.811111, -8.502187], [113.811218, -8.501829], [113.810898, -8.501396], [113.811157, -8.501112], [113.811484, -8.501022], [113.811661, -8.500973], [113.811951, -8.500832], [113.812202, -8.50069], [113.811661, -8.500506], [113.81134, -8.500181], [113.811348, -8.499859], [113.811267, -8.499639], [113.811203, -8.499463], [113.810959, -8.498888], [113.810496, -8.498249], [113.81028, -8.497951], [113.809425, -8.49694], [113.808595, -8.496199], [113.811105, -8.494316], [113.813407, -8.491521], [113.811434, -8.488233], [113.810283, -8.485602], [113.810776, -8.480998], [113.810776, -8.477381], [113.80979, -8.474586], [113.807159, -8.470969], [113.805186, -8.466036], [113.802884, -8.460775], [113.79976, -8.455842], [113.796856, -8.452657], [113.79893, -8.451641], [113.80193, -8.444441], [113.80063, -8.431641], [113.80123, -8.424941], [113.79973, -8.421941], [113.80483, -8.415741], [113.80993, -8.415341], [113.81653, -8.420941], [113.82013, -8.422941], [113.82873, -8.423741], [113.83183, -8.427241], [113.82903, -8.431941], [113.82973, -8.440641], [113.82793, -8.448141], [113.82963, -8.453341], [113.82893, -8.461441], [113.83443, -8.470241], [113.83723, -8.478741], [113.83843, -8.483841], [113.84253, -8.488941], [113.84273, -8.492141], [113.84293, -8.496841], [113.84503, -8.500841], [113.84603, -8.502941], [113.84173, -8.502941]]]}}]}