{"type": "FeatureCollection", "features": [{"type": "Feature", "properties": {"OBJECTID": 105, "NAMOBJ": "KALI KARANGTAMBAK", "FCODE": "60100", "REMARK": "Garis Tepi Perairan Alam Lainnya"}, "geometry": {"type": "LineString", "coordinates": [[113.968705, -8.456585], [113.970322, -8.465717], [113.967348, -8.475519], [113.977137, -8.487569], [113.988286, -8.49268], [113.99042, -8.497841], [113.980815, -8.515934], [113.98298, -8.522888], [113.979245, -8.52545], [113.981734, -8.52967], [113.98055, -8.535583], [113.971476, -8.534588], [113.970344, -8.537196], [113.96445, -8.538078], [113.965919, -8.540922], [113.961489, -8.543998], [113.962978, -8.546152], [113.959611, -8.549232], [113.963657, -8.559108], [113.958955, -8.567594]]}}, {"type": "Feature", "properties": {"OBJECTID": 171, "NAMOBJ": "SALURAN IRIGASI BONDOYUDO", "FCODE": "60100", "REMARK": "Garis Tepi Perairan Alam Lainnya"}, "geometry": {"type": "LineString", "coordinates": [[113.367634, -8.121598], [113.381742, -8.129607], [113.400028, -8.127639], [113.424397, -8.139177], [113.428806, -8.148956]]}}, {"type": "Feature", "properties": {"OBJECTID": 554, "NAMOBJ": "KALI BANDAIALIT", "FCODE": "60100", "REMARK": "Garis Tepi Perairan Alam Lainnya"}, "geometry": {"type": "LineString", "coordinates": [[113.735649, -8.471951], [113.733339, -8.473123], [113.733797, -8.477337], [113.726516, -8.477131], [113.726117, -8.482346], [113.718125, -8.481548], [113.716673, -8.485016]]}}, {"type": "Feature", "properties": {"OBJECTID": 556, "NAMOBJ": "KALI BITING", "FCODE": "60100", "REMARK": "Garis Tepi Perairan Alam Lainnya"}, "geometry": {"type": "LineString", "coordinates": [[113.771804, -8.10519], [113.771226, -8.110123], [113.765049, -8.112657], [113.762142, -8.121532]]}}, {"type": "Feature", "properties": {"OBJECTID": 755, "NAMOBJ": "KALI BEDADUNG", "FCODE": "60100", "REMARK": "Garis Tepi Perairan Alam Lainnya"}, "geometry": {"type": "LineString", "coordinates": [[113.581524, -8.233703], [113.604614, -8.220004], [113.613801, -8.222095], [113.615229, -8.219609], [113.621412, -8.21945], [113.621954, -8.215786], [113.62509, -8.216128], [113.632186, -8.208921], [113.635847, -8.210067], [113.636439, -8.206378], [113.641555, -8.205313], [113.644121, -8.201549], [113.649164, -8.20316], [113.651086, -8.197379], [113.65498, -8.196803], [113.654773, -8.199522], [113.657321, -8.199773], [113.662484, -8.195671], [113.666119, -8.199568], [113.669365, -8.193801], [113.676594, -8.191196], [113.677335, -8.187329], [113.68006, -8.188795], [113.681326, -8.186483], [113.691242, -8.185057], [113.705699, -8.176734], [113.705269, -8.171925], [113.707919, -8.170827], [113.705753, -8.169124], [113.712044, -8.161662], [113.712474, -8.15672], [113.719718, -8.1532], [113.721175, -8.154858], [113.721016, -8.150776], [113.725492, -8.151498], [113.723714, -8.149147], [113.726741, -8.150043], [113.726543, -8.146896], [113.731068, -8.143368], [113.733293, -8.145202], [113.740046, -8.134955], [113.744058, -8.137812], [113.747242, -8.131446], [113.750315, -8.133458], [113.750193, -8.129254], [113.755459, -8.129867], [113.757936, -8.122718], [113.772672, -8.119526], [113.77633, -8.112158], [113.784835, -8.107592], [113.785763, -8.102588]]}}, {"type": "Feature", "properties": {"OBJECTID": 1031, "NAMOBJ": "KALI SAMPEYAN", "FCODE": "60100", "REMARK": "Garis Tepi Perairan Alam Lainnya"}, "geometry": {"type": "LineString", "coordinates": [[113.814376, -7.966986], [113.81855, -7.960803], [113.816701, -7.956246], [113.822653, -7.941084], [113.822381, -7.9328], [113.835998, -7.923359], [113.843687, -7.912216], [113.854617, -7.904617], [113.862499, -7.903259], [113.862769, -7.899649], [113.882388, -7.886999], [113.884836, -7.876506], [113.889076, -7.872437], [113.896964, -7.870944], [113.897358, -7.863352], [113.908915, -7.86205], [113.910338, -7.857044], [113.918538, -7.854223], [113.936257, -7.82602], [113.941741, -7.826046], [113.955319, -7.812726], [113.959083, -7.81638], [113.961124, -7.812026], [113.970627, -7.809874], [113.974381, -7.796656], [113.980914, -7.786979], [113.999929, -7.77186]]}}, {"type": "Feature", "properties": {"OBJECTID": 1280, "NAMOBJ": "KALI SAPUTUK", "FCODE": "60100", "REMARK": "Garis Tepi Perairan Alam Lainnya"}, "geometry": {"type": "LineString", "coordinates": [[113.386626, -8.381567], [113.393233, -8.390784], [113.398945, -8.390195], [113.401153, -8.38381]]}}, {"type": "Feature", "properties": {"OBJECTID": 1282, "NAMOBJ": "KALI BONDOYUDO", "FCODE": "60100", "REMARK": "Garis Tepi Perairan Alam Lainnya"}, "geometry": {"type": "LineString", "coordinates": [[113.238002, -8.080941], [113.238808, -8.078814], [113.242875, -8.081968], [113.246256, -8.081091], [113.253344, -8.090336], [113.26677, -8.099234], [113.266131, -8.105343], [113.269068, -8.102546], [113.270635, -8.108349], [113.274926, -8.1099], [113.270909, -8.118381], [113.273582, -8.121111], [113.269721, -8.121877], [113.278855, -8.130163], [113.274278, -8.138966], [113.278156, -8.143958], [113.27327, -8.150231], [113.277592, -8.153093], [113.272564, -8.157751], [113.278817, -8.164985], [113.282777, -8.165439], [113.285607, -8.174686], [113.289335, -8.178231], [113.292341, -8.177337], [113.296334, -8.184838], [113.295219, -8.188806], [113.298671, -8.188199], [113.298128, -8.199187], [113.300868, -8.201588], [113.304793, -8.200175], [113.306971, -8.205628], [113.305965, -8.21902], [113.315565, -8.238227], [113.315372, -8.248692], [113.320077, -8.26247], [113.312498, -8.29136], [113.303413, -8.307478]]}}, {"type": "Feature", "properties": {"OBJECTID": 1291, "NAMOBJ": "KALI APURBEDODO", "FCODE": "60100", "REMARK": "Garis Tepi Perairan Alam Lainnya"}, "geometry": {"type": "LineString", "coordinates": [[113.395473, -8.370933], [113.402381, -8.383379], [113.407174, -8.38405]]}}, {"type": "Feature", "properties": {"OBJECTID": 1650, "NAMOBJ": "KALI KLATAKAN", "FCODE": "60100", "REMARK": "Garis Tepi Perairan Alam Lainnya"}, "geometry": {"type": "LineString", "coordinates": [[113.585831, -8.207822], [113.589142, -8.198517], [113.59321, -8.19533], [113.595425, -8.181547]]}}, {"type": "Feature", "properties": {"OBJECTID": 1864, "NAMOBJ": "KALI MAYANG", "FCODE": "60100", "REMARK": "Garis Tepi Perairan Alam Lainnya"}, "geometry": {"type": "LineString", "coordinates": [[113.645672, -8.386601], [113.645917, -8.382115], [113.648503, -8.385301]]}}, {"type": "Feature", "properties": {"OBJECTID": 2029, "NAMOBJ": "KALI MAYANG", "FCODE": "60100", "REMARK": "Garis Tepi Perairan Alam Lainnya"}, "geometry": {"type": "LineString", "coordinates": [[113.938002, -8.16763], [113.930708, -8.164431], [113.911381, -8.175251], [113.889089, -8.168947], [113.873649, -8.1701], [113.865096, -8.178328], [113.856381, -8.180574], [113.849361, -8.176973], [113.841624, -8.178471], [113.832124, -8.169324], [113.816142, -8.168698], [113.800368, -8.175507], [113.789902, -8.174694], [113.786067, -8.18218], [113.778186, -8.188251], [113.766216, -8.188018], [113.754922, -8.192841]]}}, {"type": "Feature", "properties": {"OBJECTID": 5610, "NAMOBJ": "KALI SUMBERGAYAM", "FCODE": "60110", "REMARK": "Sungai Satu Garis"}, "geometry": {"type": "LineString", "coordinates": [[113.627466, -8.18211], [113.627689, -8.211412]]}}, {"type": "Feature", "properties": {"OBJECTID": 5625, "NAMOBJ": "KALI ANTIROGO", "FCODE": "60110", "REMARK": "Sungai Satu Garis"}, "geometry": {"type": "LineString", "coordinates": [[113.728704, -8.159947], [113.742947, -8.144539], [113.748433, -8.143372], [113.764804, -8.130459], [113.770734, -8.12932], [113.770457, -8.120918]]}}, {"type": "Feature", "properties": {"OBJECTID": 5629, "NAMOBJ": "", "FCODE": "60110", "REMARK": "Sungai Satu Garis"}, "geometry": {"type": "LineString", "coordinates": [[113.480756, -8.055024], [113.473385, -8.058664], [113.471961, -8.067616], [113.466345, -8.0686], [113.460266, -8.076094], [113.453263, -8.077263], [113.450521, -8.082917], [113.44312, -8.083765], [113.432759, -8.090617], [113.432209, -8.098898], [113.42049, -8.108191], [113.416536, -8.121864]]}}, {"type": "Feature", "properties": {"OBJECTID": 5644, "NAMOBJ": "KALI PACE", "FCODE": "60110", "REMARK": "Sungai Satu Garis"}, "geometry": {"type": "LineString", "coordinates": [[113.84689, -8.243168], [113.850088, -8.243108], [113.851124, -8.249396], [113.859753, -8.254951], [113.869119, -8.252374], [113.879873, -8.254534], [113.894404, -8.244901]]}}, {"type": "Feature", "properties": {"OBJECTID": 5674, "NAMOBJ": "", "FCODE": "60110", "REMARK": "Sungai Satu Garis"}, "geometry": {"type": "LineString", "coordinates": [[113.968993, -8.074631], [113.946172, -8.062619], [113.937441, -8.054407], [113.915927, -8.046072], [113.908187, -8.034604]]}}, {"type": "Feature", "properties": {"OBJECTID": 5692, "NAMOBJ": "KALI SUKO", "FCODE": "60110", "REMARK": "Sungai Satu Garis"}, "geometry": {"type": "LineString", "coordinates": [[113.471208, -8.07083], [113.458061, -8.094114], [113.460434, -8.101037], [113.450592, -8.107555], [113.451539, -8.118298], [113.444902, -8.124984], [113.443996, -8.131244], [113.430619, -8.136928], [113.432663, -8.149592]]}}, {"type": "Feature", "properties": {"OBJECTID": 6608, "NAMOBJ": "KALI GAMBIRONO", "FCODE": "60110", "REMARK": "Sungai Satu Garis"}, "geometry": {"type": "LineString", "coordinates": [[113.489666, -8.244967], [113.496926, -8.229968], [113.494484, -8.221013], [113.498232, -8.214921]]}}, {"type": "Feature", "properties": {"OBJECTID": 6632, "NAMOBJ": "", "FCODE": "60110", "REMARK": "Sungai Satu Garis"}, "geometry": {"type": "LineString", "coordinates": [[113.642064, -8.425299], [113.625918, -8.432201]]}}, {"type": "Feature", "properties": {"OBJECTID": 6659, "NAMOBJ": "KALI ORONG-ORONG", "FCODE": "60110", "REMARK": "Sungai Satu Garis"}, "geometry": {"type": "LineString", "coordinates": [[113.316952, -8.015896], [113.317072, -8.019087], [113.299607, -8.034019], [113.293527, -8.046613], [113.294912, -8.055099], [113.28835, -8.062674], [113.290234, -8.079957], [113.28668, -8.081704], [113.284345, -8.093936], [113.282469, -8.097192], [113.274042, -8.095252], [113.269875, -8.104255]]}}, {"type": "Feature", "properties": {"OBJECTID": 6670, "NAMOBJ": "KALI AJUNG", "FCODE": "60110", "REMARK": "Sungai Satu Garis"}, "geometry": {"type": "LineString", "coordinates": [[113.746532, -8.188207], [113.766491, -8.18488]]}}, {"type": "Feature", "properties": {"OBJECTID": 6823, "NAMOBJ": "KALI PINANGPAIT", "FCODE": "60110", "REMARK": "Sungai Satu Garis"}, "geometry": {"type": "LineString", "coordinates": [[113.502591, -7.998471], [113.475956, -7.976612], [113.44082, -7.961889], [113.438064, -7.958889], [113.439344, -7.955293], [113.434554, -7.951986], [113.427532, -7.955795], [113.423581, -7.952454], [113.417457, -7.958294], [113.410509, -7.95485], [113.401071, -7.961299]]}}, {"type": "Feature", "properties": {"OBJECTID": 7685, "NAMOBJ": "KALI KEPEL", "FCODE": "60110", "REMARK": "Sungai Satu Garis"}, "geometry": {"type": "LineString", "coordinates": [[113.488602, -8.370576], [113.49359, -8.368975], [113.518371, -8.374316], [113.516252, -8.375366], [113.519034, -8.382479], [113.507723, -8.397487]]}}, {"type": "Feature", "properties": {"OBJECTID": 7840, "NAMOBJ": "KALI BELUD", "FCODE": "60110", "REMARK": "Sungai Satu Garis"}, "geometry": {"type": "LineString", "coordinates": [[114.055218, -8.108971], [114.053518, -8.096923], [114.038277, -8.080801], [114.031699, -8.061716], [114.023762, -8.05199], [114.02087, -8.04076], [114.00659, -8.027332], [114.00477, -8.019897], [113.983534, -7.996082], [113.95936, -7.977446], [113.943635, -7.956138], [113.933264, -7.94957], [113.901952, -7.939655], [113.898319, -7.931462], [113.880947, -7.911871], [113.881765, -7.899505], [113.875553, -7.894802]]}}, {"type": "Feature", "properties": {"OBJECTID": 7848, "NAMOBJ": "KALI SUMBERPINANG", "FCODE": "60110", "REMARK": "Sungai Satu Garis"}, "geometry": {"type": "LineString", "coordinates": [[113.855858, -8.180524], [113.826658, -8.181856], [113.811933, -8.176181], [113.797739, -8.179572], [113.79235, -8.194932]]}}, {"type": "Feature", "properties": {"OBJECTID": 7856, "NAMOBJ": "", "FCODE": "60110", "REMARK": "Sungai Satu Garis"}, "geometry": {"type": "LineString", "coordinates": [[113.602181, -8.428913], [113.596454, -8.431589]]}}, {"type": "Feature", "properties": {"OBJECTID": 7865, "NAMOBJ": "KALI PETUNG", "FCODE": "60110", "REMARK": "Sungai Satu Garis"}, "geometry": {"type": "LineString", "coordinates": [[113.593731, -8.158118], [113.591801, -8.174708]]}}, {"type": "Feature", "properties": {"OBJECTID": 7870, "NAMOBJ": "KALI SAPUTUK", "FCODE": "60110", "REMARK": "Sungai Satu Garis"}, "geometry": {"type": "LineString", "coordinates": [[113.374374, -8.363764], [113.380047, -8.365753], [113.386626, -8.381567]]}}, {"type": "Feature", "properties": {"OBJECTID": 7877, "NAMOBJ": "", "FCODE": "60110", "REMARK": "Sungai Satu Garis"}, "geometry": {"type": "LineString", "coordinates": [[113.69673, -8.170218], [113.694024, -8.157563]]}}, {"type": "Feature", "properties": {"OBJECTID": 7878, "NAMOBJ": "KALI BESINI", "FCODE": "60110", "REMARK": "Sungai Satu Garis"}, "geometry": {"type": "LineString", "coordinates": [[113.460962, -8.369072], [113.458238, -8.364889], [113.438221, -8.361409]]}}, {"type": "Feature", "properties": {"OBJECTID": 7890, "NAMOBJ": "KALI PUTIH", "FCODE": "60110", "REMARK": "Sungai Satu Garis"}, "geometry": {"type": "LineString", "coordinates": [[113.614174, -8.16359], [113.6222, -8.157838], [113.625375, -8.13528], [113.637531, -8.113191], [113.640383, -8.089002], [113.638719, -8.080708], [113.634284, -8.075717], [113.632541, -8.062612], [113.628199, -8.057685], [113.630094, -8.049001], [113.614535, -8.00519], [113.615035, -7.996423], [113.609312, -7.993136]]}}, {"type": "Feature", "properties": {"OBJECTID": 7904, "NAMOBJ": "KALI MENENG", "FCODE": "60110", "REMARK": "Sungai Satu Garis"}, "geometry": {"type": "LineString", "coordinates": [[113.433602, -8.19677], [113.417717, -8.206933], [113.40053, -8.205173], [113.381417, -8.236408], [113.371741, -8.269939], [113.372749, -8.27412], [113.357241, -8.301812], [113.354371, -8.312739], [113.384212, -8.339758], [113.394633, -8.353871]]}}, {"type": "Feature", "properties": {"OBJECTID": 8771, "NAMOBJ": "", "FCODE": "60110", "REMARK": "Sungai Satu Garis"}, "geometry": {"type": "LineString", "coordinates": [[114.016996, -7.937556], [113.996573, -7.912941]]}}, {"type": "Feature", "properties": {"OBJECTID": 8800, "NAMOBJ": "", "FCODE": "60110", "REMARK": "Sungai Satu Garis"}, "geometry": {"type": "LineString", "coordinates": [[113.331718, -8.072787], [113.327711, -8.062979]]}}, {"type": "Feature", "properties": {"OBJECTID": 8911, "NAMOBJ": "KALI DUREN", "FCODE": "60110", "REMARK": "Sungai Satu Garis"}, "geometry": {"type": "LineString", "coordinates": [[113.371921, -8.119846], [113.37517, -8.11641], [113.375656, -8.102916], [113.377797, -8.101598], [113.37544, -8.094512], [113.376976, -8.087939], [113.373927, -8.084135], [113.375742, -8.074595], [113.379222, -8.075569], [113.383253, -8.067531], [113.388823, -8.06808], [113.401003, -8.057164]]}}, {"type": "Feature", "properties": {"OBJECTID": 8920, "NAMOBJ": "KALI LINYU", "FCODE": "60110", "REMARK": "Sungai Satu Garis"}, "geometry": {"type": "LineString", "coordinates": [[113.885467, -8.083172], [113.88187, -8.081875], [113.86206, -8.087224], [113.831103, -8.085587], [113.823497, -8.087099], [113.821365, -8.091336]]}}, {"type": "Feature", "properties": {"OBJECTID": 8929, "NAMOBJ": "", "FCODE": "60110", "REMARK": "Sungai Satu Garis"}, "geometry": {"type": "LineString", "coordinates": [[113.904475, -8.086898], [113.900602, -8.091604], [113.90504, -8.096011]]}}, {"type": "Feature", "properties": {"OBJECTID": 8936, "NAMOBJ": "KALI ASTENAN", "FCODE": "60110", "REMARK": "Sungai Satu Garis"}, "geometry": {"type": "LineString", "coordinates": [[113.366826, -8.108926], [113.363126, -8.114632]]}}, {"type": "Feature", "properties": {"OBJECTID": 9925, "NAMOBJ": "KALI GALADAGMAYIT", "FCODE": "60110", "REMARK": "Sungai Satu Garis"}, "geometry": {"type": "LineString", "coordinates": [[113.56127, -8.299349], [113.570351, -8.283858], [113.577821, -8.282025], [113.593274, -8.268786], [113.60161, -8.268993], [113.612456, -8.265048], [113.614387, -8.25]]}}, {"type": "Feature", "properties": {"OBJECTID": 9935, "NAMOBJ": "KALI GUNUNGBUTAK", "FCODE": "60110", "REMARK": "Sungai Satu Garis"}, "geometry": {"type": "LineString", "coordinates": [[113.643655, -8.388001], [113.653231, -8.398502], [113.670334, -8.39349], [113.682506, -8.397266], [113.695424, -8.396572], [113.705721, -8.391909], [113.714313, -8.398119], [113.728329, -8.398073], [113.732193, -8.404997], [113.749445, -8.410043], [113.756355, -8.41626], [113.799619, -8.415299]]}}, {"type": "Feature", "properties": {"OBJECTID": 9950, "NAMOBJ": "KALI MANGGUNG", "FCODE": "60110", "REMARK": "Sungai Satu Garis"}, "geometry": {"type": "LineString", "coordinates": [[113.84429, -8.233302], [113.849882, -8.232321], [113.858022, -8.220052], [113.871939, -8.216218], [113.872709, -8.207865], [113.877095, -8.204737]]}}, {"type": "Feature", "properties": {"OBJECTID": 9955, "NAMOBJ": "KALI JAMBE", "FCODE": "60110", "REMARK": "Sungai Satu Garis"}, "geometry": {"type": "LineString", "coordinates": [[113.938139, -8.492829], [113.945744, -8.488643], [113.960586, -8.487204], [113.975396, -8.500667], [113.973869, -8.507391], [113.980433, -8.510922], [113.980948, -8.515179]]}}, {"type": "Feature", "properties": {"OBJECTID": 9961, "NAMOBJ": "", "FCODE": "60110", "REMARK": "Sungai Satu Garis"}, "geometry": {"type": "LineString", "coordinates": [[113.636338, -8.206247], [113.637775, -8.199365]]}}, {"type": "Feature", "properties": {"OBJECTID": 9985, "NAMOBJ": "KALI GLADAKBIDUNG", "FCODE": "60110", "REMARK": "Sungai Satu Garis"}, "geometry": {"type": "LineString", "coordinates": [[113.683831, -8.272299], [113.667107, -8.247679], [113.673301, -8.235606], [113.711991, -8.221292], [113.720655, -8.21373], [113.719858, -8.209099], [113.726269, -8.199854], [113.739198, -8.194638]]}}, {"type": "Feature", "properties": {"OBJECTID": 9989, "NAMOBJ": "KALI KLAMPOKAN", "FCODE": "60110", "REMARK": "Sungai Satu Garis"}, "geometry": {"type": "LineString", "coordinates": [[114.104032, -8.014907], [114.094326, -8.008194], [114.082745, -7.980293], [114.071943, -7.971687], [114.066185, -7.970574], [114.046861, -7.951189], [114.040649, -7.948507], [114.027857, -7.927822], [114.022142, -7.926231], [114.01076, -7.910005], [114.000021, -7.902787], [113.997875, -7.896736], [113.992325, -7.893333], [113.987955, -7.879955], [113.981345, -7.876107], [113.978899, -7.866716], [113.97263, -7.862273], [113.971413, -7.853076], [113.964387, -7.839278], [113.97097, -7.82674], [113.968818, -7.810773]]}}, {"type": "Feature", "properties": {"OBJECTID": 10002, "NAMOBJ": "", "FCODE": "60110", "REMARK": "Sungai Satu Garis"}, "geometry": {"type": "LineString", "coordinates": [[113.300155, -8.067772], [113.300085, -8.067845]]}}, {"type": "Feature", "properties": {"OBJECTID": 10011, "NAMOBJ": "", "FCODE": "60110", "REMARK": "Sungai Satu Garis"}, "geometry": {"type": "LineString", "coordinates": [[113.311963, -8.112564], [113.308725, -8.114178], [113.299876, -8.111897]]}}, {"type": "Feature", "properties": {"OBJECTID": 11012, "NAMOBJ": "KALI BEDADUNG", "FCODE": "60110", "REMARK": "Sungai Satu Garis"}, "geometry": {"type": "LineString", "coordinates": [[113.793803, -8.081075], [113.786294, -8.089984], [113.786044, -8.094041], [113.789879, -8.096714], [113.785763, -8.102588]]}}, {"type": "Feature", "properties": {"OBJECTID": 11014, "NAMOBJ": "KALI SILOKAMBANG", "FCODE": "60110", "REMARK": "Sungai Satu Garis"}, "geometry": {"type": "LineString", "coordinates": [[113.84323, -7.912607], [113.821811, -7.907918], [113.821349, -7.903832], [113.817794, -7.905627], [113.804463, -7.899652], [113.801246, -7.900611], [113.798797, -7.897019]]}}, {"type": "Feature", "properties": {"OBJECTID": 11023, "NAMOBJ": "", "FCODE": "60110", "REMARK": "Sungai Satu Garis"}, "geometry": {"type": "LineString", "coordinates": [[113.425897, -8.090253], [113.418764, -8.105826], [113.403338, -8.118437], [113.402836, -8.125147], [113.397632, -8.126585]]}}, {"type": "Feature", "properties": {"OBJECTID": 11052, "NAMOBJ": "", "FCODE": "60110", "REMARK": "Sungai Satu Garis"}, "geometry": {"type": "LineString", "coordinates": [[113.818494, -8.396853], [113.821241, -8.394005], [113.819513, -8.375663], [113.811606, -8.362809]]}}, {"type": "Feature", "properties": {"OBJECTID": 11080, "NAMOBJ": "KALI PENGGUNG", "FCODE": "60110", "REMARK": "Sungai Satu Garis"}, "geometry": {"type": "LineString", "coordinates": [[113.45572, -8.252016], [113.469612, -8.22149], [113.481145, -8.219282], [113.487276, -8.204529], [113.499945, -8.202884]]}}, {"type": "Feature", "properties": {"OBJECTID": 11097, "NAMOBJ": "", "FCODE": "60110", "REMARK": "Sungai Satu Garis"}, "geometry": {"type": "LineString", "coordinates": [[113.673403, -8.182725], [113.670899, -8.173033]]}}, {"type": "Feature", "properties": {"OBJECTID": 11975, "NAMOBJ": "", "FCODE": "60110", "REMARK": "Sungai Satu Garis"}, "geometry": {"type": "LineString", "coordinates": [[113.313655, -8.08634], [113.297363, -8.098753]]}}, {"type": "Feature", "properties": {"OBJECTID": 11987, "NAMOBJ": "KALI KARANGKONGAN", "FCODE": "60110", "REMARK": "Sungai Satu Garis"}, "geometry": {"type": "LineString", "coordinates": [[113.454194, -8.265093], [113.467054, -8.271265], [113.464352, -8.284261], [113.441364, -8.295647], [113.431128, -8.293952], [113.429365, -8.296489]]}}, {"type": "Feature", "properties": {"OBJECTID": 12060, "NAMOBJ": "KALI KEBONPANTAI", "FCODE": "60110", "REMARK": "Sungai Satu Garis"}, "geometry": {"type": "LineString", "coordinates": [[113.722026, -8.481371], [113.710666, -8.463708], [113.711583, -8.459093], [113.703692, -8.453878], [113.69324, -8.456732]]}}, {"type": "Feature", "properties": {"OBJECTID": 12069, "NAMOBJ": "", "FCODE": "60110", "REMARK": "Sungai Satu Garis"}, "geometry": {"type": "LineString", "coordinates": [[113.614742, -8.18111], [113.615312, -8.187797], [113.619352, -8.189117], [113.617637, -8.197828], [113.609705, -8.20241]]}}, {"type": "Feature", "properties": {"OBJECTID": 12085, "NAMOBJ": "KALI GLADAKKUDUNG", "FCODE": "60110", "REMARK": "Sungai Satu Garis"}, "geometry": {"type": "LineString", "coordinates": [[114.025769, -8.167812], [114.023275, -8.171449], [114.026985, -8.183198], [114.024299, -8.19506], [114.014582, -8.207795], [114.01106, -8.218469], [114.001873, -8.227299], [113.998938, -8.236689], [113.991225, -8.243294], [113.986769, -8.261437]]}}, {"type": "Feature", "properties": {"OBJECTID": 12098, "NAMOBJ": "", "FCODE": "60110", "REMARK": "Sungai Satu Garis"}, "geometry": {"type": "LineString", "coordinates": [[113.642247, -8.331689], [113.645074, -8.323371]]}}, {"type": "Feature", "properties": {"OBJECTID": 12104, "NAMOBJ": "", "FCODE": "60110", "REMARK": "Sungai Satu Garis"}, "geometry": {"type": "LineString", "coordinates": [[113.305843, -8.042638], [113.3031, -8.047248], [113.306187, -8.059504], [113.302378, -8.061281], [113.300155, -8.067772]]}}, {"type": "Feature", "properties": {"OBJECTID": 12108, "NAMOBJ": "", "FCODE": "60110", "REMARK": "Sungai Satu Garis"}, "geometry": {"type": "LineString", "coordinates": [[113.621742, -8.337924], [113.628781, -8.343468]]}}, {"type": "Feature", "properties": {"OBJECTID": 12131, "NAMOBJ": "KALI PEJATEN", "FCODE": "60110", "REMARK": "Sungai Satu Garis"}, "geometry": {"type": "LineString", "coordinates": [[113.83369, -7.906545], [113.853034, -7.898004], [113.862128, -7.897025]]}}, {"type": "Feature", "properties": {"OBJECTID": 12132, "NAMOBJ": "KALI PEJIARA", "FCODE": "60110", "REMARK": "Sungai Satu Garis"}, "geometry": {"type": "LineString", "coordinates": [[113.584227, -8.106639], [113.57994, -8.082637], [113.584973, -8.076517], [113.582702, -8.069267], [113.586677, -8.054505]]}}, {"type": "Feature", "properties": {"OBJECTID": 12139, "NAMOBJ": "KALI GARU", "FCODE": "60110", "REMARK": "Sungai Satu Garis"}, "geometry": {"type": "LineString", "coordinates": [[113.916889, -8.02244], [113.907599, -8.013139], [113.886678, -8.00151], [113.875312, -7.989923], [113.859426, -7.961124], [113.851255, -7.952075], [113.842058, -7.947017], [113.8405, -7.940814]]}}, {"type": "Feature", "properties": {"OBJECTID": 12163, "NAMOBJ": "KALI SUMBERBULUS", "FCODE": "60110", "REMARK": "Sungai Satu Garis"}, "geometry": {"type": "LineString", "coordinates": [[113.516782, -8.13753], [113.517925, -8.128408], [113.532072, -8.105852], [113.533167, -8.090376], [113.541904, -8.076371]]}}, {"type": "Feature", "properties": {"OBJECTID": 12176, "NAMOBJ": "", "FCODE": "60110", "REMARK": "Sungai Satu Garis"}, "geometry": {"type": "LineString", "coordinates": [[113.827062, -8.250934], [113.817683, -8.26067], [113.804856, -8.268347], [113.801094, -8.279496], [113.792178, -8.287196], [113.784541, -8.285491]]}}, {"type": "Feature", "properties": {"OBJECTID": 12204, "NAMOBJ": "", "FCODE": "60110", "REMARK": "Sungai Satu Garis"}, "geometry": {"type": "LineString", "coordinates": [[113.837009, -8.344978], [113.83768, -8.348565], [113.831028, -8.357952]]}}, {"type": "Feature", "properties": {"OBJECTID": 13025, "NAMOBJ": "KALI SUMBERPAGET", "FCODE": "60110", "REMARK": "Sungai Satu Garis"}, "geometry": {"type": "LineString", "coordinates": [[113.871006, -8.345732], [113.877355, -8.342058], [113.879347, -8.344745], [113.886756, -8.343761], [113.891194, -8.347008], [113.896689, -8.344568], [113.90011, -8.347065], [113.90375, -8.342472], [113.908147, -8.343966], [113.911513, -8.350019], [113.915824, -8.348119], [113.915903, -8.35317], [113.921224, -8.357324], [113.918709, -8.35849], [113.922533, -8.363459], [113.921645, -8.369897], [113.927749, -8.376714], [113.923486, -8.383985], [113.931757, -8.390507], [113.926566, -8.398682], [113.92274, -8.421857], [113.918218, -8.426651], [113.904493, -8.43213], [113.896909, -8.43017], [113.892025, -8.422225]]}}, {"type": "Feature", "properties": {"OBJECTID": 13030, "NAMOBJ": "KALI ANTOKAN", "FCODE": "60110", "REMARK": "Sungai Satu Garis"}, "geometry": {"type": "LineString", "coordinates": [[113.871499, -8.111176], [113.860265, -8.106808], [113.844115, -8.107529], [113.828968, -8.112802], [113.823011, -8.109926], [113.785768, -8.106465]]}}, {"type": "Feature", "properties": {"OBJECTID": 13033, "NAMOBJ": "KALI PACE", "FCODE": "60110", "REMARK": "Sungai Satu Garis"}, "geometry": {"type": "LineString", "coordinates": [[113.831699, -8.001482], [113.832209, -7.993504], [113.823977, -7.984661], [113.816755, -7.983708], [113.822674, -7.962544], [113.818731, -7.960279]]}}, {"type": "Feature", "properties": {"OBJECTID": 13052, "NAMOBJ": "KALI KLAMPOK", "FCODE": "60110", "REMARK": "Sungai Satu Garis"}, "geometry": {"type": "LineString", "coordinates": [[113.340045, -7.966028], [113.328694, -7.955871], [113.317892, -7.953215], [113.308765, -7.954544], [113.288131, -7.946485], [113.288479, -7.938938], [113.281847, -7.924438], [113.286621, -7.914907], [113.285849, -7.891274], [113.289925, -7.875798]]}}, {"type": "Feature", "properties": {"OBJECTID": 13055, "NAMOBJ": "KALI TOLIK", "FCODE": "60110", "REMARK": "Sungai Satu Garis"}, "geometry": {"type": "LineString", "coordinates": [[113.365315, -8.471209], [113.370419, -8.4772], [113.366023, -8.482519], [113.368555, -8.490933], [113.37454, -8.49629]]}}, {"type": "Feature", "properties": {"OBJECTID": 13059, "NAMOBJ": "RANU KEMBAR", "FCODE": "60110", "REMARK": "Sungai Satu Garis"}, "geometry": {"type": "LineString", "coordinates": [[113.322927, -8.00899], [113.324141, -8.00766], [113.322927, -8.00899]]}}, {"type": "Feature", "properties": {"OBJECTID": 13078, "NAMOBJ": "KALI PSARALAS", "FCODE": "60110", "REMARK": "Sungai Satu Garis"}, "geometry": {"type": "LineString", "coordinates": [[113.999395, -8.154089], [113.977153, -8.170973], [113.973146, -8.176857], [113.96633, -8.179719], [113.960148, -8.189264], [113.948529, -8.190445], [113.944462, -8.209993], [113.933459, -8.224312], [113.930644, -8.235832]]}}, {"type": "Feature", "properties": {"OBJECTID": 13085, "NAMOBJ": "", "FCODE": "60110", "REMARK": "Sungai Satu Garis"}, "geometry": {"type": "LineString", "coordinates": [[113.649052, -8.426321], [113.625918, -8.432201], [113.624058, -8.440973], [113.599947, -8.43079]]}}, {"type": "Feature", "properties": {"OBJECTID": 13087, "NAMOBJ": "", "FCODE": "60110", "REMARK": "Sungai Satu Garis"}, "geometry": {"type": "LineString", "coordinates": [[113.337567, -8.112201], [113.338606, -8.121089]]}}, {"type": "Feature", "properties": {"OBJECTID": 13088, "NAMOBJ": "KALI PAKISAN", "FCODE": "60110", "REMARK": "Sungai Satu Garis"}, "geometry": {"type": "LineString", "coordinates": [[113.866423, -7.89817], [113.866519, -7.9167], [113.869331, -7.918373], [113.868717, -7.924213], [113.874072, -7.932504], [113.874486, -7.940275], [113.881985, -7.953574]]}}, {"type": "Feature", "properties": {"OBJECTID": 13107, "NAMOBJ": "KALI SASI", "FCODE": "60110", "REMARK": "Sungai Satu Garis"}, "geometry": {"type": "LineString", "coordinates": [[113.815459, -8.046092], [113.805101, -8.059271], [113.788034, -8.067623], [113.778046, -8.083317], [113.770544, -8.085559]]}}, {"type": "Feature", "properties": {"OBJECTID": 13126, "NAMOBJ": "KALI BEUS", "FCODE": "60110", "REMARK": "Sungai Satu Garis"}, "geometry": {"type": "LineString", "coordinates": [[113.3152, -8.196674], [113.316127, -8.209161], [113.311656, -8.218575], [113.312781, -8.228953]]}}, {"type": "Feature", "properties": {"OBJECTID": 13127, "NAMOBJ": "", "FCODE": "60110", "REMARK": "Sungai Satu Garis"}, "geometry": {"type": "LineString", "coordinates": [[113.497405, -8.061194], [113.495412, -8.070699], [113.470964, -8.100342], [113.462289, -8.127615]]}}, {"type": "Feature", "properties": {"OBJECTID": 13135, "NAMOBJ": "", "FCODE": "60110", "REMARK": "Sungai Satu Garis"}, "geometry": {"type": "LineString", "coordinates": [[113.621873, -8.438501], [113.608468, -8.425744]]}}, {"type": "Feature", "properties": {"OBJECTID": 13137, "NAMOBJ": "KALI YAS", "FCODE": "60110", "REMARK": "Sungai Satu Garis"}, "geometry": {"type": "LineString", "coordinates": [[113.986996, -8.20599], [113.989796, -8.230272], [113.978834, -8.25856], [113.981332, -8.266622], [113.97938, -8.276319], [113.986873, -8.283446], [113.99173, -8.296793]]}}, {"type": "Feature", "properties": {"OBJECTID": 13144, "NAMOBJ": "", "FCODE": "60110", "REMARK": "Sungai Satu Garis"}, "geometry": {"type": "LineString", "coordinates": [[113.346237, -8.11316], [113.3471, -8.107096]]}}, {"type": "Feature", "properties": {"OBJECTID": 13154, "NAMOBJ": "KALI GLAGAH", "FCODE": "60110", "REMARK": "Sungai Satu Garis"}, "geometry": {"type": "LineString", "coordinates": [[113.337132, -8.045905], [113.343324, -8.063031], [113.345593, -8.097201], [113.348758, -8.101207], [113.33703, -8.108784]]}}, {"type": "Feature", "properties": {"OBJECTID": 13164, "NAMOBJ": "", "FCODE": "60110", "REMARK": "Sungai Satu Garis"}, "geometry": {"type": "LineString", "coordinates": [[113.499792, -8.093291], [113.496834, -8.10081], [113.485603, -8.108338], [113.483949, -8.112911]]}}, {"type": "Feature", "properties": {"OBJECTID": 13167, "NAMOBJ": "", "FCODE": "60110", "REMARK": "Sungai Satu Garis"}, "geometry": {"type": "LineString", "coordinates": [[113.659936, -8.397106], [113.66291, -8.39476]]}}, {"type": "Feature", "properties": {"OBJECTID": 14029, "NAMOBJ": "KALI KEMIRI", "FCODE": "60110", "REMARK": "Sungai Satu Garis"}, "geometry": {"type": "LineString", "coordinates": [[113.65231, -8.110265], [113.649846, -8.125911], [113.654941, -8.15265], [113.64861, -8.161564]]}}, {"type": "Feature", "properties": {"OBJECTID": 14056, "NAMOBJ": "KALI KERTOSONO", "FCODE": "60110", "REMARK": "Sungai Satu Garis"}, "geometry": {"type": "LineString", "coordinates": [[113.576774, -7.945789], [113.578131, -7.938951], [113.575186, -7.929721], [113.567976, -7.926929], [113.554924, -7.908045], [113.543108, -7.903012], [113.536699, -7.893113], [113.535482, -7.894998], [113.530302, -7.893633], [113.52938, -7.890767], [113.525045, -7.892051], [113.517316, -7.884887], [113.50495, -7.884145], [113.485877, -7.871387], [113.48095, -7.864291], [113.482232, -7.849298], [113.47764, -7.842408], [113.464566, -7.828301], [113.458691, -7.827637], [113.450916, -7.818271], [113.442754, -7.816034], [113.440567, -7.810869]]}}, {"type": "Feature", "properties": {"OBJECTID": 14070, "NAMOBJ": "KALI PANCUNG", "FCODE": "60110", "REMARK": "Sungai Satu Garis"}, "geometry": {"type": "LineString", "coordinates": [[113.82399, -8.068027], [113.812229, -8.075326]]}}, {"type": "Feature", "properties": {"OBJECTID": 14074, "NAMOBJ": "", "FCODE": "60110", "REMARK": "Sungai Satu Garis"}, "geometry": {"type": "LineString", "coordinates": [[113.30172, -8.063367], [113.298663, -8.057951]]}}, {"type": "Feature", "properties": {"OBJECTID": 14079, "NAMOBJ": "KALI PENGAH", "FCODE": "60110", "REMARK": "Sungai Satu Garis"}, "geometry": {"type": "LineString", "coordinates": [[113.555789, -8.026208], [113.54645, -8.029567], [113.53836, -8.04572], [113.529232, -8.053525], [113.517891, -8.094479], [113.518895, -8.10741], [113.499265, -8.125476], [113.498558, -8.134853], [113.489165, -8.148464], [113.483132, -8.151476], [113.476343, -8.150913], [113.466496, -8.157839], [113.467036, -8.160105]]}}, {"type": "Feature", "properties": {"OBJECTID": 14107, "NAMOBJ": "KALI ANGKENEK", "FCODE": "60110", "REMARK": "Sungai Satu Garis"}, "geometry": {"type": "LineString", "coordinates": [[113.569077, -7.963509], [113.577612, -7.959872], [113.583667, -7.96473], [113.582135, -7.978905], [113.58656, -7.986175], [113.58482, -7.995242], [113.588561, -8.004543], [113.587149, -8.011435], [113.575416, -8.023544]]}}, {"type": "Feature", "properties": {"OBJECTID": 14122, "NAMOBJ": "KALI TAJEM", "FCODE": "60110", "REMARK": "Sungai Satu Garis"}, "geometry": {"type": "LineString", "coordinates": [[113.977347, -8.404854], [113.992844, -8.403607], [113.998016, -8.390355], [113.997085, -8.383825], [114.001933, -8.381446]]}}, {"type": "Feature", "properties": {"OBJECTID": 14157, "NAMOBJ": "KALI GALADAGMAYIT", "FCODE": "60110", "REMARK": "Sungai Satu Garis"}, "geometry": {"type": "LineString", "coordinates": [[113.535056, -8.314442], [113.542284, -8.315823], [113.54967, -8.312479], [113.555872, -8.304936], [113.55982, -8.30463], [113.562056, -8.299612], [113.557829, -8.316378], [113.566684, -8.329462], [113.560417, -8.338129], [113.559189, -8.348398], [113.546849, -8.358133], [113.539192, -8.355768], [113.539315, -8.362479], [113.534294, -8.372815], [113.51884, -8.375001]]}}, {"type": "Feature", "properties": {"OBJECTID": 14168, "NAMOBJ": "", "FCODE": "60110", "REMARK": "Sungai Satu Garis"}, "geometry": {"type": "LineString", "coordinates": [[113.439567, -8.018556], [113.42434, -8.027613], [113.421097, -8.027103], [113.417068, -8.031527], [113.414596, -8.030664], [113.410348, -8.037318], [113.411162, -8.045326], [113.407595, -8.046289], [113.40594, -8.052328]]}}, {"type": "Feature", "properties": {"OBJECTID": 14185, "NAMOBJ": "KALI KARANGTAMBAK", "FCODE": "60110", "REMARK": "Sungai Satu Garis"}, "geometry": {"type": "LineString", "coordinates": [[113.95089, -8.40311], [113.972402, -8.445586], [113.968705, -8.456585]]}}, {"type": "Feature", "properties": {"OBJECTID": 14194, "NAMOBJ": "", "FCODE": "60110", "REMARK": "Sungai Satu Garis"}, "geometry": {"type": "LineString", "coordinates": [[113.479428, -8.150669], [113.47241, -8.151003], [113.462803, -8.157806], [113.458357, -8.155981]]}}, {"type": "Feature", "properties": {"OBJECTID": 15111, "NAMOBJ": "", "FCODE": "60110", "REMARK": "Sungai Satu Garis"}, "geometry": {"type": "LineString", "coordinates": [[113.415715, -8.099553], [113.409775, -8.107077]]}}, {"type": "Feature", "properties": {"OBJECTID": 15124, "NAMOBJ": "KALI BAGO", "FCODE": "60110", "REMARK": "Sungai Satu Garis"}, "geometry": {"type": "LineString", "coordinates": [[113.51691, -8.218917], [113.505052, -8.251087], [113.499782, -8.253888], [113.478073, -8.291447], [113.472078, -8.314853]]}}, {"type": "Feature", "properties": {"OBJECTID": 15130, "NAMOBJ": "", "FCODE": "60110", "REMARK": "Sungai Satu Garis"}, "geometry": {"type": "LineString", "coordinates": [[113.833136, -8.055738], [113.826183, -8.057257], [113.816367, -8.066503]]}}, {"type": "Feature", "properties": {"OBJECTID": 15135, "NAMOBJ": "KALI GUNUNGPIRING", "FCODE": "60110", "REMARK": "Sungai Satu Garis"}, "geometry": {"type": "LineString", "coordinates": [[113.68542, -7.96243], [113.708808, -7.973742], [113.718213, -7.971247], [113.72815, -7.975354], [113.74299, -7.971531]]}}, {"type": "Feature", "properties": {"OBJECTID": 15136, "NAMOBJ": "KALI BITING", "FCODE": "60110", "REMARK": "Sungai Satu Garis"}, "geometry": {"type": "LineString", "coordinates": [[113.770544, -8.085559], [113.768935, -8.095992], [113.771804, -8.10519]]}}, {"type": "Feature", "properties": {"OBJECTID": 15151, "NAMOBJ": "", "FCODE": "60110", "REMARK": "Sungai Satu Garis"}, "geometry": {"type": "LineString", "coordinates": [[113.61736, -8.247097], [113.601001, -8.235655], [113.586461, -8.238602]]}}, {"type": "Feature", "properties": {"OBJECTID": 15201, "NAMOBJ": "KALI GEMUNTING", "FCODE": "60110", "REMARK": "Sungai Satu Garis"}, "geometry": {"type": "LineString", "coordinates": [[113.566767, -8.328517], [113.569939, -8.326458], [113.574904, -8.330621], [113.574299, -8.34744], [113.587579, -8.35455], [113.577313, -8.355817], [113.577219, -8.372844], [113.567756, -8.382241], [113.565235, -8.389869], [113.579588, -8.402038], [113.584123, -8.402764], [113.582521, -8.417384], [113.586357, -8.422602], [113.587568, -8.432766], [113.590843, -8.435124]]}}, {"type": "Feature", "properties": {"OBJECTID": 15217, "NAMOBJ": "KALI KANDANGAN", "FCODE": "60110", "REMARK": "Sungai Satu Garis"}, "geometry": {"type": "LineString", "coordinates": [[113.316551, -8.461474], [113.316279, -8.475928], [113.309229, -8.489898], [113.311791, -8.499114]]}}, {"type": "Feature", "properties": {"OBJECTID": 15261, "NAMOBJ": "KALI SAMPEAN", "FCODE": "60110", "REMARK": "Sungai Satu Garis"}, "geometry": {"type": "LineString", "coordinates": [[113.771368, -8.022548], [113.780318, -8.025128], [113.785129, -8.023379], [113.790413, -8.012022], [113.800105, -8.00752], [113.801029, -7.998774], [113.812098, -7.982419], [113.811451, -7.970269], [113.814376, -7.966986]]}}, {"type": "Feature", "properties": {"OBJECTID": 15286, "NAMOBJ": "KALI SUMBERKLOPO", "FCODE": "60110", "REMARK": "Sungai Satu Garis"}, "geometry": {"type": "LineString", "coordinates": [[113.541623, -8.122277], [113.536181, -8.133487], [113.51855, -8.150142], [113.510877, -8.168295], [113.497202, -8.189716], [113.49505, -8.192023], [113.488876, -8.19015]]}}, {"type": "Feature", "properties": {"OBJECTID": 15314, "NAMOBJ": "KALI SUMBERJUBANG", "FCODE": "60110", "REMARK": "Sungai Satu Garis"}, "geometry": {"type": "LineString", "coordinates": [[113.627223, -8.20406], [113.631689, -8.19914], [113.634818, -8.181472], [113.639052, -8.179082], [113.640155, -8.168399]]}}, {"type": "Feature", "properties": {"OBJECTID": 15323, "NAMOBJ": "KALI GUNUNGSARI", "FCODE": "60110", "REMARK": "Sungai Satu Garis"}, "geometry": {"type": "LineString", "coordinates": [[113.689417, -7.982415], [113.697657, -7.990097], [113.715402, -7.991701], [113.744399, -8.003483], [113.762366, -8.019312], [113.771368, -8.022548], [113.782776, -8.021907], [113.785716, -8.014319], [113.789833, -8.012935]]}}, {"type": "Feature", "properties": {"OBJECTID": 15333, "NAMOBJ": "KALI MANGU", "FCODE": "60110", "REMARK": "Sungai Satu Garis"}, "geometry": {"type": "LineString", "coordinates": [[113.545647, -7.947184], [113.533205, -7.935478], [113.512805, -7.925833], [113.503829, -7.91253]]}}, {"type": "Feature", "properties": {"OBJECTID": 15338, "NAMOBJ": "KALI BUGUH", "FCODE": "60110", "REMARK": "Sungai Satu Garis"}, "geometry": {"type": "LineString", "coordinates": [[113.671974, -7.986512], [113.681133, -7.997725], [113.687242, -8.011514]]}}, {"type": "Feature", "properties": {"OBJECTID": 15339, "NAMOBJ": "", "FCODE": "60110", "REMARK": "Sungai Satu Garis"}, "geometry": {"type": "LineString", "coordinates": [[113.628573, -8.23648], [113.622677, -8.234978], [113.617194, -8.237258], [113.610267, -8.233549], [113.598323, -8.232858], [113.588685, -8.235384], [113.586461, -8.238602], [113.583717, -8.237074]]}}, {"type": "Feature", "properties": {"OBJECTID": 15343, "NAMOBJ": "", "FCODE": "60110", "REMARK": "Sungai Satu Garis"}, "geometry": {"type": "LineString", "coordinates": [[113.728537, -8.44331], [113.728718, -8.455647]]}}, {"type": "Feature", "properties": {"OBJECTID": 16189, "NAMOBJ": "KALI ROWOCANGAK", "FCODE": "60110", "REMARK": "Sungai Satu Garis"}, "geometry": {"type": "LineString", "coordinates": [[113.627267, -8.451035], [113.636696, -8.444906], [113.636471, -8.441341], [113.653299, -8.42089], [113.6739, -8.416598], [113.684644, -8.421192], [113.690197, -8.427649], [113.694021, -8.42422], [113.700645, -8.42652], [113.700623, -8.440498], [113.69562, -8.450033]]}}, {"type": "Feature", "properties": {"OBJECTID": 16239, "NAMOBJ": "KALI KARANGSEMANDING", "FCODE": "60110", "REMARK": "Sungai Satu Garis"}, "geometry": {"type": "LineString", "coordinates": [[113.466558, -8.276472], [113.472217, -8.267862], [113.482592, -8.259526]]}}, {"type": "Feature", "properties": {"OBJECTID": 16262, "NAMOBJ": "", "FCODE": "60110", "REMARK": "Sungai Satu Garis"}, "geometry": {"type": "LineString", "coordinates": [[113.632421, -8.208697], [113.63515, -8.198411]]}}, {"type": "Feature", "properties": {"OBJECTID": 16280, "NAMOBJ": "", "FCODE": "60110", "REMARK": "Sungai Satu Garis"}, "geometry": {"type": "LineString", "coordinates": [[113.615897, -8.330006], [113.620628, -8.329649], [113.622525, -8.32187]]}}, {"type": "Feature", "properties": {"OBJECTID": 16300, "NAMOBJ": "KALI KAJAR", "FCODE": "60110", "REMARK": "Sungai Satu Garis"}, "geometry": {"type": "LineString", "coordinates": [[114.020524, -8.174515], [114.023792, -8.18147], [114.02012, -8.192861], [114.002785, -8.203674], [113.999276, -8.209243], [114.00011, -8.216608], [113.99442, -8.221996], [113.98712, -8.241467], [113.988744, -8.246619], [113.985709, -8.259578], [113.992412, -8.281745], [113.990036, -8.287635], [113.991336, -8.297423], [113.994462, -8.300482]]}}, {"type": "Feature", "properties": {"OBJECTID": 16302, "NAMOBJ": "KALI ANTOKAN", "FCODE": "60110", "REMARK": "Sungai Satu Garis"}, "geometry": {"type": "LineString", "coordinates": [[113.764823, -7.894274], [113.744206, -7.892678], [113.737831, -7.894656], [113.727177, -7.908138], [113.724754, -7.924943]]}}, {"type": "Feature", "properties": {"OBJECTID": 16305, "NAMOBJ": "KALI KLATAKAN", "FCODE": "60110", "REMARK": "Sungai Satu Garis"}, "geometry": {"type": "LineString", "coordinates": [[113.573088, -7.992387], [113.57605, -8.018153], [113.572915, -8.033721], [113.579701, -8.042839], [113.573628, -8.058299], [113.577085, -8.063], [113.578114, -8.072331], [113.569009, -8.085086], [113.572684, -8.096378], [113.584515, -8.106706], [113.590315, -8.118633], [113.595911, -8.145311], [113.588738, -8.167293], [113.595425, -8.181547]]}}, {"type": "Feature", "properties": {"OBJECTID": 16323, "NAMOBJ": "KALI PASAR", "FCODE": "60110", "REMARK": "Sungai Satu Garis"}, "geometry": {"type": "LineString", "coordinates": [[113.84709, -8.108478], [113.835472, -8.122017], [113.829439, -8.121295], [113.825038, -8.126567], [113.817351, -8.126779], [113.804673, -8.132415], [113.801301, -8.136346], [113.800832, -8.143353]]}}, {"type": "Feature", "properties": {"OBJECTID": 16352, "NAMOBJ": "KALI RENES", "FCODE": "60110", "REMARK": "Sungai Satu Garis"}, "geometry": {"type": "LineString", "coordinates": [[113.604106, -8.327521], [113.603307, -8.352269], [113.607472, -8.357633], [113.611714, -8.374281]]}}, {"type": "Feature", "properties": {"OBJECTID": 16355, "NAMOBJ": "KALI LAMPEJI", "FCODE": "60110", "REMARK": "Sungai Satu Garis"}, "geometry": {"type": "LineString", "coordinates": [[113.691018, -8.289942], [113.704298, -8.27392], [113.708649, -8.272306], [113.718716, -8.274691], [113.733859, -8.265125], [113.749322, -8.250103], [113.761916, -8.216329], [113.771678, -8.209821], [113.776203, -8.202676], [113.788651, -8.198503], [113.79153, -8.19504]]}}, {"type": "Feature", "properties": {"OBJECTID": 16369, "NAMOBJ": "KALI KOLBOOK", "FCODE": "60110", "REMARK": "Sungai Satu Garis"}, "geometry": {"type": "LineString", "coordinates": [[113.731767, -7.942025], [113.746082, -7.934364], [113.763501, -7.930695], [113.784195, -7.937904]]}}, {"type": "Feature", "properties": {"OBJECTID": 16420, "NAMOBJ": "KALI WONOJATI", "FCODE": "60110", "REMARK": "Sungai Satu Garis"}, "geometry": {"type": "LineString", "coordinates": [[113.670509, -8.26354], [113.64522, -8.284239], [113.646236, -8.289256], [113.641513, -8.296914], [113.635023, -8.300801], [113.638185, -8.302999], [113.635843, -8.305229]]}}, {"type": "Feature", "properties": {"OBJECTID": 16423, "NAMOBJ": "", "FCODE": "60110", "REMARK": "Sungai Satu Garis"}, "geometry": {"type": "LineString", "coordinates": [[113.334501, -8.087739], [113.33411, -8.084646]]}}, {"type": "Feature", "properties": {"OBJECTID": 17252, "NAMOBJ": "KALI MATI", "FCODE": "60110", "REMARK": "Sungai Satu Garis"}, "geometry": {"type": "LineString", "coordinates": [[113.388706, -8.375407], [113.389673, -8.377615]]}}, {"type": "Feature", "properties": {"OBJECTID": 17282, "NAMOBJ": "", "FCODE": "60110", "REMARK": "Sungai Satu Garis"}, "geometry": {"type": "LineString", "coordinates": [[113.854261, -8.08131], [113.828417, -8.079757]]}}, {"type": "Feature", "properties": {"OBJECTID": 17305, "NAMOBJ": "KALI MAYANG", "FCODE": "60110", "REMARK": "Sungai Satu Garis"}, "geometry": {"type": "LineString", "coordinates": [[114.045169, -8.12124], [114.032219, -8.117976], [114.02213, -8.121087], [114.011824, -8.134106], [114.006309, -8.147486], [113.97472, -8.169087], [113.9669, -8.171966], [113.938002, -8.16763]]}}, {"type": "Feature", "properties": {"OBJECTID": 17333, "NAMOBJ": "", "FCODE": "60110", "REMARK": "Sungai Satu Garis"}, "geometry": {"type": "LineString", "coordinates": [[114.011999, -8.093926], [114.004795, -8.081039], [113.998372, -8.083043], [113.992204, -8.077986], [113.960201, -8.067425], [113.915409, -8.036765], [113.897504, -8.029348], [113.887087, -8.016883]]}}, {"type": "Feature", "properties": {"OBJECTID": 17357, "NAMOBJ": "KALI MERAPEN", "FCODE": "60110", "REMARK": "Sungai Satu Garis"}, "geometry": {"type": "LineString", "coordinates": [[113.846419, -8.181713], [113.842157, -8.188374], [113.835914, -8.19118], [113.816226, -8.193], [113.80726, -8.190817], [113.79522, -8.1961]]}}, {"type": "Feature", "properties": {"OBJECTID": 17359, "NAMOBJ": "KALI SANGGAR", "FCODE": "60110", "REMARK": "Sungai Satu Garis"}, "geometry": {"type": "LineString", "coordinates": [[113.821214, -7.942877], [113.825073, -7.957265], [113.828733, -7.957264], [113.825107, -7.963891], [113.827368, -7.968813], [113.839514, -7.974837], [113.836289, -7.985027], [113.857368, -7.991251], [113.866058, -7.998188]]}}, {"type": "Feature", "properties": {"OBJECTID": 17383, "NAMOBJ": "KALI NANGKA", "FCODE": "60110", "REMARK": "Sungai Satu Garis"}, "geometry": {"type": "LineString", "coordinates": [[113.532517, -8.130468], [113.486202, -8.181405], [113.484664, -8.187369], [113.497553, -8.197728], [113.499464, -8.202716]]}}, {"type": "Feature", "properties": {"OBJECTID": 17385, "NAMOBJ": "KALI BLIMBING", "FCODE": "60110", "REMARK": "Sungai Satu Garis"}, "geometry": {"type": "LineString", "coordinates": [[114.106009, -8.016885], [114.102599, -8.019532], [114.089035, -8.015861], [114.070068, -8.005079], [114.049394, -7.973817], [114.04459, -7.969107], [114.033277, -7.967813], [114.033266, -7.964133], [114.027782, -7.9606], [114.026746, -7.952957], [114.000834, -7.926467], [113.991883, -7.904114], [113.976776, -7.886791], [113.972154, -7.870037], [113.960183, -7.853024], [113.961274, -7.821482], [113.968047, -7.810926]]}}, {"type": "Feature", "properties": {"OBJECTID": 17394, "NAMOBJ": "KALI PATIHRANA", "FCODE": "60110", "REMARK": "Sungai Satu Garis"}, "geometry": {"type": "LineString", "coordinates": [[113.715978, -7.941711], [113.723766, -7.946658], [113.737783, -7.968829], [113.741245, -7.971672], [113.752001, -7.972085], [113.768077, -7.963969], [113.772662, -7.958144], [113.800207, -7.946873], [113.808302, -7.934558]]}}, {"type": "Feature", "properties": {"OBJECTID": 17407, "NAMOBJ": "", "FCODE": "60110", "REMARK": "Sungai Satu Garis"}, "geometry": {"type": "LineString", "coordinates": [[113.88592, -8.07428], [113.879322, -8.075086], [113.855962, -8.065763]]}}, {"type": "Feature", "properties": {"OBJECTID": 17408, "NAMOBJ": "KALI PITEK", "FCODE": "60110", "REMARK": "Sungai Satu Garis"}, "geometry": {"type": "LineString", "coordinates": [[113.889832, -8.476695], [113.904199, -8.467582], [113.916177, -8.473492], [113.91676, -8.479188], [113.914318, -8.494165], [113.901508, -8.516537], [113.890062, -8.527525], [113.887846, -8.534975]]}}, {"type": "Feature", "properties": {"OBJECTID": 17409, "NAMOBJ": "KALI CURAHTAMAN", "FCODE": "60110", "REMARK": "Sungai Satu Garis"}, "geometry": {"type": "LineString", "coordinates": [[113.72373, -7.937185], [113.728037, -7.922553], [113.740858, -7.911725], [113.761268, -7.906837], [113.770613, -7.901526], [113.783349, -7.900355]]}}, {"type": "Feature", "properties": {"OBJECTID": 17430, "NAMOBJ": "KALI SUMBERCANTING", "FCODE": "60110", "REMARK": "Sungai Satu Garis"}, "geometry": {"type": "LineString", "coordinates": [[113.878731, -8.027542], [113.866507, -8.013781]]}}, {"type": "Feature", "properties": {"OBJECTID": 17434, "NAMOBJ": "", "FCODE": "60110", "REMARK": "Sungai Satu Garis"}, "geometry": {"type": "LineString", "coordinates": [[113.824501, -8.36228], [113.828498, -8.370828], [113.827118, -8.37561]]}}, {"type": "Feature", "properties": {"OBJECTID": 17450, "NAMOBJ": "", "FCODE": "60110", "REMARK": "Sungai Satu Garis"}, "geometry": {"type": "LineString", "coordinates": [[113.416826, -8.09586], [113.403682, -8.11099], [113.398396, -8.121222], [113.400398, -8.123871], [113.398755, -8.126225]]}}, {"type": "Feature", "properties": {"OBJECTID": 17461, "NAMOBJ": "", "FCODE": "60110", "REMARK": "Sungai Satu Garis"}, "geometry": {"type": "LineString", "coordinates": [[113.476038, -8.121353], [113.467989, -8.123441]]}}, {"type": "Feature", "properties": {"OBJECTID": 17462, "NAMOBJ": "KALI SUMBERGADING", "FCODE": "60110", "REMARK": "Sungai Satu Garis"}, "geometry": {"type": "LineString", "coordinates": [[113.988158, -7.977265], [113.981466, -7.964639], [113.975578, -7.960283], [113.971308, -7.94418], [113.961621, -7.930444], [113.960727, -7.924735]]}}, {"type": "Feature", "properties": {"OBJECTID": 18336, "NAMOBJ": "KALI SUMBERJATI", "FCODE": "60110", "REMARK": "Sungai Satu Garis"}, "geometry": {"type": "LineString", "coordinates": [[113.842981, -8.187578], [113.866373, -8.184737], [113.893607, -8.19416], [113.896664, -8.197118], [113.891434, -8.205166], [113.893159, -8.217485], [113.896438, -8.217949], [113.896836, -8.223275], [113.907811, -8.227288], [113.922764, -8.240166], [113.928183, -8.239538], [113.931976, -8.235507], [113.934727, -8.237476], [113.944858, -8.234927], [113.948201, -8.225927]]}}, {"type": "Feature", "properties": {"OBJECTID": 18349, "NAMOBJ": "KALI CALPEK", "FCODE": "60110", "REMARK": "Sungai Satu Garis"}, "geometry": {"type": "LineString", "coordinates": [[113.305108, -7.921151], [113.303762, -7.911652], [113.29624, -7.907667], [113.293997, -7.900113], [113.296475, -7.889641], [113.292501, -7.886703], [113.292297, -7.877155], [113.289774, -7.875247], [113.287244, -7.850727], [113.27809, -7.838872], [113.277658, -7.824191], [113.281908, -7.821379], [113.281519, -7.818491]]}}, {"type": "Feature", "properties": {"OBJECTID": 18365, "NAMOBJ": "", "FCODE": "60110", "REMARK": "Sungai Satu Garis"}, "geometry": {"type": "LineString", "coordinates": [[113.734799, -8.360012], [113.741128, -8.360296]]}}, {"type": "Feature", "properties": {"OBJECTID": 18369, "NAMOBJ": "KALI BESINI", "FCODE": "60110", "REMARK": "Sungai Satu Garis"}, "geometry": {"type": "LineString", "coordinates": [[113.427816, -8.311976], [113.421318, -8.315094]]}}, {"type": "Feature", "properties": {"OBJECTID": 18401, "NAMOBJ": "KALI BINTORO", "FCODE": "60110", "REMARK": "Sungai Satu Garis"}, "geometry": {"type": "LineString", "coordinates": [[113.70469, -8.114563], [113.721556, -8.131752], [113.72116, -8.136113], [113.724379, -8.138695], [113.723544, -8.143453], [113.717143, -8.148757], [113.717366, -8.153894]]}}, {"type": "Feature", "properties": {"OBJECTID": 18421, "NAMOBJ": "KALI TENGGARANG", "FCODE": "60110", "REMARK": "Sungai Satu Garis"}, "geometry": {"type": "LineString", "coordinates": [[113.928143, -8.023752], [113.915254, -8.014763], [113.902144, -7.999918], [113.897931, -7.998789], [113.890542, -7.987252], [113.882281, -7.981436], [113.877626, -7.97], [113.870324, -7.966782], [113.85685, -7.945061], [113.853993, -7.933923], [113.855459, -7.927552]]}}, {"type": "Feature", "properties": {"OBJECTID": 18440, "NAMOBJ": "KALI KADUNGINTAN", "FCODE": "60110", "REMARK": "Sungai Satu Garis"}, "geometry": {"type": "LineString", "coordinates": [[113.433408, -8.019415], [113.415265, -8.027822], [113.394833, -8.030461], [113.394415, -8.032863], [113.383004, -8.038076], [113.380196, -8.036374], [113.370987, -8.040441], [113.36977, -8.051453], [113.373142, -8.053424], [113.371202, -8.056241], [113.367626, -8.055317], [113.368778, -8.060815]]}}, {"type": "Feature", "properties": {"OBJECTID": 18451, "NAMOBJ": "", "FCODE": "60110", "REMARK": "Sungai Satu Garis"}, "geometry": {"type": "LineString", "coordinates": [[113.621206, -8.190993], [113.625631, -8.204842], [113.623231, -8.21416]]}}, {"type": "Feature", "properties": {"OBJECTID": 18455, "NAMOBJ": "KALI SUKAMADE", "FCODE": "60110", "REMARK": "Sungai Satu Garis"}, "geometry": {"type": "LineString", "coordinates": [[113.870753, -8.419829], [113.88478, -8.428856], [113.885267, -8.43815], [113.874457, -8.446674], [113.869018, -8.447231], [113.865128, -8.452575], [113.867455, -8.458581], [113.858713, -8.466111], [113.850864, -8.482078], [113.85656, -8.497455], [113.868354, -8.5087], [113.869813, -8.513607], [113.877386, -8.516835], [113.882193, -8.532964], [113.887336, -8.534476], [113.889814, -8.539115], [113.894895, -8.538825], [113.895246, -8.545342], [113.898152, -8.543859], [113.897749, -8.556389], [113.891886, -8.559903], [113.896178, -8.562777], [113.893903, -8.565112]]}}, {"type": "Feature", "properties": {"OBJECTID": 18462, "NAMOBJ": "KALI GLADAKPINANG", "FCODE": "60110", "REMARK": "Sungai Satu Garis"}, "geometry": {"type": "LineString", "coordinates": [[113.816273, -8.066643], [113.808403, -8.08016]]}}, {"type": "Feature", "properties": {"OBJECTID": 18464, "NAMOBJ": "KALI BAHI", "FCODE": "60110", "REMARK": "Sungai Satu Garis"}, "geometry": {"type": "LineString", "coordinates": [[113.856908, -8.055825], [113.833136, -8.055738]]}}, {"type": "Feature", "properties": {"OBJECTID": 18473, "NAMOBJ": "", "FCODE": "60110", "REMARK": "Sungai Satu Garis"}, "geometry": {"type": "LineString", "coordinates": [[113.656562, -8.327005], [113.657964, -8.322127]]}}, {"type": "Feature", "properties": {"OBJECTID": 18482, "NAMOBJ": "KALI TAMAN", "FCODE": "60110", "REMARK": "Sungai Satu Garis"}, "geometry": {"type": "LineString", "coordinates": [[113.671526, -7.966379], [113.678997, -7.962753], [113.698871, -7.977861], [113.722023, -7.98615], [113.772867, -7.985336], [113.78554, -7.990727], [113.793279, -7.999366], [113.801447, -7.998436]]}}, {"type": "Feature", "properties": {"OBJECTID": 18491, "NAMOBJ": "KALI BRUDIN", "FCODE": "60110", "REMARK": "Sungai Satu Garis"}, "geometry": {"type": "LineString", "coordinates": [[113.846205, -8.181869], [113.833172, -8.183251], [113.807442, -8.180468], [113.796343, -8.185193]]}}, {"type": "Feature", "properties": {"OBJECTID": 18492, "NAMOBJ": "KALI SUMBERBULUS", "FCODE": "60110", "REMARK": "Sungai Satu Garis"}, "geometry": {"type": "LineString", "coordinates": [[113.512144, -8.122281], [113.511554, -8.127101], [113.507724, -8.128424], [113.505934, -8.13402], [113.491217, -8.148324], [113.490502, -8.153617]]}}, {"type": "Feature", "properties": {"OBJECTID": 18514, "NAMOBJ": "KALI KLOLEK", "FCODE": "60110", "REMARK": "Sungai Satu Garis"}, "geometry": {"type": "LineString", "coordinates": [[113.76713, -8.255343], [113.758401, -8.254395], [113.742419, -8.272017], [113.713774, -8.283565]]}}, {"type": "Feature", "properties": {"OBJECTID": 18539, "NAMOBJ": "KALI BERLANGSEP", "FCODE": "60110", "REMARK": "Sungai Satu Garis"}, "geometry": {"type": "LineString", "coordinates": [[113.546913, -8.161468], [113.548892, -8.125775], [113.554621, -8.119847], [113.558461, -8.108872], [113.565715, -8.103179]]}}, {"type": "Feature", "properties": {"OBJECTID": 19382, "NAMOBJ": "", "FCODE": "60110", "REMARK": "Sungai Satu Garis"}, "geometry": {"type": "LineString", "coordinates": [[113.571457, -8.413717], [113.583919, -8.404346]]}}, {"type": "Feature", "properties": {"OBJECTID": 19403, "NAMOBJ": "", "FCODE": "60110", "REMARK": "Sungai Satu Garis"}, "geometry": {"type": "LineString", "coordinates": [[113.921721, -8.058805], [113.91465, -8.05665]]}}, {"type": "Feature", "properties": {"OBJECTID": 19419, "NAMOBJ": "", "FCODE": "60110", "REMARK": "Sungai Satu Garis"}, "geometry": {"type": "LineString", "coordinates": [[113.763001, -8.399837], [113.749445, -8.410043]]}}, {"type": "Feature", "properties": {"OBJECTID": 19426, "NAMOBJ": "KALI MANGIR", "FCODE": "60110", "REMARK": "Sungai Satu Garis"}, "geometry": {"type": "LineString", "coordinates": [[113.854612, -7.956757], [113.860742, -7.974681], [113.868703, -7.983245], [113.875241, -7.99679]]}}, {"type": "Feature", "properties": {"OBJECTID": 19432, "NAMOBJ": "KALI DARUNGAN", "FCODE": "60110", "REMARK": "Sungai Satu Garis"}, "geometry": {"type": "LineString", "coordinates": [[113.52768, -8.131454], [113.515971, -8.145401], [113.495718, -8.161081], [113.485494, -8.178036], [113.485062, -8.185816]]}}, {"type": "Feature", "properties": {"OBJECTID": 19437, "NAMOBJ": "KALI SUMBERAN", "FCODE": "60110", "REMARK": "Sungai Satu Garis"}, "geometry": {"type": "LineString", "coordinates": [[113.635843, -8.305229], [113.621008, -8.339619], [113.611811, -8.344297], [113.613105, -8.371983]]}}, {"type": "Feature", "properties": {"OBJECTID": 19494, "NAMOBJ": "KALI KEMUNING", "FCODE": "60110", "REMARK": "Sungai Satu Garis"}, "geometry": {"type": "LineString", "coordinates": [[113.735785, -8.138968], [113.734166, -8.123771], [113.73169, -8.119515], [113.719954, -8.113357], [113.719107, -8.10468], [113.705654, -8.078852], [113.702945, -8.06631], [113.695189, -8.061404], [113.696144, -8.047627]]}}, {"type": "Feature", "properties": {"OBJECTID": 19520, "NAMOBJ": "KALI GILEN", "FCODE": "60110", "REMARK": "Sungai Satu Garis"}, "geometry": {"type": "LineString", "coordinates": [[113.290665, -8.139295], [113.304596, -8.159231], [113.304617, -8.175586], [113.298821, -8.188073]]}}, {"type": "Feature", "properties": {"OBJECTID": 19532, "NAMOBJ": "KALI SAMPEANHULU", "FCODE": "60110", "REMARK": "Sungai Satu Garis"}, "geometry": {"type": "LineString", "coordinates": [[113.781606, -8.055632], [113.781363, -8.046567], [113.772311, -8.034629], [113.762072, -8.034758], [113.754448, -8.030351], [113.751703, -8.032615], [113.746011, -8.031685], [113.730937, -8.019053], [113.719732, -8.016977], [113.698095, -7.999778], [113.695111, -7.994295], [113.688837, -7.994746], [113.684657, -7.989016], [113.683268, -7.980248], [113.67702, -7.979467], [113.672845, -7.969765]]}}, {"type": "Feature", "properties": {"OBJECTID": 19534, "NAMOBJ": "", "FCODE": "60110", "REMARK": "Sungai Satu Garis"}, "geometry": {"type": "LineString", "coordinates": [[113.695282, -8.18322], [113.69623, -8.186221]]}}, {"type": "Feature", "properties": {"OBJECTID": 19544, "NAMOBJ": "KALI DUREN", "FCODE": "60110", "REMARK": "Sungai Satu Garis"}, "geometry": {"type": "LineString", "coordinates": [[113.536532, -7.995717], [113.532935, -7.997214], [113.521375, -7.989723], [113.512238, -7.987599], [113.507269, -7.980806], [113.498188, -7.982288], [113.478799, -7.973209], [113.470059, -7.964169], [113.461024, -7.961383], [113.455245, -7.947621], [113.440105, -7.931832], [113.437429, -7.921784], [113.43245, -7.915805], [113.434029, -7.912052], [113.430843, -7.902947], [113.424916, -7.899678], [113.424531, -7.89675]]}}, {"type": "Feature", "properties": {"OBJECTID": 19568, "NAMOBJ": "KALI BESINI", "FCODE": "60110", "REMARK": "Sungai Satu Garis"}, "geometry": {"type": "LineString", "coordinates": [[113.421318, -8.315094], [113.420329, -8.314974]]}}, {"type": "Feature", "properties": {"OBJECTID": 20470, "NAMOBJ": "KALI PLAMPANG", "FCODE": "60110", "REMARK": "Sungai Satu Garis"}, "geometry": {"type": "LineString", "coordinates": [[113.62384, -7.904594], [113.631105, -7.895288], [113.646262, -7.889347], [113.670064, -7.867256], [113.678344, -7.854676], [113.6839, -7.852542]]}}, {"type": "Feature", "properties": {"OBJECTID": 20486, "NAMOBJ": "", "FCODE": "60110", "REMARK": "Sungai Satu Garis"}, "geometry": {"type": "LineString", "coordinates": [[113.368576, -8.078697], [113.371052, -8.081537], [113.370488, -8.087327], [113.37595, -8.090797]]}}, {"type": "Feature", "properties": {"OBJECTID": 20492, "NAMOBJ": "KALI BARATAN KECIL", "FCODE": "60110", "REMARK": "Sungai Satu Garis"}, "geometry": {"type": "LineString", "coordinates": [[113.735095, -8.13531], [113.743042, -8.127956], [113.744318, -8.120583], [113.740864, -8.109867], [113.733424, -8.09931]]}}, {"type": "Feature", "properties": {"OBJECTID": 20496, "NAMOBJ": "", "FCODE": "60110", "REMARK": "Sungai Satu Garis"}, "geometry": {"type": "LineString", "coordinates": [[113.443071, -8.059805], [113.425398, -8.067928], [113.417547, -8.078725], [113.409806, -8.081054], [113.405883, -8.087113], [113.403026, -8.086227], [113.398719, -8.094368], [113.393981, -8.093008], [113.392981, -8.095643], [113.38802, -8.095147], [113.386371, -8.098097], [113.382279, -8.097976], [113.382824, -8.101046], [113.377663, -8.10185]]}}, {"type": "Feature", "properties": {"OBJECTID": 20500, "NAMOBJ": "", "FCODE": "60110", "REMARK": "Sungai Satu Garis"}, "geometry": {"type": "LineString", "coordinates": [[113.387724, -8.150751], [113.390462, -8.132703], [113.397553, -8.127011]]}}, {"type": "Feature", "properties": {"OBJECTID": 20527, "NAMOBJ": "KALI BALES", "FCODE": "60110", "REMARK": "Sungai Satu Garis"}, "geometry": {"type": "LineString", "coordinates": [[113.625436, -7.924073], [113.638971, -7.910608], [113.657954, -7.904842], [113.665101, -7.89629], [113.664002, -7.891962], [113.675863, -7.881604], [113.682751, -7.880723], [113.688283, -7.876483], [113.690218, -7.871829], [113.688675, -7.862056], [113.699369, -7.845433], [113.708444, -7.809032]]}}, {"type": "Feature", "properties": {"OBJECTID": 20544, "NAMOBJ": "KALI SUKOWIDI", "FCODE": "60110", "REMARK": "Sungai Satu Garis"}, "geometry": {"type": "LineString", "coordinates": [[113.640127, -8.15342], [113.636532, -8.136662], [113.638107, -8.119431]]}}, {"type": "Feature", "properties": {"OBJECTID": 20549, "NAMOBJ": "KALI PASEBAN", "FCODE": "60110", "REMARK": "Sungai Satu Garis"}, "geometry": {"type": "LineString", "coordinates": [[113.33458, -8.326814], [113.339236, -8.322403]]}}, {"type": "Feature", "properties": {"OBJECTID": 20582, "NAMOBJ": "KALI TAMANSARI", "FCODE": "60110", "REMARK": "Sungai Satu Garis"}, "geometry": {"type": "LineString", "coordinates": [[113.693572, -7.881438], [113.685334, -7.881962], [113.678042, -7.89329], [113.672485, -7.895467], [113.667424, -7.901862]]}}, {"type": "Feature", "properties": {"OBJECTID": 20589, "NAMOBJ": "", "FCODE": "60110", "REMARK": "Sungai Satu Garis"}, "geometry": {"type": "LineString", "coordinates": [[113.338961, -8.094248], [113.335217, -8.101782], [113.336371, -8.108124]]}}, {"type": "Feature", "properties": {"OBJECTID": 20591, "NAMOBJ": "KALI CURAH", "FCODE": "60110", "REMARK": "Sungai Satu Garis"}, "geometry": {"type": "LineString", "coordinates": [[113.886363, -8.025988], [113.848372, -8.002889]]}}, {"type": "Feature", "properties": {"OBJECTID": 20601, "NAMOBJ": "", "FCODE": "60110", "REMARK": "Sungai Satu Garis"}, "geometry": {"type": "LineString", "coordinates": [[113.643066, -8.332403], [113.635895, -8.323751], [113.635527, -8.315946], [113.645419, -8.305079], [113.64813, -8.293479]]}}, {"type": "Feature", "properties": {"OBJECTID": 20610, "NAMOBJ": "", "FCODE": "60110", "REMARK": "Sungai Satu Garis"}, "geometry": {"type": "LineString", "coordinates": [[113.404195, -8.118409], [113.402017, -8.117305]]}}, {"type": "Feature", "properties": {"OBJECTID": 20611, "NAMOBJ": "KALI KEDUNGPOWON", "FCODE": "60110", "REMARK": "Sungai Satu Garis"}, "geometry": {"type": "LineString", "coordinates": [[113.350642, -8.302226], [113.358024, -8.292046], [113.356641, -8.281233], [113.360388, -8.273203], [113.357768, -8.269941]]}}, {"type": "Feature", "properties": {"OBJECTID": 20629, "NAMOBJ": "KALI BLIMBING", "FCODE": "60110", "REMARK": "Sungai Satu Garis"}, "geometry": {"type": "LineString", "coordinates": [[113.82686, -7.96581], [113.834421, -7.996293]]}}, {"type": "Feature", "properties": {"OBJECTID": 20643, "NAMOBJ": "KALI GUYANGAN", "FCODE": "60110", "REMARK": "Sungai Satu Garis"}, "geometry": {"type": "LineString", "coordinates": [[113.50709, -7.943187], [113.503223, -7.944972], [113.496509, -7.940124], [113.489227, -7.939277], [113.484675, -7.931564], [113.477641, -7.934418], [113.473472, -7.932215], [113.467603, -7.922342], [113.458818, -7.920816], [113.455815, -7.913259], [113.449975, -7.912076], [113.448441, -7.908221], [113.43559, -7.902134], [113.432926, -7.898163], [113.424531, -7.89675]]}}, {"type": "Feature", "properties": {"OBJECTID": 21510, "NAMOBJ": "KALI MERU", "FCODE": "60110", "REMARK": "Sungai Satu Garis"}, "geometry": {"type": "LineString", "coordinates": [[113.811578, -8.499061], [113.815697, -8.496908], [113.821734, -8.484022], [113.815565, -8.473361], [113.817829, -8.469206], [113.813143, -8.460835], [113.814864, -8.446593], [113.806622, -8.424403], [113.808852, -8.417636]]}}, {"type": "Feature", "properties": {"OBJECTID": 21524, "NAMOBJ": "CURAH KANGKONG", "FCODE": "60110", "REMARK": "Sungai Satu Garis"}, "geometry": {"type": "LineString", "coordinates": [[113.725989, -8.086116], [113.743461, -8.104659], [113.74192, -8.115453]]}}, {"type": "Feature", "properties": {"OBJECTID": 21526, "NAMOBJ": "KALI CEMUNDANG", "FCODE": "60110", "REMARK": "Sungai Satu Garis"}, "geometry": {"type": "LineString", "coordinates": [[113.642586, -8.092935], [113.641621, -8.119714], [113.63716, -8.138399]]}}, {"type": "Feature", "properties": {"OBJECTID": 21544, "NAMOBJ": "KALI GLINDUNG", "FCODE": "60110", "REMARK": "Sungai Satu Garis"}, "geometry": {"type": "LineString", "coordinates": [[113.898276, -7.90783], [113.889706, -7.90204], [113.882857, -7.886856]]}}, {"type": "Feature", "properties": {"OBJECTID": 21583, "NAMOBJ": "KALI BANTER", "FCODE": "60110", "REMARK": "Sungai Satu Garis"}, "geometry": {"type": "LineString", "coordinates": [[113.362843, -8.11491], [113.358495, -8.12379], [113.366078, -8.125268], [113.365991, -8.128419], [113.375269, -8.135072], [113.367585, -8.1618], [113.361225, -8.177148], [113.340898, -8.193896], [113.336993, -8.19344], [113.336549, -8.198133], [113.328573, -8.208995], [113.330743, -8.215811]]}}, {"type": "Feature", "properties": {"OBJECTID": 21598, "NAMOBJ": "", "FCODE": "60110", "REMARK": "Sungai Satu Garis"}, "geometry": {"type": "LineString", "coordinates": [[113.651759, -8.381749], [113.660064, -8.373892], [113.668309, -8.342431], [113.669455, -8.325679], [113.663091, -8.321811]]}}, {"type": "Feature", "properties": {"OBJECTID": 21620, "NAMOBJ": "", "FCODE": "60110", "REMARK": "Sungai Satu Garis"}, "geometry": {"type": "LineString", "coordinates": [[113.402877, -8.103397], [113.397739, -8.106333]]}}, {"type": "Feature", "properties": {"OBJECTID": 21634, "NAMOBJ": "KALI CURAHPUTIH", "FCODE": "60110", "REMARK": "Sungai Satu Garis"}, "geometry": {"type": "LineString", "coordinates": [[113.744777, -8.167579], [113.739436, -8.165887], [113.739056, -8.159988], [113.732685, -8.158108], [113.720182, -8.165363], [113.715664, -8.173604], [113.704888, -8.177532]]}}, {"type": "Feature", "properties": {"OBJECTID": 21671, "NAMOBJ": "KALI MERAWAN", "FCODE": "60110", "REMARK": "Sungai Satu Garis"}, "geometry": {"type": "LineString", "coordinates": [[113.756901, -8.207892], [113.73815, -8.225995], [113.729276, -8.227173], [113.725841, -8.231146], [113.721344, -8.227007], [113.717956, -8.22761], [113.70876, -8.232049], [113.699366, -8.242021]]}}, {"type": "Feature", "properties": {"OBJECTID": 22591, "NAMOBJ": "KALI MENAMPU", "FCODE": "60110", "REMARK": "Sungai Satu Garis"}, "geometry": {"type": "LineString", "coordinates": [[113.447855, -8.209085], [113.443181, -8.209059], [113.428484, -8.219124], [113.420397, -8.243088], [113.404496, -8.273486], [113.405584, -8.296919], [113.408988, -8.307151], [113.420329, -8.314974], [113.414161, -8.327722], [113.421331, -8.336412], [113.421113, -8.34151]]}}, {"type": "Feature", "properties": {"OBJECTID": 22594, "NAMOBJ": "KALI CURECUH", "FCODE": "60110", "REMARK": "Sungai Satu Garis"}, "geometry": {"type": "LineString", "coordinates": [[113.86982, -8.170515], [113.880331, -8.159837], [113.894486, -8.161619], [113.943078, -8.143983], [113.958981, -8.146021], [113.965787, -8.143559]]}}, {"type": "Feature", "properties": {"OBJECTID": 22656, "NAMOBJ": "KALI PAYUNG", "FCODE": "60110", "REMARK": "Sungai Satu Garis"}, "geometry": {"type": "LineString", "coordinates": [[113.633841, -8.08285], [113.63816, -8.090766], [113.635112, -8.10641], [113.627705, -8.118359], [113.617953, -8.127026]]}}, {"type": "Feature", "properties": {"OBJECTID": 22662, "NAMOBJ": "KALI DAWUHANGEDANG", "FCODE": "60110", "REMARK": "Sungai Satu Garis"}, "geometry": {"type": "LineString", "coordinates": [[113.976678, -8.00017], [113.944361, -7.961308], [113.936459, -7.95727], [113.901468, -7.950043], [113.890152, -7.937992], [113.883628, -7.936685], [113.879238, -7.926499], [113.869736, -7.917773], [113.867767, -7.908083]]}}, {"type": "Feature", "properties": {"OBJECTID": 22666, "NAMOBJ": "", "FCODE": "60110", "REMARK": "Sungai Satu Garis"}, "geometry": {"type": "LineString", "coordinates": [[113.414035, -8.114332], [113.409296, -8.119137], [113.405719, -8.129664]]}}, {"type": "Feature", "properties": {"OBJECTID": 22690, "NAMOBJ": "KALI SONGO", "FCODE": "60110", "REMARK": "Sungai Satu Garis"}, "geometry": {"type": "LineString", "coordinates": [[113.469787, -8.344733], [113.469992, -8.338199], [113.472971, -8.335757], [113.486685, -8.343075]]}}, {"type": "Feature", "properties": {"OBJECTID": 22691, "NAMOBJ": "KALI PENJALINAN", "FCODE": "60110", "REMARK": "Sungai Satu Garis"}, "geometry": {"type": "LineString", "coordinates": [[113.802498, -8.239448], [113.813702, -8.235712], [113.821189, -8.228504], [113.831276, -8.22783], [113.835253, -8.22281]]}}, {"type": "Feature", "properties": {"OBJECTID": 22707, "NAMOBJ": "KALI KEDOKWATU", "FCODE": "60110", "REMARK": "Sungai Satu Garis"}, "geometry": {"type": "LineString", "coordinates": [[113.31355, -8.500984], [113.324742, -8.494356], [113.323151, -8.491685], [113.328425, -8.481435], [113.32328, -8.475066], [113.324482, -8.464619], [113.318326, -8.461003]]}}, {"type": "Feature", "properties": {"OBJECTID": 22719, "NAMOBJ": "KALI AJUNG", "FCODE": "60110", "REMARK": "Sungai Satu Garis"}, "geometry": {"type": "LineString", "coordinates": [[114.017776, -8.11002], [114.011256, -8.121578], [114.004313, -8.12312], [113.992928, -8.115516], [113.983181, -8.114292], [113.97295, -8.103385], [113.966409, -8.101846], [113.942963, -8.109222], [113.917661, -8.10689], [113.913815, -8.112386], [113.905843, -8.116094], [113.889834, -8.108821], [113.877228, -8.108873], [113.846181, -8.11466], [113.839594, -8.120916]]}}, {"type": "Feature", "properties": {"OBJECTID": 22746, "NAMOBJ": "KALI SUMBERTELAK", "FCODE": "60110", "REMARK": "Sungai Satu Garis"}, "geometry": {"type": "LineString", "coordinates": [[113.677406, -8.187194], [113.674927, -8.173301], [113.68138, -8.160593], [113.676294, -8.153891]]}}, {"type": "Feature", "properties": {"OBJECTID": 22751, "NAMOBJ": "KALI DILEM", "FCODE": "60110", "REMARK": "Sungai Satu Garis"}, "geometry": {"type": "LineString", "coordinates": [[113.339564, -7.984794], [113.328662, -8.007454], [113.325346, -8.025273], [113.318783, -8.036033], [113.31551, -8.060785], [113.317261, -8.066855], [113.314657, -8.073721], [113.31654, -8.080533], [113.313246, -8.085289], [113.323172, -8.099528], [113.3282, -8.100593], [113.330533, -8.106321], [113.33703, -8.108784], [113.337679, -8.116093], [113.331906, -8.120522], [113.311073, -8.123227]]}}, {"type": "Feature", "properties": {"OBJECTID": 22764, "NAMOBJ": "KALI SANEN", "FCODE": "60110", "REMARK": "Sungai Satu Garis"}, "geometry": {"type": "LineString", "coordinates": [[113.667959, -8.379369], [113.696867, -8.380627], [113.734754, -8.359988], [113.73885, -8.363272], [113.756792, -8.362837]]}}, {"type": "Feature", "properties": {"OBJECTID": 22781, "NAMOBJ": "KALI KLATAKAN", "FCODE": "60110", "REMARK": "Sungai Satu Garis"}, "geometry": {"type": "LineString", "coordinates": [[113.585831, -8.207822], [113.585637, -8.211834], [113.592814, -8.220114], [113.593115, -8.226397]]}}, {"type": "Feature", "properties": {"OBJECTID": 22787, "NAMOBJ": "KALI BENDO", "FCODE": "60110", "REMARK": "Sungai Satu Garis"}, "geometry": {"type": "LineString", "coordinates": [[113.644701, -8.094854], [113.651215, -8.117593]]}}, {"type": "Feature", "properties": {"OBJECTID": 22793, "NAMOBJ": "KALI SEMANGGIR", "FCODE": "60110", "REMARK": "Sungai Satu Garis"}, "geometry": {"type": "LineString", "coordinates": [[113.643012, -8.202843], [113.656847, -8.176915], [113.659017, -8.16802], [113.654548, -8.159036], [113.657396, -8.145739]]}}, {"type": "Feature", "properties": {"OBJECTID": 22805, "NAMOBJ": "KALI SALAK", "FCODE": "60110", "REMARK": "Sungai Satu Garis"}, "geometry": {"type": "LineString", "coordinates": [[114.013946, -7.95329], [114.003131, -7.950517], [113.996145, -7.942248], [113.987707, -7.92232], [113.978923, -7.915257], [113.974969, -7.905773], [113.971328, -7.904759], [113.962678, -7.892744], [113.963888, -7.890147], [113.957809, -7.87862], [113.96001, -7.870435], [113.956749, -7.858289], [113.960292, -7.852775]]}}, {"type": "Feature", "properties": {"OBJECTID": 23644, "NAMOBJ": "KALI TEGALTENGAH", "FCODE": "60110", "REMARK": "Sungai Satu Garis"}, "geometry": {"type": "LineString", "coordinates": [[113.738178, -7.927296], [113.770285, -7.908015], [113.819099, -7.912082], [113.822286, -7.907775]]}}, {"type": "Feature", "properties": {"OBJECTID": 23654, "NAMOBJ": "", "FCODE": "60110", "REMARK": "Sungai Satu Garis"}, "geometry": {"type": "LineString", "coordinates": [[113.300155, -8.067772], [113.307995, -8.065333], [113.308509, -8.061586]]}}, {"type": "Feature", "properties": {"OBJECTID": 23657, "NAMOBJ": "KALI MENGEN", "FCODE": "60110", "REMARK": "Sungai Satu Garis"}, "geometry": {"type": "LineString", "coordinates": [[113.871392, -8.0552], [113.865227, -8.049332], [113.86362, -8.043712], [113.839545, -8.032833], [113.834234, -8.033628], [113.831653, -8.037856], [113.815967, -8.045755]]}}, {"type": "Feature", "properties": {"OBJECTID": 23705, "NAMOBJ": "KALI NANGKAAN", "FCODE": "60110", "REMARK": "Sungai Satu Garis"}, "geometry": {"type": "LineString", "coordinates": [[113.794098, -7.926199], [113.815987, -7.926541], [113.827876, -7.915536]]}}, {"type": "Feature", "properties": {"OBJECTID": 23723, "NAMOBJ": "KALI WENINGKI", "FCODE": "60110", "REMARK": "Sungai Satu Garis"}, "geometry": {"type": "LineString", "coordinates": [[113.368716, -8.181312], [113.385639, -8.184997], [113.389995, -8.174962], [113.398191, -8.175197], [113.403658, -8.170979], [113.413354, -8.162781], [113.423052, -8.138548]]}}, {"type": "Feature", "properties": {"OBJECTID": 23732, "NAMOBJ": "", "FCODE": "60110", "REMARK": "Sungai Satu Garis"}, "geometry": {"type": "LineString", "coordinates": [[113.949569, -8.096875], [113.947002, -8.095758]]}}, {"type": "Feature", "properties": {"OBJECTID": 23750, "NAMOBJ": "KALI MERAWAN", "FCODE": "60110", "REMARK": "Sungai Satu Garis"}, "geometry": {"type": "LineString", "coordinates": [[113.84689, -8.243168], [113.840798, -8.246601], [113.839728, -8.254812], [113.845115, -8.258678], [113.846588, -8.267071], [113.859068, -8.274635], [113.860657, -8.282014], [113.867297, -8.285858]]}}, {"type": "Feature", "properties": {"OBJECTID": 23752, "NAMOBJ": "KALI GANTUNG", "FCODE": "60110", "REMARK": "Sungai Satu Garis"}, "geometry": {"type": "LineString", "coordinates": [[113.346463, -8.467437], [113.345842, -8.476949], [113.338491, -8.488561], [113.34263, -8.494676], [113.341151, -8.500727]]}}, {"type": "Feature", "properties": {"OBJECTID": 23758, "NAMOBJ": "KALI AMBULU", "FCODE": "60110", "REMARK": "Sungai Satu Garis"}, "geometry": {"type": "LineString", "coordinates": [[113.600099, -8.420736], [113.593619, -8.420882], [113.591741, -8.409876], [113.596484, -8.375223], [113.600713, -8.363903], [113.59713, -8.360428], [113.59678, -8.342514], [113.600775, -8.331136], [113.609819, -8.322196], [113.619683, -8.303042], [113.62496, -8.29803]]}}, {"type": "Feature", "properties": {"OBJECTID": 23769, "NAMOBJ": "", "FCODE": "60110", "REMARK": "Sungai Satu Garis"}, "geometry": {"type": "LineString", "coordinates": [[113.337212, -8.069418], [113.340274, -8.086095], [113.334501, -8.087739], [113.332164, -8.092883]]}}, {"type": "Feature", "properties": {"OBJECTID": 23785, "NAMOBJ": "KALI MERAWAN", "FCODE": "60110", "REMARK": "Sungai Satu Garis"}, "geometry": {"type": "LineString", "coordinates": [[113.875211, -8.287409], [113.880161, -8.290838], [113.887214, -8.288598], [113.89091, -8.284055], [113.899612, -8.284627], [113.907881, -8.273068], [113.910845, -8.262348], [113.920722, -8.261206], [113.927053, -8.256388]]}}, {"type": "Feature", "properties": {"OBJECTID": 23795, "NAMOBJ": "KALI SUCO", "FCODE": "60110", "REMARK": "Sungai Satu Garis"}, "geometry": {"type": "LineString", "coordinates": [[113.76977, -8.275347], [113.763365, -8.274281], [113.74767, -8.279939], [113.73657, -8.276777], [113.693538, -8.288124], [113.685761, -8.292721], [113.681769, -8.291268], [113.676411, -8.295043]]}}, {"type": "Feature", "properties": {"OBJECTID": 23841, "NAMOBJ": "KALI TLOGO", "FCODE": "60110", "REMARK": "Sungai Satu Garis"}, "geometry": {"type": "LineString", "coordinates": [[114.039028, -8.098037], [114.034319, -8.087846], [114.006182, -8.07085], [113.994292, -8.060904], [113.990425, -8.054218], [113.976337, -8.048912], [113.969427, -8.039423], [113.95868, -8.031917], [113.9548, -8.022617], [113.942328, -8.012245], [113.939181, -8.00507], [113.925928, -7.997637], [113.915183, -7.970698], [113.907172, -7.966342], [113.889799, -7.948771], [113.883628, -7.936685]]}}, {"type": "Feature", "properties": {"OBJECTID": 23855, "NAMOBJ": "KALI BETEKAN", "FCODE": "60110", "REMARK": "Sungai Satu Garis"}, "geometry": {"type": "LineString", "coordinates": [[113.874752, -8.005977], [113.842532, -7.967842]]}}, {"type": "Feature", "properties": {"OBJECTID": 23859, "NAMOBJ": "KALI SUREN", "FCODE": "60110", "REMARK": "Sungai Satu Garis"}, "geometry": {"type": "LineString", "coordinates": [[113.964507, -8.130937], [113.937611, -8.131499], [113.933027, -8.128096], [113.913911, -8.133279], [113.907146, -8.132241], [113.905563, -8.128916], [113.899619, -8.129799], [113.894552, -8.134248], [113.893793, -8.140855], [113.885549, -8.140461], [113.875369, -8.144479], [113.862529, -8.156691], [113.827778, -8.159205], [113.819627, -8.166168], [113.80995, -8.16932], [113.804029, -8.168331], [113.797183, -8.173246]]}}, {"type": "Feature", "properties": {"OBJECTID": 23871, "NAMOBJ": "", "FCODE": "60110", "REMARK": "Sungai Satu Garis"}, "geometry": {"type": "LineString", "coordinates": [[113.619048, -8.212217], [113.614557, -8.213479]]}}, {"type": "Feature", "properties": {"OBJECTID": 23872, "NAMOBJ": "KALI JERO", "FCODE": "60110", "REMARK": "Sungai Satu Garis"}, "geometry": {"type": "LineString", "coordinates": [[113.983714, -7.980005], [113.973873, -7.972592], [113.937945, -7.924571], [113.933983, -7.903456], [113.925086, -7.891615], [113.911092, -7.860296]]}}, {"type": "Feature", "properties": {"OBJECTID": 23880, "NAMOBJ": "", "FCODE": "60110", "REMARK": "Sungai Satu Garis"}, "geometry": {"type": "LineString", "coordinates": [[113.629182, -8.323733], [113.635461, -8.330541]]}}, {"type": "Feature", "properties": {"OBJECTID": 23898, "NAMOBJ": "KALI BATUAMPAR", "FCODE": "60110", "REMARK": "Sungai Satu Garis"}, "geometry": {"type": "LineString", "coordinates": [[113.798902, -8.305214], [113.816692, -8.317289], [113.821137, -8.313567], [113.825882, -8.317075], [113.826847, -8.326429], [113.830776, -8.332959], [113.834711, -8.331272], [113.834355, -8.333633], [113.846316, -8.333603], [113.849018, -8.331165], [113.856181, -8.344941], [113.854188, -8.36027], [113.859356, -8.365256]]}}, {"type": "Feature", "properties": {"OBJECTID": 24805, "NAMOBJ": "KALI GELANG", "FCODE": "60110", "REMARK": "Sungai Satu Garis"}, "geometry": {"type": "LineString", "coordinates": [[113.460217, -8.026641], [113.452843, -8.030402], [113.443744, -8.0423], [113.435721, -8.044359], [113.429892, -8.052274], [113.418128, -8.054077], [113.412689, -8.0578], [113.408599, -8.067049], [113.40017, -8.074507], [113.395985, -8.087782], [113.376966, -8.093403]]}}, {"type": "Feature", "properties": {"OBJECTID": 24820, "NAMOBJ": "", "FCODE": "60110", "REMARK": "Sungai Satu Garis"}, "geometry": {"type": "LineString", "coordinates": [[113.696787, -8.168641], [113.695993, -8.168344]]}}, {"type": "Feature", "properties": {"OBJECTID": 24839, "NAMOBJ": "", "FCODE": "60110", "REMARK": "Sungai Satu Garis"}, "geometry": {"type": "LineString", "coordinates": [[113.628132, -8.368357], [113.628282, -8.377233]]}}, {"type": "Feature", "properties": {"OBJECTID": 24843, "NAMOBJ": "", "FCODE": "60110", "REMARK": "Sungai Satu Garis"}, "geometry": {"type": "LineString", "coordinates": [[113.42105, -8.094773], [113.417633, -8.101765], [113.409255, -8.108341]]}}, {"type": "Feature", "properties": {"OBJECTID": 24847, "NAMOBJ": "KALI TRAKTAKAN", "FCODE": "60110", "REMARK": "Sungai Satu Garis"}, "geometry": {"type": "LineString", "coordinates": [[113.883043, -7.93167], [113.872424, -7.910361], [113.877416, -7.890244]]}}, {"type": "Feature", "properties": {"OBJECTID": 24854, "NAMOBJ": "", "FCODE": "60110", "REMARK": "Sungai Satu Garis"}, "geometry": {"type": "LineString", "coordinates": [[113.459612, -8.138547], [113.457875, -8.143841]]}}, {"type": "Feature", "properties": {"OBJECTID": 24855, "NAMOBJ": "KALI RAJAPATI", "FCODE": "60110", "REMARK": "Sungai Satu Garis"}, "geometry": {"type": "LineString", "coordinates": [[113.897807, -7.868903], [113.898004, -7.886257], [113.912309, -7.914508]]}}, {"type": "Feature", "properties": {"OBJECTID": 24872, "NAMOBJ": "KALI TAMANSARI DUA", "FCODE": "60110", "REMARK": "Sungai Satu Garis"}, "geometry": {"type": "LineString", "coordinates": [[113.526142, -8.364633], [113.524918, -8.3592], [113.540283, -8.334697], [113.543407, -8.315989]]}}, {"type": "Feature", "properties": {"OBJECTID": 24898, "NAMOBJ": "KALI BATUTULANG", "FCODE": "60110", "REMARK": "Sungai Satu Garis"}, "geometry": {"type": "LineString", "coordinates": [[113.449524, -8.001936], [113.423452, -7.991093], [113.415494, -7.994986], [113.410728, -7.992312], [113.405422, -7.993387], [113.398477, -7.996532], [113.400492, -7.997922], [113.393809, -8.010835], [113.383023, -8.013878], [113.378897, -8.020441], [113.37521, -8.022897], [113.371789, -8.021498], [113.366535, -8.027729], [113.361024, -8.027792], [113.354983, -8.035293], [113.354682, -8.043074], [113.348661, -8.054897], [113.350073, -8.063473], [113.357376, -8.072685], [113.35707, -8.078251], [113.362014, -8.080786]]}}, {"type": "Feature", "properties": {"OBJECTID": 24899, "NAMOBJ": "KALI SUMBERTAPUNG", "FCODE": "60110", "REMARK": "Sungai Satu Garis"}, "geometry": {"type": "LineString", "coordinates": [[113.528899, -8.024444], [113.524781, -8.026421], [113.513906, -8.023165], [113.498642, -8.026528], [113.496388, -8.024858], [113.489192, -8.034809], [113.47696, -8.040615], [113.468821, -8.052899], [113.467171, -8.051109], [113.463534, -8.054799], [113.457303, -8.053715], [113.447303, -8.063798]]}}, {"type": "Feature", "properties": {"OBJECTID": 24966, "NAMOBJ": "", "FCODE": "60110", "REMARK": "Sungai Satu Garis"}, "geometry": {"type": "LineString", "coordinates": [[113.334598, -8.098312], [113.330316, -8.105646]]}}, {"type": "Feature", "properties": {"OBJECTID": 24970, "NAMOBJ": "KALI KEMIRI", "FCODE": "60110", "REMARK": "Sungai Satu Garis"}, "geometry": {"type": "LineString", "coordinates": [[113.666619, -8.094501], [113.662974, -8.089132], [113.662293, -8.068186], [113.652518, -8.054131], [113.652488, -8.040778], [113.644352, -8.031826], [113.646492, -8.028355], [113.644961, -8.019318], [113.641665, -8.01085], [113.6357, -8.007159], [113.63262, -7.997624], [113.634036, -7.990231], [113.631733, -7.981038], [113.638307, -7.975454], [113.648268, -7.97536]]}}, {"type": "Feature", "properties": {"OBJECTID": 24980, "NAMOBJ": "KALI LEMBANGAN", "FCODE": "60110", "REMARK": "Sungai Satu Garis"}, "geometry": {"type": "LineString", "coordinates": [[113.860644, -8.137983], [113.848203, -8.153485], [113.828664, -8.154987], [113.823047, -8.160641], [113.814246, -8.162434], [113.806929, -8.168284]]}}, {"type": "Feature", "properties": {"OBJECTID": 25855, "NAMOBJ": "KALI PUTIH", "FCODE": "60110", "REMARK": "Sungai Satu Garis"}, "geometry": {"type": "LineString", "coordinates": [[113.994391, -8.348565], [114.004995, -8.358744], [114.015425, -8.359757], [114.019891, -8.363427]]}}, {"type": "Feature", "properties": {"OBJECTID": 25895, "NAMOBJ": "KALI SUMBERLANAS", "FCODE": "60110", "REMARK": "Sungai Satu Garis"}, "geometry": {"type": "LineString", "coordinates": [[113.815894, -8.308368], [113.820914, -8.29747], [113.824966, -8.275955], [113.823028, -8.272582], [113.832054, -8.268249], [113.839728, -8.254812]]}}, {"type": "Feature", "properties": {"OBJECTID": 25896, "NAMOBJ": "", "FCODE": "60110", "REMARK": "Sungai Satu Garis"}, "geometry": {"type": "LineString", "coordinates": [[113.686344, -8.231788], [113.685571, -8.243549], [113.677057, -8.250488]]}}, {"type": "Feature", "properties": {"OBJECTID": 25939, "NAMOBJ": "KALI GAYAM", "FCODE": "60110", "REMARK": "Sungai Satu Garis"}, "geometry": {"type": "LineString", "coordinates": [[113.852897, -8.070478], [113.828047, -8.080025], [113.818824, -8.078948]]}}, {"type": "Feature", "properties": {"OBJECTID": 25993, "NAMOBJ": "KALI SUMBERDAMPIL", "FCODE": "60110", "REMARK": "Sungai Satu Garis"}, "geometry": {"type": "LineString", "coordinates": [[113.540052, -8.17285], [113.541093, -8.151204], [113.538211, -8.146181], [113.545462, -8.128589]]}}, {"type": "Feature", "properties": {"OBJECTID": 25999, "NAMOBJ": "KALI PUDAK", "FCODE": "60110", "REMARK": "Sungai Satu Garis"}, "geometry": {"type": "LineString", "coordinates": [[113.830014, -8.073579], [113.825996, -8.073504], [113.818824, -8.078948]]}}, {"type": "Feature", "properties": {"OBJECTID": 26018, "NAMOBJ": "", "FCODE": "60110", "REMARK": "Sungai Satu Garis"}, "geometry": {"type": "LineString", "coordinates": [[113.706002, -8.387716], [113.706833, -8.389209]]}}, {"type": "Feature", "properties": {"OBJECTID": 26022, "NAMOBJ": "KALI BENING", "FCODE": "60110", "REMARK": "Sungai Satu Garis"}, "geometry": {"type": "LineString", "coordinates": [[113.304934, -8.173358], [113.311537, -8.168586], [113.311599, -8.154929], [113.306439, -8.147847], [113.310816, -8.12924], [113.308478, -8.114858]]}}, {"type": "Feature", "properties": {"OBJECTID": 26043, "NAMOBJ": "KALI PAPRINGAN", "FCODE": "60110", "REMARK": "Sungai Satu Garis"}, "geometry": {"type": "LineString", "coordinates": [[113.325739, -7.982093], [113.314389, -7.984758], [113.303946, -7.993466], [113.286969, -7.991334], [113.263741, -8.007994], [113.271694, -8.046889], [113.284896, -8.051503], [113.289276, -8.060835]]}}, {"type": "Feature", "properties": {"OBJECTID": 26048, "NAMOBJ": "KALI GAWOK", "FCODE": "60110", "REMARK": "Sungai Satu Garis"}, "geometry": {"type": "LineString", "coordinates": [[113.53672, -8.32487], [113.522788, -8.343766], [113.518721, -8.354891], [113.509339, -8.356973], [113.505271, -8.361085], [113.505004, -8.365798], [113.499068, -8.369177]]}}, {"type": "Feature", "properties": {"OBJECTID": 26908, "NAMOBJ": "", "FCODE": "60110", "REMARK": "Sungai Satu Garis"}, "geometry": {"type": "LineString", "coordinates": [[113.928848, -8.074505], [113.918524, -8.079428], [113.909196, -8.075055], [113.907313, -8.080413]]}}, {"type": "Feature", "properties": {"OBJECTID": 26936, "NAMOBJ": "", "FCODE": "60110", "REMARK": "Sungai Satu Garis"}, "geometry": {"type": "LineString", "coordinates": [[113.735718, -8.333724], [113.740446, -8.338088]]}}, {"type": "Feature", "properties": {"OBJECTID": 26945, "NAMOBJ": "KALI KERTOSARI", "FCODE": "60110", "REMARK": "Sungai Satu Garis"}, "geometry": {"type": "LineString", "coordinates": [[113.763533, -8.157092], [113.748231, -8.175613], [113.745864, -8.189412], [113.736525, -8.198546], [113.722626, -8.204832]]}}, {"type": "Feature", "properties": {"OBJECTID": 26967, "NAMOBJ": "", "FCODE": "60110", "REMARK": "Sungai Satu Garis"}, "geometry": {"type": "LineString", "coordinates": [[113.611208, -8.336391], [113.622912, -8.335004]]}}, {"type": "Feature", "properties": {"OBJECTID": 26972, "NAMOBJ": "KALI BARUMANIS", "FCODE": "60110", "REMARK": "Sungai Satu Garis"}, "geometry": {"type": "LineString", "coordinates": [[113.986129, -8.194302], [113.983681, -8.211566], [113.988506, -8.218635], [113.98809, -8.225807], [113.979468, -8.23356], [113.977849, -8.241518]]}}, {"type": "Feature", "properties": {"OBJECTID": 26985, "NAMOBJ": "KALI PONTANG", "FCODE": "60110", "REMARK": "Sungai Satu Garis"}, "geometry": {"type": "LineString", "coordinates": [[113.61941, -8.370088], [113.63194, -8.343752], [113.641307, -8.337631], [113.64047, -8.334365], [113.652655, -8.316457], [113.655208, -8.301713]]}}, {"type": "Feature", "properties": {"OBJECTID": 26988, "NAMOBJ": "KALI KOTOK", "FCODE": "60110", "REMARK": "Sungai Satu Garis"}, "geometry": {"type": "LineString", "coordinates": [[113.744777, -8.167579], [113.749848, -8.166645], [113.752507, -8.158034], [113.757963, -8.156029], [113.765422, -8.147152]]}}, {"type": "Feature", "properties": {"OBJECTID": 26994, "NAMOBJ": "KALI SUMBERPAKEM", "FCODE": "60110", "REMARK": "Sungai Satu Garis"}, "geometry": {"type": "LineString", "coordinates": [[113.79923, -8.197952], [113.800693, -8.216627], [113.796806, -8.227831], [113.790511, -8.232988], [113.785394, -8.24282]]}}, {"type": "Feature", "properties": {"OBJECTID": 29018, "NAMOBJ": "", "FCODE": "60110", "REMARK": "Sungai Satu Garis"}, "geometry": {"type": "LineString", "coordinates": [[113.98181, -8.071425], [113.970034, -8.068199], [113.965316, -8.0623], [113.950559, -8.057094], [113.93761, -8.048223]]}}, {"type": "Feature", "properties": {"OBJECTID": 29058, "NAMOBJ": "", "FCODE": "60110", "REMARK": "Sungai Satu Garis"}, "geometry": {"type": "LineString", "coordinates": [[113.955835, -8.095629], [113.943536, -8.09609], [113.939202, -8.098813], [113.921153, -8.097589], [113.918618, -8.101494], [113.910504, -8.100495], [113.907875, -8.097287], [113.902925, -8.098657]]}}, {"type": "Feature", "properties": {"OBJECTID": 29061, "NAMOBJ": "", "FCODE": "60110", "REMARK": "Sungai Satu Garis"}, "geometry": {"type": "LineString", "coordinates": [[113.313321, -8.084533], [113.310705, -8.072929]]}}, {"type": "Feature", "properties": {"OBJECTID": 29074, "NAMOBJ": "KALI MANDILIS", "FCODE": "60110", "REMARK": "Sungai Satu Garis"}, "geometry": {"type": "LineString", "coordinates": [[113.791918, -8.36648], [113.786009, -8.387173], [113.776964, -8.392612], [113.773149, -8.399756]]}}, {"type": "Feature", "properties": {"OBJECTID": 29082, "NAMOBJ": "KALI CANGKRING", "FCODE": "60110", "REMARK": "Sungai Satu Garis"}, "geometry": {"type": "LineString", "coordinates": [[113.635843, -8.305229], [113.639367, -8.304717], [113.640891, -8.299053], [113.644934, -8.297785], [113.653491, -8.286402], [113.657022, -8.284772], [113.664526, -8.287587], [113.677032, -8.284202]]}}, {"type": "Feature", "properties": {"OBJECTID": 30201, "NAMOBJ": "KALI GEBANG", "FCODE": "60110", "REMARK": "Sungai Satu Garis"}, "geometry": {"type": "LineString", "coordinates": [[113.853823, -7.921664], [113.845691, -7.93756], [113.846411, -7.945438]]}}, {"type": "Feature", "properties": {"OBJECTID": 30224, "NAMOBJ": "", "FCODE": "60110", "REMARK": "Sungai Satu Garis"}, "geometry": {"type": "LineString", "coordinates": [[113.642605, -8.43577], [113.650375, -8.430357]]}}, {"type": "Feature", "properties": {"OBJECTID": 30237, "NAMOBJ": "KALI KEDATON", "FCODE": "60110", "REMARK": "Sungai Satu Garis"}, "geometry": {"type": "LineString", "coordinates": [[113.523289, -8.015048], [113.494422, -8.005125], [113.490009, -7.997094], [113.482987, -7.996492], [113.47732, -7.990406], [113.464752, -7.996708], [113.457639, -7.990569], [113.451401, -7.991097]]}}, {"type": "Feature", "properties": {"OBJECTID": 30249, "NAMOBJ": "KALI CAKUL", "FCODE": "60110", "REMARK": "Sungai Satu Garis"}, "geometry": {"type": "LineString", "coordinates": [[113.739534, -8.17583], [113.731436, -8.179901], [113.725926, -8.178959], [113.714242, -8.188051], [113.694946, -8.182938]]}}, {"type": "Feature", "properties": {"OBJECTID": 30274, "NAMOBJ": "", "FCODE": "60110", "REMARK": "Sungai Satu Garis"}, "geometry": {"type": "LineString", "coordinates": [[113.461144, -8.025972], [113.452121, -8.023647], [113.443823, -8.032698], [113.434424, -8.036605], [113.433883, -8.039531], [113.414552, -8.045654], [113.411901, -8.051367], [113.389706, -8.053765], [113.389318, -8.05691], [113.384469, -8.055978], [113.377768, -8.061649], [113.368778, -8.060815]]}}, {"type": "Feature", "properties": {"OBJECTID": 30315, "NAMOBJ": "KALI LAMPORAN", "FCODE": "60110", "REMARK": "Sungai Satu Garis"}, "geometry": {"type": "LineString", "coordinates": [[113.997456, -7.996405], [113.97859, -7.981564], [113.961731, -7.960717], [113.950342, -7.952729], [113.931849, -7.933091], [113.910842, -7.897172], [113.910966, -7.890482], [113.901908, -7.880126], [113.901749, -7.869785], [113.909162, -7.865244], [113.90895, -7.862155]]}}, {"type": "Feature", "properties": {"OBJECTID": 30345, "NAMOBJ": "KALI PAKEM", "FCODE": "60110", "REMARK": "Sungai Satu Garis"}, "geometry": {"type": "LineString", "coordinates": [[113.333775, -7.973291], [113.303488, -7.966321], [113.287954, -7.955125], [113.26589, -7.957472], [113.260785, -7.960119], [113.261544, -7.967209], [113.258667, -7.970656], [113.252259, -7.971742], [113.241889, -7.979214], [113.241741, -7.990157]]}}, {"type": "Feature", "properties": {"OBJECTID": 31247, "NAMOBJ": "KALI SANTUNG", "FCODE": "60110", "REMARK": "Sungai Satu Garis"}, "geometry": {"type": "LineString", "coordinates": [[113.582407, -7.933598], [113.581399, -7.914682], [113.585734, -7.907112], [113.585259, -7.900261], [113.590972, -7.893912]]}}, {"type": "Feature", "properties": {"OBJECTID": 31263, "NAMOBJ": "", "FCODE": "60110", "REMARK": "Sungai Satu Garis"}, "geometry": {"type": "LineString", "coordinates": [[113.416633, -8.110969], [113.403005, -8.124916]]}}, {"type": "Feature", "properties": {"OBJECTID": 31325, "NAMOBJ": "KALI SUMBERKASIH", "FCODE": "60110", "REMARK": "Sungai Satu Garis"}, "geometry": {"type": "LineString", "coordinates": [[113.867331, -8.053027], [113.860879, -8.049617], [113.848692, -8.049332], [113.842581, -8.055249]]}}, {"type": "Feature", "properties": {"OBJECTID": 31335, "NAMOBJ": "KALI GLADAKSIKUR", "FCODE": "60110", "REMARK": "Sungai Satu Garis"}, "geometry": {"type": "LineString", "coordinates": [[113.818824, -8.078948], [113.807482, -8.079671], [113.797865, -8.084126], [113.796073, -8.080596]]}}, {"type": "Feature", "properties": {"OBJECTID": 31342, "NAMOBJ": "KALI KERANG", "FCODE": "60110", "REMARK": "Sungai Satu Garis"}, "geometry": {"type": "LineString", "coordinates": [[113.64215, -8.17279], [113.647554, -8.189126], [113.639651, -8.200182], [113.639673, -8.204694]]}}, {"type": "Feature", "properties": {"OBJECTID": 31351, "NAMOBJ": "KALI CURAHKEBO", "FCODE": "60110", "REMARK": "Sungai Satu Garis"}, "geometry": {"type": "LineString", "coordinates": [[113.78184, -7.998551], [113.773788, -8.001673], [113.764104, -7.995025], [113.743816, -7.992352]]}}, {"type": "Feature", "properties": {"OBJECTID": 31372, "NAMOBJ": "KALI SEMAGE", "FCODE": "60110", "REMARK": "Sungai Satu Garis"}, "geometry": {"type": "LineString", "coordinates": [[113.725114, -7.938812], [113.752192, -7.925769], [113.759095, -7.91974], [113.770588, -7.918732], [113.774365, -7.922855], [113.788585, -7.9217], [113.789669, -7.923721], [113.79518, -7.920513], [113.800093, -7.924651]]}}, {"type": "Feature", "properties": {"OBJECTID": 32196, "NAMOBJ": "KALI SALAK", "FCODE": "60110", "REMARK": "Sungai Satu Garis"}, "geometry": {"type": "LineString", "coordinates": [[113.733137, -7.9449], [113.733815, -7.948778], [113.74131, -7.951013], [113.769173, -7.952401], [113.774024, -7.951518], [113.784195, -7.937904], [113.800288, -7.936757], [113.80071, -7.938654], [113.805559, -7.934086], [113.82406, -7.93161]]}}, {"type": "Feature", "properties": {"OBJECTID": 32304, "NAMOBJ": "KALI PRINGGODANI", "FCODE": "60110", "REMARK": "Sungai Satu Garis"}, "geometry": {"type": "LineString", "coordinates": [[113.994462, -8.300482], [113.982102, -8.300354], [113.982412, -8.306712], [113.974769, -8.306207], [113.96809, -8.313165], [113.959515, -8.306589], [113.957782, -8.292347], [113.960434, -8.269395], [113.969187, -8.263898], [113.969619, -8.255563], [113.977849, -8.241518], [113.977748, -8.228805], [113.96637, -8.223888]]}}, {"type": "Feature", "properties": {"OBJECTID": 32356, "NAMOBJ": "KALI SUGER", "FCODE": "60110", "REMARK": "Sungai Satu Garis"}, "geometry": {"type": "LineString", "coordinates": [[113.777838, -8.035441], [113.78346, -8.038403], [113.78768, -8.046435], [113.782519, -8.052905], [113.781953, -8.064971], [113.777241, -8.076825], [113.772262, -8.079588], [113.770544, -8.085559]]}}, {"type": "Feature", "properties": {"OBJECTID": 32364, "NAMOBJ": "KALI PASEBAN", "FCODE": "60110", "REMARK": "Sungai Satu Garis"}, "geometry": {"type": "LineString", "coordinates": [[113.339236, -8.322403], [113.350837, -8.306154], [113.345645, -8.289405]]}}, {"type": "Feature", "properties": {"OBJECTID": 33338, "NAMOBJ": "", "FCODE": "60110", "REMARK": "Sungai Satu Garis"}, "geometry": {"type": "LineString", "coordinates": [[113.677475, -8.168867], [113.677717, -8.163685]]}}, {"type": "Feature", "properties": {"OBJECTID": 33341, "NAMOBJ": "KALI SEMPALAN", "FCODE": "60110", "REMARK": "Sungai Satu Garis"}, "geometry": {"type": "LineString", "coordinates": [[113.7137, -8.192752], [113.703315, -8.195925], [113.69319, -8.204653], [113.688958, -8.20224], [113.678717, -8.204605], [113.67235, -8.197418], [113.666889, -8.198478]]}}, {"type": "Feature", "properties": {"OBJECTID": 33343, "NAMOBJ": "KALI BEDADUNG", "FCODE": "60110", "REMARK": "Sungai Satu Garis"}, "geometry": {"type": "LineString", "coordinates": [[113.581524, -8.233703], [113.583717, -8.237074], [113.58027, -8.240415], [113.56511, -8.245507], [113.54641, -8.261397], [113.545586, -8.280352], [113.539408, -8.279299], [113.535169, -8.283557], [113.536666, -8.290258], [113.529375, -8.312541], [113.523062, -8.315694], [113.518031, -8.32494], [113.511381, -8.326194], [113.505213, -8.331662]]}}, {"type": "Feature", "properties": {"OBJECTID": 33348, "NAMOBJ": "KALI ANTOKAN", "FCODE": "60110", "REMARK": "Sungai Satu Garis"}, "geometry": {"type": "LineString", "coordinates": [[113.678169, -8.075273], [113.680236, -8.093413], [113.690186, -8.105086], [113.695383, -8.117418], [113.694772, -8.129751], [113.691371, -8.134266], [113.692247, -8.143878], [113.696359, -8.148077], [113.698628, -8.159117]]}}, {"type": "Feature", "properties": {"OBJECTID": 33368, "NAMOBJ": "", "FCODE": "60110", "REMARK": "Sungai Satu Garis"}, "geometry": {"type": "LineString", "coordinates": [[113.563138, -8.420877], [113.560375, -8.423069]]}}, {"type": "Feature", "properties": {"OBJECTID": 33384, "NAMOBJ": "", "FCODE": "60110", "REMARK": "Sungai Satu Garis"}, "geometry": {"type": "LineString", "coordinates": [[113.31551, -8.06104], [113.319746, -8.067639], [113.31945, -8.074934], [113.316343, -8.075775]]}}, {"type": "Feature", "properties": {"OBJECTID": 33385, "NAMOBJ": "KALI REMBANGAN", "FCODE": "60110", "REMARK": "Sungai Satu Garis"}, "geometry": {"type": "LineString", "coordinates": [[113.689844, -8.021691], [113.685392, -8.026841], [113.685424, -8.033661], [113.678488, -8.04172], [113.677765, -8.056235], [113.674929, -8.061411], [113.678282, -8.070517], [113.686336, -8.078018], [113.685776, -8.08102], [113.699359, -8.09441], [113.705607, -8.112327], [113.703252, -8.127012], [113.706397, -8.132709], [113.704783, -8.140779], [113.711506, -8.151964], [113.707793, -8.16125], [113.704914, -8.159395], [113.70242, -8.162877]]}}, {"type": "Feature", "properties": {"OBJECTID": 33389, "NAMOBJ": "KALI MANGGIS", "FCODE": "60110", "REMARK": "Sungai Satu Garis"}, "geometry": {"type": "LineString", "coordinates": [[113.660388, -8.091924], [113.658844, -8.118958], [113.668435, -8.132094], [113.671534, -8.13928], [113.670597, -8.145354], [113.676294, -8.153891]]}}, {"type": "Feature", "properties": {"OBJECTID": 33398, "NAMOBJ": "KALI BACEM", "FCODE": "60110", "REMARK": "Sungai Satu Garis"}, "geometry": {"type": "LineString", "coordinates": [[113.691799, -8.029538], [113.708919, -8.05342], [113.709377, -8.062678], [113.713815, -8.063811], [113.71399, -8.066807], [113.725638, -8.075014], [113.725105, -8.077678], [113.731276, -8.082985], [113.749094, -8.087358]]}}, {"type": "Feature", "properties": {"OBJECTID": 33400, "NAMOBJ": "KALI KEBONLANGSEP", "FCODE": "60110", "REMARK": "Sungai Satu Garis"}, "geometry": {"type": "LineString", "coordinates": [[113.885118, -8.191962], [113.873792, -8.201096], [113.868584, -8.201466], [113.862806, -8.207406], [113.8559, -8.209578], [113.850004, -8.21936], [113.852211, -8.22719]]}}, {"type": "Feature", "properties": {"OBJECTID": 33413, "NAMOBJ": "", "FCODE": "60110", "REMARK": "Sungai Satu Garis"}, "geometry": {"type": "LineString", "coordinates": [[113.712904, -8.213974], [113.695646, -8.21522], [113.689593, -8.218385]]}}, {"type": "Feature", "properties": {"OBJECTID": 33415, "NAMOBJ": "KALI MALANG", "FCODE": "60110", "REMARK": "Sungai Satu Garis"}, "geometry": {"type": "LineString", "coordinates": [[113.370253, -8.278351], [113.396109, -8.299308], [113.403378, -8.311777], [113.416756, -8.316638], [113.411388, -8.32712], [113.421113, -8.34151], [113.413677, -8.359457], [113.413618, -8.36622], [113.408052, -8.368136], [113.406758, -8.373942]]}}, {"type": "Feature", "properties": {"OBJECTID": 33416, "NAMOBJ": "", "FCODE": "60110", "REMARK": "Sungai Satu Garis"}, "geometry": {"type": "LineString", "coordinates": [[113.350383, -8.123345], [113.358597, -8.126507], [113.358157, -8.152146], [113.350981, -8.164171], [113.339264, -8.171215], [113.342503, -8.182574], [113.341086, -8.193757]]}}, {"type": "Feature", "properties": {"OBJECTID": 33429, "NAMOBJ": "KALI KEMBANGAN", "FCODE": "60110", "REMARK": "Sungai Satu Garis"}, "geometry": {"type": "LineString", "coordinates": [[113.739133, -7.889694], [113.748221, -7.885412], [113.750816, -7.891945], [113.773141, -7.894653], [113.782826, -7.900422], [113.788095, -7.898922], [113.796892, -7.902221]]}}, {"type": "Feature", "properties": {"OBJECTID": 33432, "NAMOBJ": "KALI WANGON", "FCODE": "60110", "REMARK": "Sungai Satu Garis"}, "geometry": {"type": "LineString", "coordinates": [[113.600068, -8.185552], [113.603164, -8.209934]]}}, {"type": "Feature", "properties": {"OBJECTID": 33442, "NAMOBJ": "KALI KLOPOGOWOK", "FCODE": "60110", "REMARK": "Sungai Satu Garis"}, "geometry": {"type": "LineString", "coordinates": [[113.557847, -8.159108], [113.550066, -8.1761], [113.55128, -8.187854], [113.546569, -8.195448], [113.548291, -8.199129], [113.543678, -8.21829], [113.534673, -8.228899]]}}, {"type": "Feature", "properties": {"OBJECTID": 33451, "NAMOBJ": "KALI BAJING", "FCODE": "60110", "REMARK": "Sungai Satu Garis"}, "geometry": {"type": "LineString", "coordinates": [[113.763115, -8.316975], [113.754322, -8.319114], [113.738197, -8.333633], [113.728765, -8.331743], [113.713776, -8.334051], [113.706351, -8.328867], [113.672958, -8.339577], [113.668958, -8.343498]]}}, {"type": "Feature", "properties": {"OBJECTID": 33459, "NAMOBJ": "", "FCODE": "60110", "REMARK": "Sungai Satu Garis"}, "geometry": {"type": "LineString", "coordinates": [[113.704611, -8.329345], [113.709792, -8.320656]]}}, {"type": "Feature", "properties": {"OBJECTID": 33463, "NAMOBJ": "KALI DAWUHAN", "FCODE": "60110", "REMARK": "Sungai Satu Garis"}, "geometry": {"type": "LineString", "coordinates": [[113.82206, -8.022443], [113.818713, -8.042456], [113.807681, -8.050041], [113.805374, -8.056718], [113.795613, -8.055552]]}}, {"type": "Feature", "properties": {"OBJECTID": 33470, "NAMOBJ": "", "FCODE": "60110", "REMARK": "Sungai Satu Garis"}, "geometry": {"type": "LineString", "coordinates": [[113.416536, -8.121864], [113.41549, -8.126696], [113.427261, -8.135896], [113.430132, -8.144067]]}}, {"type": "Feature", "properties": {"OBJECTID": 34311, "NAMOBJ": "KALI LEMBUNG", "FCODE": "60110", "REMARK": "Sungai Satu Garis"}, "geometry": {"type": "LineString", "coordinates": [[113.667107, -8.247679], [113.662098, -8.244642], [113.647981, -8.244786], [113.63843, -8.256169], [113.627993, -8.260011], [113.625178, -8.269814], [113.6184, -8.271653]]}}, {"type": "Feature", "properties": {"OBJECTID": 34323, "NAMOBJ": "KALI SOSOKAN", "FCODE": "60110", "REMARK": "Sungai Satu Garis"}, "geometry": {"type": "LineString", "coordinates": [[113.568149, -7.932284], [113.566578, -7.927396], [113.549854, -7.91215], [113.522444, -7.899126], [113.515292, -7.892642], [113.502416, -7.889462], [113.489594, -7.891057]]}}, {"type": "Feature", "properties": {"OBJECTID": 34359, "NAMOBJ": "", "FCODE": "60110", "REMARK": "Sungai Satu Garis"}, "geometry": {"type": "LineString", "coordinates": [[113.290702, -8.077226], [113.298212, -8.072996], [113.300085, -8.067845]]}}, {"type": "Feature", "properties": {"OBJECTID": 34368, "NAMOBJ": "", "FCODE": "60110", "REMARK": "Sungai Satu Garis"}, "geometry": {"type": "LineString", "coordinates": [[113.605052, -8.42286], [113.608468, -8.425744], [113.60569, -8.425489]]}}, {"type": "Feature", "properties": {"OBJECTID": 34371, "NAMOBJ": "KALI COWANG", "FCODE": "60110", "REMARK": "Sungai Satu Garis"}, "geometry": {"type": "LineString", "coordinates": [[113.716125, -8.440233], [113.713501, -8.44294], [113.714814, -8.44923], [113.728567, -8.455187], [113.735373, -8.471748]]}}, {"type": "Feature", "properties": {"OBJECTID": 34397, "NAMOBJ": "", "FCODE": "60110", "REMARK": "Sungai Satu Garis"}, "geometry": {"type": "LineString", "coordinates": [[113.323263, -8.086203], [113.319953, -8.091073]]}}, {"type": "Feature", "properties": {"OBJECTID": 34507, "NAMOBJ": "KALI WRINGINKURUNG", "FCODE": "60110", "REMARK": "Sungai Satu Garis"}, "geometry": {"type": "LineString", "coordinates": [[113.739133, -7.889694], [113.730482, -7.889012], [113.726483, -7.893883], [113.718761, -7.895408], [113.71359, -7.90272], [113.695757, -7.915756], [113.695414, -7.920508], [113.688936, -7.926954], [113.677317, -7.947958], [113.676599, -7.957706]]}}, {"type": "Feature", "properties": {"OBJECTID": 34513, "NAMOBJ": "KALI SUMBERPANDAN", "FCODE": "60110", "REMARK": "Sungai Satu Garis"}, "geometry": {"type": "LineString", "coordinates": [[113.762863, -8.003737], [113.785977, -8.003741], [113.791685, -8.008027], [113.799242, -8.004006]]}}, {"type": "Feature", "properties": {"OBJECTID": 34524, "NAMOBJ": "", "FCODE": "60110", "REMARK": "Sungai Satu Garis"}, "geometry": {"type": "LineString", "coordinates": [[113.47094, -7.985992], [113.457178, -7.977166], [113.441002, -7.980322], [113.421002, -7.96931], [113.406377, -7.969733]]}}, {"type": "Feature", "properties": {"OBJECTID": 34526, "NAMOBJ": "KALI KESAMBI", "FCODE": "60110", "REMARK": "Sungai Satu Garis"}, "geometry": {"type": "LineString", "coordinates": [[113.994191, -8.087447], [113.967698, -8.0862], [113.952267, -8.076962], [113.935492, -8.072486], [113.927833, -8.074564], [113.906327, -8.073078], [113.899126, -8.06684], [113.88968, -8.064502], [113.887164, -8.066248], [113.884033, -8.062683], [113.874849, -8.060647], [113.867549, -8.065152], [113.838864, -8.062436], [113.830064, -8.068032], [113.816367, -8.066503], [113.810952, -8.069101], [113.809553, -8.075375], [113.804832, -8.078785], [113.793803, -8.081075]]}}, {"type": "Feature", "properties": {"OBJECTID": 34529, "NAMOBJ": "KALI ANGSANA", "FCODE": "60110", "REMARK": "Sungai Satu Garis"}, "geometry": {"type": "LineString", "coordinates": [[113.646101, -8.328915], [113.657964, -8.322127], [113.667239, -8.304401], [113.671719, -8.300917]]}}, {"type": "Feature", "properties": {"OBJECTID": 35417, "NAMOBJ": "KALI REJOAGUNG", "FCODE": "60110", "REMARK": "Sungai Satu Garis"}, "geometry": {"type": "LineString", "coordinates": [[113.404765, -8.209203], [113.427447, -8.204655], [113.447822, -8.208869]]}}, {"type": "Feature", "properties": {"OBJECTID": 35448, "NAMOBJ": "", "FCODE": "60110", "REMARK": "Sungai Satu Garis"}, "geometry": {"type": "LineString", "coordinates": [[113.706833, -8.389209], [113.71167, -8.388036]]}}, {"type": "Feature", "properties": {"OBJECTID": 35449, "NAMOBJ": "KALI DARUNGAN", "FCODE": "60110", "REMARK": "Sungai Satu Garis"}, "geometry": {"type": "LineString", "coordinates": [[113.518821, -8.051759], [113.510838, -8.065131], [113.500017, -8.073235], [113.480987, -8.117762], [113.463035, -8.126326], [113.461846, -8.142578], [113.450273, -8.154256]]}}, {"type": "Feature", "properties": {"OBJECTID": 35450, "NAMOBJ": "KALI SUMBERTENGAH", "FCODE": "60110", "REMARK": "Sungai Satu Garis"}, "geometry": {"type": "LineString", "coordinates": [[113.679503, -8.292485], [113.681916, -8.283905], [113.698217, -8.277421], [113.726231, -8.25392], [113.733261, -8.244713]]}}, {"type": "Feature", "properties": {"OBJECTID": 35465, "NAMOBJ": "DANAU TAMANHIDUP", "FCODE": "60110", "REMARK": "Sungai Satu Garis"}, "geometry": {"type": "LineString", "coordinates": [[113.534845, -7.9768], [113.532483, -7.978423], [113.535099, -7.980018], [113.534845, -7.9768]]}}, {"type": "Feature", "properties": {"OBJECTID": 35482, "NAMOBJ": "KALI JOMPO", "FCODE": "60110", "REMARK": "Sungai Satu Garis"}, "geometry": {"type": "LineString", "coordinates": [[113.685807, -8.183912], [113.702458, -8.162895], [113.695372, -8.15675], [113.687793, -8.156666], [113.678801, -8.130794], [113.678023, -8.116566], [113.672681, -8.101111], [113.666619, -8.094501]]}}, {"type": "Feature", "properties": {"OBJECTID": 35486, "NAMOBJ": "KALI AJUNG", "FCODE": "60110", "REMARK": "Sungai Satu Garis"}, "geometry": {"type": "LineString", "coordinates": [[113.744777, -8.167579], [113.74237, -8.169136], [113.742637, -8.175683], [113.732841, -8.186364], [113.7137, -8.192752], [113.709095, -8.199453], [113.686286, -8.217473], [113.672229, -8.215233], [113.660701, -8.207039], [113.650529, -8.204918], [113.642522, -8.208486], [113.640194, -8.205649]]}}, {"type": "Feature", "properties": {"OBJECTID": 35508, "NAMOBJ": "KALI KAPURAN", "FCODE": "60110", "REMARK": "Sungai Satu Garis"}, "geometry": {"type": "LineString", "coordinates": [[113.471223, -8.326893], [113.472078, -8.314853], [113.463208, -8.31185]]}}, {"type": "Feature", "properties": {"OBJECTID": 35524, "NAMOBJ": "KALI KASEMEK", "FCODE": "60110", "REMARK": "Sungai Satu Garis"}, "geometry": {"type": "LineString", "coordinates": [[113.877626, -7.97], [113.870321, -7.957355], [113.866183, -7.955648], [113.855459, -7.927552]]}}, {"type": "Feature", "properties": {"OBJECTID": 35546, "NAMOBJ": "KALI TANGGUL", "FCODE": "60110", "REMARK": "Sungai Satu Garis"}, "geometry": {"type": "LineString", "coordinates": [[113.573499, -8.051797], [113.571253, -8.060204], [113.572893, -8.066225], [113.564302, -8.093808], [113.557067, -8.097594], [113.547658, -8.114931], [113.529022, -8.125034], [113.514282, -8.141543], [113.501477, -8.144288], [113.49754, -8.151078], [113.490175, -8.153711], [113.487112, -8.157854], [113.475039, -8.156474], [113.459177, -8.164143], [113.432663, -8.149592]]}}, {"type": "Feature", "properties": {"OBJECTID": 35547, "NAMOBJ": "KALI SUMBERPEUNG", "FCODE": "60110", "REMARK": "Sungai Satu Garis"}, "geometry": {"type": "LineString", "coordinates": [[113.541509, -8.118079], [113.553711, -8.091781], [113.555353, -8.076453], [113.549531, -8.059869], [113.559313, -8.031522]]}}, {"type": "Feature", "properties": {"OBJECTID": 35582, "NAMOBJ": "KALI KAJAR", "FCODE": "60110", "REMARK": "Sungai Satu Garis"}, "geometry": {"type": "LineString", "coordinates": [[114.032964, -8.139874], [114.030747, -8.146428], [114.013474, -8.169105], [114.013944, -8.177801], [114.00595, -8.189558], [114.004262, -8.199175], [113.9944, -8.209879], [113.992479, -8.22222]]}}, {"type": "Feature", "properties": {"OBJECTID": 36521, "NAMOBJ": "KALI MANGGUNG", "FCODE": "60110", "REMARK": "Sungai Satu Garis"}, "geometry": {"type": "LineString", "coordinates": [[113.877095, -8.204737], [113.886116, -8.20857], [113.886821, -8.212482]]}}, {"type": "Feature", "properties": {"OBJECTID": 36523, "NAMOBJ": "KALI URIP", "FCODE": "60110", "REMARK": "Sungai Satu Garis"}, "geometry": {"type": "LineString", "coordinates": [[113.646626, -8.105912], [113.647982, -8.118477], [113.639726, -8.150484], [113.641711, -8.15984], [113.64543, -8.163238], [113.64861, -8.161564], [113.650555, -8.16556], [113.653047, -8.181171], [113.647508, -8.189242]]}}, {"type": "Feature", "properties": {"OBJECTID": 36551, "NAMOBJ": "", "FCODE": "60110", "REMARK": "Sungai Satu Garis"}, "geometry": {"type": "LineString", "coordinates": [[113.779017, -8.405347], [113.768606, -8.416257]]}}, {"type": "Feature", "properties": {"OBJECTID": 36590, "NAMOBJ": "", "FCODE": "60110", "REMARK": "Sungai Satu Garis"}, "geometry": {"type": "LineString", "coordinates": [[113.305497, -8.055349], [113.309401, -8.054127], [113.311988, -8.048749]]}}, {"type": "Feature", "properties": {"OBJECTID": 36597, "NAMOBJ": "", "FCODE": "60110", "REMARK": "Sungai Satu Garis"}, "geometry": {"type": "LineString", "coordinates": [[113.614279, -8.20731], [113.614259, -8.214273], [113.605113, -8.219802]]}}, {"type": "Feature", "properties": {"OBJECTID": 37463, "NAMOBJ": "", "FCODE": "60110", "REMARK": "Sungai Satu Garis"}, "geometry": {"type": "LineString", "coordinates": [[113.923317, -8.060224], [113.887647, -8.046117], [113.868872, -8.043399]]}}, {"type": "Feature", "properties": {"OBJECTID": 37466, "NAMOBJ": "KALI KARANGBAYAT", "FCODE": "60110", "REMARK": "Sungai Satu Garis"}, "geometry": {"type": "LineString", "coordinates": [[113.488042, -8.027507], [113.475001, -8.035524], [113.457884, -8.039992], [113.453904, -8.051671], [113.447392, -8.057918], [113.446792, -8.066895], [113.437246, -8.072648], [113.428438, -8.088639], [113.415719, -8.096405], [113.408241, -8.097325], [113.396768, -8.106999], [113.387705, -8.110254], [113.38531, -8.108102], [113.382862, -8.114708], [113.376087, -8.119646], [113.367843, -8.120635]]}}, {"type": "Feature", "properties": {"OBJECTID": 37480, "NAMOBJ": "KALI PAKIS", "FCODE": "60110", "REMARK": "Sungai Satu Garis"}, "geometry": {"type": "LineString", "coordinates": [[113.615386, -8.152614], [113.606242, -8.13976], [113.60435, -8.128485], [113.592309, -8.11436], [113.588582, -8.099232], [113.590521, -8.081609], [113.598578, -8.068784], [113.59594, -8.061906], [113.599059, -8.049818], [113.595227, -8.040232], [113.598818, -8.031471], [113.597569, -8.027289]]}}, {"type": "Feature", "properties": {"OBJECTID": 37528, "NAMOBJ": "", "FCODE": "60110", "REMARK": "Sungai Satu Garis"}, "geometry": {"type": "LineString", "coordinates": [[113.358472, -8.121451], [113.358104, -8.125698]]}}, {"type": "Feature", "properties": {"OBJECTID": 37533, "NAMOBJ": "", "FCODE": "60110", "REMARK": "Sungai Satu Garis"}, "geometry": {"type": "LineString", "coordinates": [[113.408493, -8.103877], [113.401991, -8.111569], [113.383287, -8.113517]]}}, {"type": "Feature", "properties": {"OBJECTID": 37552, "NAMOBJ": "", "FCODE": "60110", "REMARK": "Sungai Satu Garis"}, "geometry": {"type": "LineString", "coordinates": [[113.348731, -8.101084], [113.347732, -8.093688], [113.350619, -8.092431]]}}, {"type": "Feature", "properties": {"OBJECTID": 37559, "NAMOBJ": "", "FCODE": "60110", "REMARK": "Sungai Satu Garis"}, "geometry": {"type": "LineString", "coordinates": [[113.872528, -8.095961], [113.867921, -8.08956], [113.852066, -8.092595]]}}, {"type": "Feature", "properties": {"OBJECTID": 37583, "NAMOBJ": "KALI MAKAM", "FCODE": "60110", "REMARK": "Sungai Satu Garis"}, "geometry": {"type": "LineString", "coordinates": [[113.833136, -8.055738], [113.826706, -8.055023], [113.823032, -8.058127], [113.813439, -8.05628], [113.80851, -8.058819], [113.799541, -8.067517], [113.793803, -8.081075]]}}, {"type": "Feature", "properties": {"OBJECTID": 37592, "NAMOBJ": "KALI PACE", "FCODE": "60110", "REMARK": "Sungai Satu Garis"}, "geometry": {"type": "LineString", "coordinates": [[114.04417, -8.1184], [114.043161, -8.11151], [114.035379, -8.102094], [114.018265, -8.094443], [114.002845, -8.074302], [113.991564, -8.070026], [113.970846, -8.0552], [113.958648, -8.055068], [113.947878, -8.044882], [113.938648, -8.042362], [113.937637, -8.039116], [113.918609, -8.024969], [113.913169, -8.024697], [113.902624, -8.018257], [113.895885, -8.018238], [113.882271, -8.006996], [113.875248, -8.006533]]}}, {"type": "Feature", "properties": {"OBJECTID": 38558, "NAMOBJ": "KALI SUMBERKIMAN", "FCODE": "60110", "REMARK": "Sungai Satu Garis"}, "geometry": {"type": "LineString", "coordinates": [[113.733432, -8.011734], [113.755421, -8.023209], [113.7649, -8.024268], [113.769891, -8.021968]]}}, {"type": "Feature", "properties": {"OBJECTID": 38578, "NAMOBJ": "", "FCODE": "60110", "REMARK": "Sungai Satu Garis"}, "geometry": {"type": "LineString", "coordinates": [[113.650728, -8.228401], [113.635019, -8.228829], [113.62952, -8.227466], [113.627359, -8.223937], [113.612045, -8.224744], [113.608447, -8.221116]]}}, {"type": "Feature", "properties": {"OBJECTID": 38581, "NAMOBJ": "KALI APURBEDODO", "FCODE": "60110", "REMARK": "Sungai Satu Garis"}, "geometry": {"type": "LineString", "coordinates": [[113.395473, -8.370933], [113.384904, -8.353339], [113.377324, -8.346954], [113.375906, -8.343527], [113.378188, -8.340281], [113.37554, -8.33506]]}}, {"type": "Feature", "properties": {"OBJECTID": 38587, "NAMOBJ": "KALI ARJASA", "FCODE": "60110", "REMARK": "Sungai Satu Garis"}, "geometry": {"type": "LineString", "coordinates": [[113.6708, -8.004835], [113.675724, -8.013485], [113.695587, -8.01039], [113.712176, -8.012191], [113.720241, -8.021682], [113.726188, -8.023573], [113.739614, -8.04679], [113.74612, -8.051336], [113.749417, -8.072531], [113.747129, -8.082049], [113.754691, -8.107143], [113.75417, -8.11343], [113.749738, -8.117401]]}}, {"type": "Feature", "properties": {"OBJECTID": 38599, "NAMOBJ": "KALI CAMPOAN", "FCODE": "60110", "REMARK": "Sungai Satu Garis"}, "geometry": {"type": "LineString", "coordinates": [[113.764502, -8.028454], [113.777183, -8.025339], [113.79094, -8.027199], [113.79808, -8.048148], [113.795613, -8.055552]]}}, {"type": "Feature", "properties": {"OBJECTID": 38638, "NAMOBJ": "KALI METAKAN", "FCODE": "60110", "REMARK": "Sungai Satu Garis"}, "geometry": {"type": "LineString", "coordinates": [[113.724586, -8.08814], [113.732542, -8.103663], [113.7386, -8.108473]]}}, {"type": "Feature", "properties": {"OBJECTID": 38651, "NAMOBJ": "KALI PLALANGAN", "FCODE": "60110", "REMARK": "Sungai Satu Garis"}, "geometry": {"type": "LineString", "coordinates": [[113.757421, -7.989259], [113.766624, -7.989613], [113.787013, -8.001512], [113.799468, -8.003752]]}}, {"type": "Feature", "properties": {"OBJECTID": 38669, "NAMOBJ": "", "FCODE": "60110", "REMARK": "Sungai Satu Garis"}, "geometry": {"type": "LineString", "coordinates": [[113.673447, -8.327763], [113.673075, -8.339533]]}}, {"type": "Feature", "properties": {"OBJECTID": 38741, "NAMOBJ": "KALI KRAMAT", "FCODE": "60110", "REMARK": "Sungai Satu Garis"}, "geometry": {"type": "LineString", "coordinates": [[113.895534, -8.083166], [113.895853, -8.087758], [113.888738, -8.092068], [113.886469, -8.098594], [113.877045, -8.098978], [113.873771, -8.09585], [113.866957, -8.095215], [113.86672, -8.091847], [113.856307, -8.093765], [113.847335, -8.090864], [113.842956, -8.093797], [113.822785, -8.090936], [113.794358, -8.102445], [113.789065, -8.101974], [113.784956, -8.107097]]}}, {"type": "Feature", "properties": {"OBJECTID": 125057, "NAMOBJ": "", "FCODE": "60112", "REMARK": "Sungai Musiman"}, "geometry": {"type": "LineString", "coordinates": [[113.738721, -7.951872], [113.734879, -7.954393]]}}, {"type": "Feature", "properties": {"OBJECTID": 125059, "NAMOBJ": "", "FCODE": "60112", "REMARK": "Sungai Musiman"}, "geometry": {"type": "LineString", "coordinates": [[113.96364, -8.217055], [113.959048, -8.218277]]}}, {"type": "Feature", "properties": {"OBJECTID": 125063, "NAMOBJ": "", "FCODE": "60112", "REMARK": "Sungai Musiman"}, "geometry": {"type": "LineString", "coordinates": [[113.370154, -7.995003], [113.37085, -7.99634]]}}, {"type": "Feature", "properties": {"OBJECTID": 125076, "NAMOBJ": "", "FCODE": "60112", "REMARK": "Sungai Musiman"}, "geometry": {"type": "LineString", "coordinates": [[113.589745, -8.014315], [113.593628, -8.008607]]}}, {"type": "Feature", "properties": {"OBJECTID": 125083, "NAMOBJ": "", "FCODE": "60112", "REMARK": "Sungai Musiman"}, "geometry": {"type": "LineString", "coordinates": [[113.378092, -8.029958], [113.37688, -8.03561], [113.3714, -8.040371]]}}, {"type": "Feature", "properties": {"OBJECTID": 125090, "NAMOBJ": "", "FCODE": "60112", "REMARK": "Sungai Musiman"}, "geometry": {"type": "LineString", "coordinates": [[113.409353, -7.933761], [113.40646, -7.9338]]}}, {"type": "Feature", "properties": {"OBJECTID": 125100, "NAMOBJ": "", "FCODE": "60112", "REMARK": "Sungai Musiman"}, "geometry": {"type": "LineString", "coordinates": [[113.51913, -8.414715], [113.521516, -8.420019]]}}, {"type": "Feature", "properties": {"OBJECTID": 125222, "NAMOBJ": "", "FCODE": "60112", "REMARK": "Sungai Musiman"}, "geometry": {"type": "LineString", "coordinates": [[113.886153, -8.44955], [113.887677, -8.44534]]}}, {"type": "Feature", "properties": {"OBJECTID": 125229, "NAMOBJ": "", "FCODE": "60112", "REMARK": "Sungai Musiman"}, "geometry": {"type": "LineString", "coordinates": [[113.468106, -8.006751], [113.465076, -8.005082]]}}, {"type": "Feature", "properties": {"OBJECTID": 125236, "NAMOBJ": "", "FCODE": "60112", "REMARK": "Sungai Musiman"}, "geometry": {"type": "LineString", "coordinates": [[113.7394, -8.307705], [113.740139, -8.302113], [113.736182, -8.299823]]}}, {"type": "Feature", "properties": {"OBJECTID": 125245, "NAMOBJ": "", "FCODE": "60112", "REMARK": "Sungai Musiman"}, "geometry": {"type": "LineString", "coordinates": [[113.969709, -8.381688], [113.971757, -8.384747]]}}, {"type": "Feature", "properties": {"OBJECTID": 125255, "NAMOBJ": "", "FCODE": "60112", "REMARK": "Sungai Musiman"}, "geometry": {"type": "LineString", "coordinates": [[113.397999, -8.05743], [113.393953, -8.0576]]}}, {"type": "Feature", "properties": {"OBJECTID": 125256, "NAMOBJ": "", "FCODE": "60112", "REMARK": "Sungai Musiman"}, "geometry": {"type": "LineString", "coordinates": [[113.473679, -7.991222], [113.472888, -7.993496]]}}, {"type": "Feature", "properties": {"OBJECTID": 125257, "NAMOBJ": "", "FCODE": "60112", "REMARK": "Sungai Musiman"}, "geometry": {"type": "LineString", "coordinates": [[113.607442, -8.078704], [113.606094, -8.076112]]}}, {"type": "Feature", "properties": {"OBJECTID": 125258, "NAMOBJ": "", "FCODE": "60112", "REMARK": "Sungai Musiman"}, "geometry": {"type": "LineString", "coordinates": [[113.556411, -7.927238], [113.553743, -7.921355]]}}, {"type": "Feature", "properties": {"OBJECTID": 125263, "NAMOBJ": "", "FCODE": "60112", "REMARK": "Sungai Musiman"}, "geometry": {"type": "LineString", "coordinates": [[113.885163, -8.38577], [113.881912, -8.378513]]}}, {"type": "Feature", "properties": {"OBJECTID": 125266, "NAMOBJ": "", "FCODE": "60112", "REMARK": "Sungai Musiman"}, "geometry": {"type": "LineString", "coordinates": [[113.466097, -7.968095], [113.463414, -7.970374]]}}, {"type": "Feature", "properties": {"OBJECTID": 125268, "NAMOBJ": "", "FCODE": "60112", "REMARK": "Sungai Musiman"}, "geometry": {"type": "LineString", "coordinates": [[113.902339, -8.271483], [113.907498, -8.271917]]}}, {"type": "Feature", "properties": {"OBJECTID": 125274, "NAMOBJ": "", "FCODE": "60112", "REMARK": "Sungai Musiman"}, "geometry": {"type": "LineString", "coordinates": [[113.787185, -8.198518], [113.77987, -8.203966], [113.776409, -8.203047], [113.773529, -8.212629]]}}, {"type": "Feature", "properties": {"OBJECTID": 125288, "NAMOBJ": "", "FCODE": "60112", "REMARK": "Sungai Musiman"}, "geometry": {"type": "LineString", "coordinates": [[113.392922, -7.923097], [113.392079, -7.91988]]}}, {"type": "Feature", "properties": {"OBJECTID": 125291, "NAMOBJ": "", "FCODE": "60112", "REMARK": "Sungai Musiman"}, "geometry": {"type": "LineString", "coordinates": [[113.864158, -8.351583], [113.865752, -8.355686]]}}, {"type": "Feature", "properties": {"OBJECTID": 125293, "NAMOBJ": "", "FCODE": "60112", "REMARK": "Sungai Musiman"}, "geometry": {"type": "LineString", "coordinates": [[113.974118, -8.08612], [113.952267, -8.076962]]}}, {"type": "Feature", "properties": {"OBJECTID": 125306, "NAMOBJ": "", "FCODE": "60112", "REMARK": "Sungai Musiman"}, "geometry": {"type": "LineString", "coordinates": [[113.382087, -8.471224], [113.383698, -8.4665]]}}, {"type": "Feature", "properties": {"OBJECTID": 125518, "NAMOBJ": "", "FCODE": "60112", "REMARK": "Sungai Musiman"}, "geometry": {"type": "LineString", "coordinates": [[113.819424, -8.367397], [113.817407, -8.359936]]}}, {"type": "Feature", "properties": {"OBJECTID": 125526, "NAMOBJ": "", "FCODE": "60112", "REMARK": "Sungai Musiman"}, "geometry": {"type": "LineString", "coordinates": [[113.768731, -8.308412], [113.76451, -8.301554], [113.750031, -8.293392]]}}, {"type": "Feature", "properties": {"OBJECTID": 125531, "NAMOBJ": "", "FCODE": "60112", "REMARK": "Sungai Musiman"}, "geometry": {"type": "LineString", "coordinates": [[113.814861, -8.309371], [113.818242, -8.315662]]}}, {"type": "Feature", "properties": {"OBJECTID": 125532, "NAMOBJ": "", "FCODE": "60112", "REMARK": "Sungai Musiman"}, "geometry": {"type": "LineString", "coordinates": [[113.726573, -8.334996], [113.72561, -8.332178]]}}, {"type": "Feature", "properties": {"OBJECTID": 125534, "NAMOBJ": "", "FCODE": "60112", "REMARK": "Sungai Musiman"}, "geometry": {"type": "LineString", "coordinates": [[113.992403, -8.114742], [113.979414, -8.109497]]}}, {"type": "Feature", "properties": {"OBJECTID": 125539, "NAMOBJ": "", "FCODE": "60112", "REMARK": "Sungai Musiman"}, "geometry": {"type": "LineString", "coordinates": [[113.774718, -8.145976], [113.78399, -8.143851], [113.787797, -8.138742]]}}, {"type": "Feature", "properties": {"OBJECTID": 125540, "NAMOBJ": "", "FCODE": "60112", "REMARK": "Sungai Musiman"}, "geometry": {"type": "LineString", "coordinates": [[113.50369, -8.405006], [113.501759, -8.407245]]}}, {"type": "Feature", "properties": {"OBJECTID": 125546, "NAMOBJ": "", "FCODE": "60112", "REMARK": "Sungai Musiman"}, "geometry": {"type": "LineString", "coordinates": [[113.677311, -8.455726], [113.67136, -8.456534], [113.670206, -8.465774]]}}, {"type": "Feature", "properties": {"OBJECTID": 125549, "NAMOBJ": "", "FCODE": "60112", "REMARK": "Sungai Musiman"}, "geometry": {"type": "LineString", "coordinates": [[113.415225, -7.924636], [113.418222, -7.923446]]}}, {"type": "Feature", "properties": {"OBJECTID": 125550, "NAMOBJ": "", "FCODE": "60112", "REMARK": "Sungai Musiman"}, "geometry": {"type": "LineString", "coordinates": [[113.992788, -8.089995], [113.985919, -8.088285]]}}, {"type": "Feature", "properties": {"OBJECTID": 125551, "NAMOBJ": "", "FCODE": "60112", "REMARK": "Sungai Musiman"}, "geometry": {"type": "LineString", "coordinates": [[113.597704, -8.003142], [113.588391, -8.007368]]}}, {"type": "Feature", "properties": {"OBJECTID": 125552, "NAMOBJ": "", "FCODE": "60112", "REMARK": "Sungai Musiman"}, "geometry": {"type": "LineString", "coordinates": [[113.310458, -7.935786], [113.305036, -7.934179]]}}, {"type": "Feature", "properties": {"OBJECTID": 125557, "NAMOBJ": "", "FCODE": "60112", "REMARK": "Sungai Musiman"}, "geometry": {"type": "LineString", "coordinates": [[113.497052, -7.975527], [113.479555, -7.959309], [113.465062, -7.954921], [113.455284, -7.947773]]}}, {"type": "Feature", "properties": {"OBJECTID": 125567, "NAMOBJ": "", "FCODE": "60112", "REMARK": "Sungai Musiman"}, "geometry": {"type": "LineString", "coordinates": [[113.789029, -8.01292], [113.78599, -8.012128]]}}, {"type": "Feature", "properties": {"OBJECTID": 125575, "NAMOBJ": "", "FCODE": "60112", "REMARK": "Sungai Musiman"}, "geometry": {"type": "LineString", "coordinates": [[113.995554, -8.242654], [113.994557, -8.249665]]}}, {"type": "Feature", "properties": {"OBJECTID": 125591, "NAMOBJ": "", "FCODE": "60112", "REMARK": "Sungai Musiman"}, "geometry": {"type": "LineString", "coordinates": [[113.869875, -8.400262], [113.872374, -8.396453]]}}, {"type": "Feature", "properties": {"OBJECTID": 125605, "NAMOBJ": "", "FCODE": "60112", "REMARK": "Sungai Musiman"}, "geometry": {"type": "LineString", "coordinates": [[113.896127, -8.066545], [113.888572, -8.059397], [113.877918, -8.05777]]}}, {"type": "Feature", "properties": {"OBJECTID": 125612, "NAMOBJ": "", "FCODE": "60112", "REMARK": "Sungai Musiman"}, "geometry": {"type": "LineString", "coordinates": [[113.376792, -7.914352], [113.374019, -7.911599]]}}, {"type": "Feature", "properties": {"OBJECTID": 125613, "NAMOBJ": "", "FCODE": "60112", "REMARK": "Sungai Musiman"}, "geometry": {"type": "LineString", "coordinates": [[113.451841, -8.006404], [113.448097, -8.006868]]}}, {"type": "Feature", "properties": {"OBJECTID": 125714, "NAMOBJ": "", "FCODE": "60112", "REMARK": "Sungai Musiman"}, "geometry": {"type": "LineString", "coordinates": [[113.71905, -8.349839], [113.708707, -8.355103]]}}, {"type": "Feature", "properties": {"OBJECTID": 125726, "NAMOBJ": "", "FCODE": "60112", "REMARK": "Sungai Musiman"}, "geometry": {"type": "LineString", "coordinates": [[113.772415, -8.32228], [113.766294, -8.315754]]}}, {"type": "Feature", "properties": {"OBJECTID": 125738, "NAMOBJ": "", "FCODE": "60112", "REMARK": "Sungai Musiman"}, "geometry": {"type": "LineString", "coordinates": [[113.58482, -7.995242], [113.582141, -7.99021]]}}, {"type": "Feature", "properties": {"OBJECTID": 125739, "NAMOBJ": "", "FCODE": "60112", "REMARK": "Sungai Musiman"}, "geometry": {"type": "LineString", "coordinates": [[113.936983, -8.060735], [113.930575, -8.05497], [113.925183, -8.054898], [113.918362, -8.047227]]}}, {"type": "Feature", "properties": {"OBJECTID": 125760, "NAMOBJ": "", "FCODE": "60112", "REMARK": "Sungai Musiman"}, "geometry": {"type": "LineString", "coordinates": [[113.308033, -7.961796], [113.291963, -7.957821]]}}, {"type": "Feature", "properties": {"OBJECTID": 125765, "NAMOBJ": "", "FCODE": "60112", "REMARK": "Sungai Musiman"}, "geometry": {"type": "LineString", "coordinates": [[113.897778, -8.456906], [113.896473, -8.45824]]}}, {"type": "Feature", "properties": {"OBJECTID": 125766, "NAMOBJ": "", "FCODE": "60112", "REMARK": "Sungai Musiman"}, "geometry": {"type": "LineString", "coordinates": [[113.994257, -8.176742], [113.991313, -8.197836]]}}, {"type": "Feature", "properties": {"OBJECTID": 125793, "NAMOBJ": "", "FCODE": "60112", "REMARK": "Sungai Musiman"}, "geometry": {"type": "LineString", "coordinates": [[113.405858, -8.097774], [113.398078, -8.099864]]}}, {"type": "Feature", "properties": {"OBJECTID": 125800, "NAMOBJ": "", "FCODE": "60112", "REMARK": "Sungai Musiman"}, "geometry": {"type": "LineString", "coordinates": [[113.553899, -8.062257], [113.555401, -8.053155]]}}, {"type": "Feature", "properties": {"OBJECTID": 125805, "NAMOBJ": "", "FCODE": "60112", "REMARK": "Sungai Musiman"}, "geometry": {"type": "LineString", "coordinates": [[113.773707, -7.922399], [113.762119, -7.924195], [113.748599, -7.931136]]}}, {"type": "Feature", "properties": {"OBJECTID": 125926, "NAMOBJ": "", "FCODE": "60112", "REMARK": "Sungai Musiman"}, "geometry": {"type": "LineString", "coordinates": [[113.528083, -7.980939], [113.512871, -7.982451]]}}, {"type": "Feature", "properties": {"OBJECTID": 125929, "NAMOBJ": "", "FCODE": "60112", "REMARK": "Sungai Musiman"}, "geometry": {"type": "LineString", "coordinates": [[113.390077, -8.075701], [113.393262, -8.078377]]}}, {"type": "Feature", "properties": {"OBJECTID": 125938, "NAMOBJ": "", "FCODE": "60112", "REMARK": "Sungai Musiman"}, "geometry": {"type": "LineString", "coordinates": [[113.994666, -8.025721], [113.99934, -8.031464]]}}, {"type": "Feature", "properties": {"OBJECTID": 125944, "NAMOBJ": "", "FCODE": "60112", "REMARK": "Sungai Musiman"}, "geometry": {"type": "LineString", "coordinates": [[113.39384, -7.918753], [113.392311, -7.917644]]}}, {"type": "Feature", "properties": {"OBJECTID": 125952, "NAMOBJ": "", "FCODE": "60112", "REMARK": "Sungai Musiman"}, "geometry": {"type": "LineString", "coordinates": [[113.959384, -8.224353], [113.95466, -8.222834]]}}, {"type": "Feature", "properties": {"OBJECTID": 125957, "NAMOBJ": "", "FCODE": "60112", "REMARK": "Sungai Musiman"}, "geometry": {"type": "LineString", "coordinates": [[113.619833, -8.027206], [113.617814, -8.025215]]}}, {"type": "Feature", "properties": {"OBJECTID": 125959, "NAMOBJ": "", "FCODE": "60112", "REMARK": "Sungai Musiman"}, "geometry": {"type": "LineString", "coordinates": [[113.411059, -8.021177], [113.413229, -8.025756]]}}, {"type": "Feature", "properties": {"OBJECTID": 125964, "NAMOBJ": "", "FCODE": "60112", "REMARK": "Sungai Musiman"}, "geometry": {"type": "LineString", "coordinates": [[113.538708, -8.136036], [113.533355, -8.145368]]}}, {"type": "Feature", "properties": {"OBJECTID": 125965, "NAMOBJ": "", "FCODE": "60112", "REMARK": "Sungai Musiman"}, "geometry": {"type": "LineString", "coordinates": [[113.891051, -8.406831], [113.895296, -8.404418]]}}, {"type": "Feature", "properties": {"OBJECTID": 125966, "NAMOBJ": "", "FCODE": "60112", "REMARK": "Sungai Musiman"}, "geometry": {"type": "LineString", "coordinates": [[113.735476, -8.328402], [113.737027, -8.329865]]}}, {"type": "Feature", "properties": {"OBJECTID": 125967, "NAMOBJ": "", "FCODE": "60112", "REMARK": "Sungai Musiman"}, "geometry": {"type": "LineString", "coordinates": [[113.993519, -7.933092], [113.991629, -7.93388]]}}, {"type": "Feature", "properties": {"OBJECTID": 125982, "NAMOBJ": "", "FCODE": "60112", "REMARK": "Sungai Musiman"}, "geometry": {"type": "LineString", "coordinates": [[113.521613, -8.102154], [113.524725, -8.100803]]}}, {"type": "Feature", "properties": {"OBJECTID": 125995, "NAMOBJ": "", "FCODE": "60112", "REMARK": "Sungai Musiman"}, "geometry": {"type": "LineString", "coordinates": [[113.535615, -8.047362], [113.538561, -8.040629]]}}, {"type": "Feature", "properties": {"OBJECTID": 125996, "NAMOBJ": "", "FCODE": "60112", "REMARK": "Sungai Musiman"}, "geometry": {"type": "LineString", "coordinates": [[113.470968, -8.091638], [113.468957, -8.094522]]}}, {"type": "Feature", "properties": {"OBJECTID": 126001, "NAMOBJ": "", "FCODE": "60112", "REMARK": "Sungai Musiman"}, "geometry": {"type": "LineString", "coordinates": [[113.990567, -8.308376], [113.99158, -8.300929]]}}, {"type": "Feature", "properties": {"OBJECTID": 126002, "NAMOBJ": "", "FCODE": "60112", "REMARK": "Sungai Musiman"}, "geometry": {"type": "LineString", "coordinates": [[113.487636, -7.912396], [113.491368, -7.910265]]}}, {"type": "Feature", "properties": {"OBJECTID": 126003, "NAMOBJ": "", "FCODE": "60112", "REMARK": "Sungai Musiman"}, "geometry": {"type": "LineString", "coordinates": [[113.449682, -8.04602], [113.443804, -8.0553], [113.430027, -8.055182], [113.417187, -8.062076], [113.41573, -8.066395], [113.408827, -8.066475]]}}, {"type": "Feature", "properties": {"OBJECTID": 126011, "NAMOBJ": "", "FCODE": "60112", "REMARK": "Sungai Musiman"}, "geometry": {"type": "LineString", "coordinates": [[113.6022, -7.994095], [113.59953, -7.993588]]}}, {"type": "Feature", "properties": {"OBJECTID": 126013, "NAMOBJ": "", "FCODE": "60112", "REMARK": "Sungai Musiman"}, "geometry": {"type": "LineString", "coordinates": [[113.653693, -8.023354], [113.661406, -8.022376]]}}, {"type": "Feature", "properties": {"OBJECTID": 126114, "NAMOBJ": "", "FCODE": "60112", "REMARK": "Sungai Musiman"}, "geometry": {"type": "LineString", "coordinates": [[113.809445, -8.284918], [113.822846, -8.280116]]}}, {"type": "Feature", "properties": {"OBJECTID": 126117, "NAMOBJ": "", "FCODE": "60112", "REMARK": "Sungai Musiman"}, "geometry": {"type": "LineString", "coordinates": [[113.865072, -8.340526], [113.870761, -8.341371]]}}, {"type": "Feature", "properties": {"OBJECTID": 126129, "NAMOBJ": "", "FCODE": "60112", "REMARK": "Sungai Musiman"}, "geometry": {"type": "LineString", "coordinates": [[113.578905, -7.917361], [113.580428, -7.915268]]}}, {"type": "Feature", "properties": {"OBJECTID": 126136, "NAMOBJ": "", "FCODE": "60112", "REMARK": "Sungai Musiman"}, "geometry": {"type": "LineString", "coordinates": [[113.441727, -8.016411], [113.449369, -8.010898]]}}, {"type": "Feature", "properties": {"OBJECTID": 126142, "NAMOBJ": "", "FCODE": "60112", "REMARK": "Sungai Musiman"}, "geometry": {"type": "LineString", "coordinates": [[113.839942, -8.130365], [113.837525, -8.14611], [113.830564, -8.154804]]}}, {"type": "Feature", "properties": {"OBJECTID": 126151, "NAMOBJ": "", "FCODE": "60112", "REMARK": "Sungai Musiman"}, "geometry": {"type": "LineString", "coordinates": [[113.751639, -8.161511], [113.743002, -8.159502]]}}, {"type": "Feature", "properties": {"OBJECTID": 126155, "NAMOBJ": "", "FCODE": "60112", "REMARK": "Sungai Musiman"}, "geometry": {"type": "LineString", "coordinates": [[113.495054, -7.920464], [113.495475, -7.917241]]}}, {"type": "Feature", "properties": {"OBJECTID": 126156, "NAMOBJ": "", "FCODE": "60112", "REMARK": "Sungai Musiman"}, "geometry": {"type": "LineString", "coordinates": [[113.772505, -8.079324], [113.773978, -8.072283], [113.768875, -8.067043], [113.767862, -8.061626], [113.760142, -8.055525]]}}, {"type": "Feature", "properties": {"OBJECTID": 126177, "NAMOBJ": "", "FCODE": "60112", "REMARK": "Sungai Musiman"}, "geometry": {"type": "LineString", "coordinates": [[113.502252, -7.934276], [113.502752, -7.932326]]}}, {"type": "Feature", "properties": {"OBJECTID": 126180, "NAMOBJ": "", "FCODE": "60112", "REMARK": "Sungai Musiman"}, "geometry": {"type": "LineString", "coordinates": [[113.422817, -8.005647], [113.422358, -8.007631]]}}, {"type": "Feature", "properties": {"OBJECTID": 126182, "NAMOBJ": "", "FCODE": "60112", "REMARK": "Sungai Musiman"}, "geometry": {"type": "LineString", "coordinates": [[113.85569, -8.138159], [113.853993, -8.144776]]}}, {"type": "Feature", "properties": {"OBJECTID": 126202, "NAMOBJ": "", "FCODE": "60112", "REMARK": "Sungai Musiman"}, "geometry": {"type": "LineString", "coordinates": [[113.957579, -7.980986], [113.957823, -7.983921]]}}, {"type": "Feature", "properties": {"OBJECTID": 129832, "NAMOBJ": "", "FCODE": "60112", "REMARK": "Sungai Musiman"}, "geometry": {"type": "LineString", "coordinates": [[113.552931, -8.089991], [113.5572, -8.082692]]}}, {"type": "Feature", "properties": {"OBJECTID": 129833, "NAMOBJ": "", "FCODE": "60112", "REMARK": "Sungai Musiman"}, "geometry": {"type": "LineString", "coordinates": [[113.369569, -7.90037], [113.363109, -7.896544]]}}, {"type": "Feature", "properties": {"OBJECTID": 129838, "NAMOBJ": "", "FCODE": "60112", "REMARK": "Sungai Musiman"}, "geometry": {"type": "LineString", "coordinates": [[113.680125, -8.061222], [113.675677, -8.062105]]}}, {"type": "Feature", "properties": {"OBJECTID": 129850, "NAMOBJ": "", "FCODE": "60112", "REMARK": "Sungai Musiman"}, "geometry": {"type": "LineString", "coordinates": [[113.375342, -8.030998], [113.374778, -8.037117]]}}, {"type": "Feature", "properties": {"OBJECTID": 129855, "NAMOBJ": "", "FCODE": "60112", "REMARK": "Sungai Musiman"}, "geometry": {"type": "LineString", "coordinates": [[113.502493, -8.418539], [113.505137, -8.407613]]}}, {"type": "Feature", "properties": {"OBJECTID": 129858, "NAMOBJ": "", "FCODE": "60112", "REMARK": "Sungai Musiman"}, "geometry": {"type": "LineString", "coordinates": [[113.588778, -7.91289], [113.59036, -7.895399]]}}, {"type": "Feature", "properties": {"OBJECTID": 129861, "NAMOBJ": "", "FCODE": "60112", "REMARK": "Sungai Musiman"}, "geometry": {"type": "LineString", "coordinates": [[113.992398, -8.036814], [113.982323, -8.031021]]}}, {"type": "Feature", "properties": {"OBJECTID": 129867, "NAMOBJ": "", "FCODE": "60112", "REMARK": "Sungai Musiman"}, "geometry": {"type": "LineString", "coordinates": [[113.871059, -8.230017], [113.869456, -8.231601]]}}, {"type": "Feature", "properties": {"OBJECTID": 129869, "NAMOBJ": "", "FCODE": "60112", "REMARK": "Sungai Musiman"}, "geometry": {"type": "LineString", "coordinates": [[113.86589, -8.433228], [113.865057, -8.435761]]}}, {"type": "Feature", "properties": {"OBJECTID": 129873, "NAMOBJ": "", "FCODE": "60112", "REMARK": "Sungai Musiman"}, "geometry": {"type": "LineString", "coordinates": [[113.871125, -8.359107], [113.868437, -8.357585]]}}, {"type": "Feature", "properties": {"OBJECTID": 129879, "NAMOBJ": "", "FCODE": "60112", "REMARK": "Sungai Musiman"}, "geometry": {"type": "LineString", "coordinates": [[113.929501, -8.504075], [113.928971, -8.494933]]}}, {"type": "Feature", "properties": {"OBJECTID": 129880, "NAMOBJ": "", "FCODE": "60112", "REMARK": "Sungai Musiman"}, "geometry": {"type": "LineString", "coordinates": [[113.542076, -8.116005], [113.540684, -8.11198]]}}, {"type": "Feature", "properties": {"OBJECTID": 129881, "NAMOBJ": "", "FCODE": "60112", "REMARK": "Sungai Musiman"}, "geometry": {"type": "LineString", "coordinates": [[113.980028, -8.342167], [113.976993, -8.336377]]}}, {"type": "Feature", "properties": {"OBJECTID": 129892, "NAMOBJ": "", "FCODE": "60112", "REMARK": "Sungai Musiman"}, "geometry": {"type": "LineString", "coordinates": [[113.717036, -8.059059], [113.716556, -8.062999]]}}, {"type": "Feature", "properties": {"OBJECTID": 129896, "NAMOBJ": "", "FCODE": "60112", "REMARK": "Sungai Musiman"}, "geometry": {"type": "LineString", "coordinates": [[113.374911, -8.476643], [113.373993, -8.482931]]}}, {"type": "Feature", "properties": {"OBJECTID": 129900, "NAMOBJ": "", "FCODE": "60112", "REMARK": "Sungai Musiman"}, "geometry": {"type": "LineString", "coordinates": [[113.9394, -8.391623], [113.937548, -8.393246]]}}, {"type": "Feature", "properties": {"OBJECTID": 129903, "NAMOBJ": "", "FCODE": "60112", "REMARK": "Sungai Musiman"}, "geometry": {"type": "LineString", "coordinates": [[113.87265, -8.274592], [113.871362, -8.272719]]}}, {"type": "Feature", "properties": {"OBJECTID": 129912, "NAMOBJ": "", "FCODE": "60112", "REMARK": "Sungai Musiman"}, "geometry": {"type": "LineString", "coordinates": [[113.515405, -8.03449], [113.518399, -8.032843]]}}, {"type": "Feature", "properties": {"OBJECTID": 129919, "NAMOBJ": "", "FCODE": "60112", "REMARK": "Sungai Musiman"}, "geometry": {"type": "LineString", "coordinates": [[113.972902, -8.361635], [113.984676, -8.366478]]}}, {"type": "Feature", "properties": {"OBJECTID": 129921, "NAMOBJ": "", "FCODE": "60112", "REMARK": "Sungai Musiman"}, "geometry": {"type": "LineString", "coordinates": [[113.99767, -8.416053], [113.998935, -8.417071]]}}, {"type": "Feature", "properties": {"OBJECTID": 129931, "NAMOBJ": "", "FCODE": "60112", "REMARK": "Sungai Musiman"}, "geometry": {"type": "LineString", "coordinates": [[113.99409, -8.3688], [113.997084, -8.369031]]}}, {"type": "Feature", "properties": {"OBJECTID": 129942, "NAMOBJ": "", "FCODE": "60112", "REMARK": "Sungai Musiman"}, "geometry": {"type": "LineString", "coordinates": [[113.523749, -8.076702], [113.530571, -8.070645]]}}, {"type": "Feature", "properties": {"OBJECTID": 129960, "NAMOBJ": "", "FCODE": "60112", "REMARK": "Sungai Musiman"}, "geometry": {"type": "LineString", "coordinates": [[113.876229, -8.457854], [113.878733, -8.453501]]}}, {"type": "Feature", "properties": {"OBJECTID": 129961, "NAMOBJ": "", "FCODE": "60112", "REMARK": "Sungai Musiman"}, "geometry": {"type": "LineString", "coordinates": [[113.422726, -8.066966], [113.41922, -8.069181]]}}, {"type": "Feature", "properties": {"OBJECTID": 129970, "NAMOBJ": "", "FCODE": "60112", "REMARK": "Sungai Musiman"}, "geometry": {"type": "LineString", "coordinates": [[113.654466, -7.919074], [113.660838, -7.921648]]}}, {"type": "Feature", "properties": {"OBJECTID": 129971, "NAMOBJ": "", "FCODE": "60112", "REMARK": "Sungai Musiman"}, "geometry": {"type": "LineString", "coordinates": [[113.647817, -8.100525], [113.653611, -8.106275]]}}, {"type": "Feature", "properties": {"OBJECTID": 129972, "NAMOBJ": "", "FCODE": "60112", "REMARK": "Sungai Musiman"}, "geometry": {"type": "LineString", "coordinates": [[113.57972, -8.061503], [113.581995, -8.060492]]}}, {"type": "Feature", "properties": {"OBJECTID": 129984, "NAMOBJ": "", "FCODE": "60112", "REMARK": "Sungai Musiman"}, "geometry": {"type": "LineString", "coordinates": [[113.986917, -8.358728], [113.987996, -8.360576]]}}, {"type": "Feature", "properties": {"OBJECTID": 129987, "NAMOBJ": "", "FCODE": "60112", "REMARK": "Sungai Musiman"}, "geometry": {"type": "LineString", "coordinates": [[113.895536, -8.453966], [113.896609, -8.447892]]}}, {"type": "Feature", "properties": {"OBJECTID": 129997, "NAMOBJ": "", "FCODE": "60112", "REMARK": "Sungai Musiman"}, "geometry": {"type": "LineString", "coordinates": [[113.998851, -8.487129], [113.989857, -8.486852]]}}, {"type": "Feature", "properties": {"OBJECTID": 129998, "NAMOBJ": "", "FCODE": "60112", "REMARK": "Sungai Musiman"}, "geometry": {"type": "LineString", "coordinates": [[113.354895, -7.949002], [113.356103, -7.94546]]}}, {"type": "Feature", "properties": {"OBJECTID": 130000, "NAMOBJ": "", "FCODE": "60112", "REMARK": "Sungai Musiman"}, "geometry": {"type": "LineString", "coordinates": [[113.512445, -8.10839], [113.509809, -8.107537]]}}, {"type": "Feature", "properties": {"OBJECTID": 130008, "NAMOBJ": "", "FCODE": "60112", "REMARK": "Sungai Musiman"}, "geometry": {"type": "LineString", "coordinates": [[113.880174, -8.242715], [113.87591, -8.245673]]}}, {"type": "Feature", "properties": {"OBJECTID": 130012, "NAMOBJ": "", "FCODE": "60112", "REMARK": "Sungai Musiman"}, "geometry": {"type": "LineString", "coordinates": [[113.844579, -8.351305], [113.845272, -8.353908]]}}, {"type": "Feature", "properties": {"OBJECTID": 130221, "NAMOBJ": "", "FCODE": "60112", "REMARK": "Sungai Musiman"}, "geometry": {"type": "LineString", "coordinates": [[113.463297, -8.117885], [113.461639, -8.123595]]}}, {"type": "Feature", "properties": {"OBJECTID": 130222, "NAMOBJ": "", "FCODE": "60112", "REMARK": "Sungai Musiman"}, "geometry": {"type": "LineString", "coordinates": [[113.382477, -8.461989], [113.380149, -8.463327]]}}, {"type": "Feature", "properties": {"OBJECTID": 130225, "NAMOBJ": "", "FCODE": "60112", "REMARK": "Sungai Musiman"}, "geometry": {"type": "LineString", "coordinates": [[113.992524, -8.414693], [113.992028, -8.412783]]}}, {"type": "Feature", "properties": {"OBJECTID": 130227, "NAMOBJ": "", "FCODE": "60112", "REMARK": "Sungai Musiman"}, "geometry": {"type": "LineString", "coordinates": [[113.662004, -7.907658], [113.666922, -7.90306], [113.672222, -7.902946]]}}, {"type": "Feature", "properties": {"OBJECTID": 130238, "NAMOBJ": "", "FCODE": "60112", "REMARK": "Sungai Musiman"}, "geometry": {"type": "LineString", "coordinates": [[113.579641, -7.909257], [113.581786, -7.911112]]}}, {"type": "Feature", "properties": {"OBJECTID": 130242, "NAMOBJ": "", "FCODE": "60112", "REMARK": "Sungai Musiman"}, "geometry": {"type": "LineString", "coordinates": [[113.739275, -8.165638], [113.738985, -8.170431]]}}, {"type": "Feature", "properties": {"OBJECTID": 130248, "NAMOBJ": "", "FCODE": "60112", "REMARK": "Sungai Musiman"}, "geometry": {"type": "LineString", "coordinates": [[113.456459, -8.082329], [113.447116, -8.088224], [113.446021, -8.093788]]}}, {"type": "Feature", "properties": {"OBJECTID": 130249, "NAMOBJ": "", "FCODE": "60112", "REMARK": "Sungai Musiman"}, "geometry": {"type": "LineString", "coordinates": [[113.984166, -7.917281], [113.982239, -7.917816]]}}, {"type": "Feature", "properties": {"OBJECTID": 130261, "NAMOBJ": "", "FCODE": "60112", "REMARK": "Sungai Musiman"}, "geometry": {"type": "LineString", "coordinates": [[113.895476, -8.406758], [113.895313, -8.405832]]}}, {"type": "Feature", "properties": {"OBJECTID": 130265, "NAMOBJ": "", "FCODE": "60112", "REMARK": "Sungai Musiman"}, "geometry": {"type": "LineString", "coordinates": [[113.703575, -7.959527], [113.695487, -7.962265]]}}, {"type": "Feature", "properties": {"OBJECTID": 130267, "NAMOBJ": "", "FCODE": "60112", "REMARK": "Sungai Musiman"}, "geometry": {"type": "LineString", "coordinates": [[113.689424, -7.977774], [113.694027, -7.97953], [113.696908, -7.97765]]}}, {"type": "Feature", "properties": {"OBJECTID": 130269, "NAMOBJ": "", "FCODE": "60112", "REMARK": "Sungai Musiman"}, "geometry": {"type": "LineString", "coordinates": [[113.506399, -8.396263], [113.50866, -8.395641]]}}, {"type": "Feature", "properties": {"OBJECTID": 130276, "NAMOBJ": "", "FCODE": "60112", "REMARK": "Sungai Musiman"}, "geometry": {"type": "LineString", "coordinates": [[113.518965, -8.417415], [113.521012, -8.420165]]}}, {"type": "Feature", "properties": {"OBJECTID": 130286, "NAMOBJ": "", "FCODE": "60112", "REMARK": "Sungai Musiman"}, "geometry": {"type": "LineString", "coordinates": [[113.625989, -8.400081], [113.623648, -8.397576]]}}, {"type": "Feature", "properties": {"OBJECTID": 130293, "NAMOBJ": "", "FCODE": "60112", "REMARK": "Sungai Musiman"}, "geometry": {"type": "LineString", "coordinates": [[113.995217, -8.312326], [113.992597, -8.309222], [113.992591, -8.301637]]}}, {"type": "Feature", "properties": {"OBJECTID": 130295, "NAMOBJ": "", "FCODE": "60112", "REMARK": "Sungai Musiman"}, "geometry": {"type": "LineString", "coordinates": [[113.480204, -8.061876], [113.475478, -8.076717]]}}, {"type": "Feature", "properties": {"OBJECTID": 130296, "NAMOBJ": "", "FCODE": "60112", "REMARK": "Sungai Musiman"}, "geometry": {"type": "LineString", "coordinates": [[113.392848, -8.477284], [113.394216, -8.476468]]}}, {"type": "Feature", "properties": {"OBJECTID": 130299, "NAMOBJ": "", "FCODE": "60112", "REMARK": "Sungai Musiman"}, "geometry": {"type": "LineString", "coordinates": [[113.594966, -7.966456], [113.599315, -7.96569]]}}, {"type": "Feature", "properties": {"OBJECTID": 130306, "NAMOBJ": "", "FCODE": "60112", "REMARK": "Sungai Musiman"}, "geometry": {"type": "LineString", "coordinates": [[113.75292, -8.437635], [113.742252, -8.445381], [113.745369, -8.462199]]}}, {"type": "Feature", "properties": {"OBJECTID": 130308, "NAMOBJ": "", "FCODE": "60112", "REMARK": "Sungai Musiman"}, "geometry": {"type": "LineString", "coordinates": [[113.90773, -8.396894], [113.901044, -8.398962]]}}, {"type": "Feature", "properties": {"OBJECTID": 130418, "NAMOBJ": "", "FCODE": "60112", "REMARK": "Sungai Musiman"}, "geometry": {"type": "LineString", "coordinates": [[113.645497, -8.08145], [113.649327, -8.084819]]}}, {"type": "Feature", "properties": {"OBJECTID": 130422, "NAMOBJ": "", "FCODE": "60112", "REMARK": "Sungai Musiman"}, "geometry": {"type": "LineString", "coordinates": [[113.872163, -8.253752], [113.883587, -8.245466]]}}, {"type": "Feature", "properties": {"OBJECTID": 130423, "NAMOBJ": "", "FCODE": "60112", "REMARK": "Sungai Musiman"}, "geometry": {"type": "LineString", "coordinates": [[113.432841, -7.924949], [113.431357, -7.927091]]}}, {"type": "Feature", "properties": {"OBJECTID": 130429, "NAMOBJ": "", "FCODE": "60112", "REMARK": "Sungai Musiman"}, "geometry": {"type": "LineString", "coordinates": [[113.426284, -7.934133], [113.427008, -7.93236]]}}, {"type": "Feature", "properties": {"OBJECTID": 130434, "NAMOBJ": "", "FCODE": "60112", "REMARK": "Sungai Musiman"}, "geometry": {"type": "LineString", "coordinates": [[113.617656, -8.12321], [113.611812, -8.118237]]}}, {"type": "Feature", "properties": {"OBJECTID": 130440, "NAMOBJ": "", "FCODE": "60112", "REMARK": "Sungai Musiman"}, "geometry": {"type": "LineString", "coordinates": [[113.883193, -7.930924], [113.882378, -7.933982]]}}, {"type": "Feature", "properties": {"OBJECTID": 130454, "NAMOBJ": "", "FCODE": "60112", "REMARK": "Sungai Musiman"}, "geometry": {"type": "LineString", "coordinates": [[113.991346, -8.314818], [113.983798, -8.313529], [113.978517, -8.316309]]}}, {"type": "Feature", "properties": {"OBJECTID": 130456, "NAMOBJ": "", "FCODE": "60112", "REMARK": "Sungai Musiman"}, "geometry": {"type": "LineString", "coordinates": [[113.364425, -7.991869], [113.372897, -7.997456]]}}, {"type": "Feature", "properties": {"OBJECTID": 130459, "NAMOBJ": "", "FCODE": "60112", "REMARK": "Sungai Musiman"}, "geometry": {"type": "LineString", "coordinates": [[113.40838, -8.020365], [113.405886, -8.019182]]}}, {"type": "Feature", "properties": {"OBJECTID": 130484, "NAMOBJ": "", "FCODE": "60112", "REMARK": "Sungai Musiman"}, "geometry": {"type": "LineString", "coordinates": [[113.60277, -8.151432], [113.605116, -8.157348]]}}, {"type": "Feature", "properties": {"OBJECTID": 130487, "NAMOBJ": "", "FCODE": "60112", "REMARK": "Sungai Musiman"}, "geometry": {"type": "LineString", "coordinates": [[113.981156, -8.368282], [113.981523, -8.370267]]}}, {"type": "Feature", "properties": {"OBJECTID": 130490, "NAMOBJ": "", "FCODE": "60112", "REMARK": "Sungai Musiman"}, "geometry": {"type": "LineString", "coordinates": [[113.983279, -8.328885], [113.978992, -8.331419]]}}, {"type": "Feature", "properties": {"OBJECTID": 130498, "NAMOBJ": "", "FCODE": "60112", "REMARK": "Sungai Musiman"}, "geometry": {"type": "LineString", "coordinates": [[113.980095, -8.205407], [113.976779, -8.206553], [113.976935, -8.218955]]}}, {"type": "Feature", "properties": {"OBJECTID": 130499, "NAMOBJ": "", "FCODE": "60112", "REMARK": "Sungai Musiman"}, "geometry": {"type": "LineString", "coordinates": [[113.696863, -7.97247], [113.70913, -7.973753]]}}, {"type": "Feature", "properties": {"OBJECTID": 130504, "NAMOBJ": "", "FCODE": "60112", "REMARK": "Sungai Musiman"}, "geometry": {"type": "LineString", "coordinates": [[113.991492, -8.368095], [113.989367, -8.372539]]}}, {"type": "Feature", "properties": {"OBJECTID": 130507, "NAMOBJ": "", "FCODE": "60112", "REMARK": "Sungai Musiman"}, "geometry": {"type": "LineString", "coordinates": [[113.604337, -8.049232], [113.606644, -8.047691]]}}, {"type": "Feature", "properties": {"OBJECTID": 130616, "NAMOBJ": "", "FCODE": "60112", "REMARK": "Sungai Musiman"}, "geometry": {"type": "LineString", "coordinates": [[113.569624, -8.025944], [113.564505, -8.023066], [113.560762, -8.025946]]}}, {"type": "Feature", "properties": {"OBJECTID": 130636, "NAMOBJ": "", "FCODE": "60112", "REMARK": "Sungai Musiman"}, "geometry": {"type": "LineString", "coordinates": [[113.686988, -8.362086], [113.685854, -8.363503]]}}, {"type": "Feature", "properties": {"OBJECTID": 130637, "NAMOBJ": "", "FCODE": "60112", "REMARK": "Sungai Musiman"}, "geometry": {"type": "LineString", "coordinates": [[113.477757, -7.907603], [113.468687, -7.908383], [113.465697, -7.911246], [113.439676, -7.898869], [113.434869, -7.901385]]}}, {"type": "Feature", "properties": {"OBJECTID": 130638, "NAMOBJ": "", "FCODE": "60112", "REMARK": "Sungai Musiman"}, "geometry": {"type": "LineString", "coordinates": [[113.420793, -8.003136], [113.417692, -7.998381]]}}, {"type": "Feature", "properties": {"OBJECTID": 130639, "NAMOBJ": "", "FCODE": "60112", "REMARK": "Sungai Musiman"}, "geometry": {"type": "LineString", "coordinates": [[113.685835, -8.061919], [113.684592, -8.065308]]}}, {"type": "Feature", "properties": {"OBJECTID": 130653, "NAMOBJ": "", "FCODE": "60112", "REMARK": "Sungai Musiman"}, "geometry": {"type": "LineString", "coordinates": [[113.724379, -7.963178], [113.725522, -7.966685]]}}, {"type": "Feature", "properties": {"OBJECTID": 130659, "NAMOBJ": "", "FCODE": "60112", "REMARK": "Sungai Musiman"}, "geometry": {"type": "LineString", "coordinates": [[113.49554, -7.909406], [113.498317, -7.9082]]}}, {"type": "Feature", "properties": {"OBJECTID": 130660, "NAMOBJ": "", "FCODE": "60112", "REMARK": "Sungai Musiman"}, "geometry": {"type": "LineString", "coordinates": [[113.540897, -8.417513], [113.542846, -8.42065]]}}, {"type": "Feature", "properties": {"OBJECTID": 130669, "NAMOBJ": "", "FCODE": "60112", "REMARK": "Sungai Musiman"}, "geometry": {"type": "LineString", "coordinates": [[113.779375, -8.27796], [113.773622, -8.284783]]}}, {"type": "Feature", "properties": {"OBJECTID": 130689, "NAMOBJ": "", "FCODE": "60112", "REMARK": "Sungai Musiman"}, "geometry": {"type": "LineString", "coordinates": [[113.984398, -8.142365], [113.982479, -8.141701]]}}, {"type": "Feature", "properties": {"OBJECTID": 130702, "NAMOBJ": "", "FCODE": "60112", "REMARK": "Sungai Musiman"}, "geometry": {"type": "LineString", "coordinates": [[113.383357, -8.483799], [113.384871, -8.484774]]}}, {"type": "Feature", "properties": {"OBJECTID": 130843, "NAMOBJ": "", "FCODE": "60112", "REMARK": "Sungai Musiman"}, "geometry": {"type": "LineString", "coordinates": [[114.004583, -8.125526], [114.000869, -8.131022], [113.989452, -8.132899], [113.969974, -8.128395]]}}, {"type": "Feature", "properties": {"OBJECTID": 130859, "NAMOBJ": "", "FCODE": "60112", "REMARK": "Sungai Musiman"}, "geometry": {"type": "LineString", "coordinates": [[113.733148, -7.951999], [113.736597, -7.949674]]}}, {"type": "Feature", "properties": {"OBJECTID": 130860, "NAMOBJ": "", "FCODE": "60112", "REMARK": "Sungai Musiman"}, "geometry": {"type": "LineString", "coordinates": [[113.838185, -8.322653], [113.839088, -8.325571]]}}, {"type": "Feature", "properties": {"OBJECTID": 130873, "NAMOBJ": "", "FCODE": "60112", "REMARK": "Sungai Musiman"}, "geometry": {"type": "LineString", "coordinates": [[113.551482, -7.923823], [113.539796, -7.920711]]}}, {"type": "Feature", "properties": {"OBJECTID": 130883, "NAMOBJ": "", "FCODE": "60112", "REMARK": "Sungai Musiman"}, "geometry": {"type": "LineString", "coordinates": [[113.995221, -7.918402], [113.986322, -7.904929]]}}, {"type": "Feature", "properties": {"OBJECTID": 130890, "NAMOBJ": "", "FCODE": "60112", "REMARK": "Sungai Musiman"}, "geometry": {"type": "LineString", "coordinates": [[113.434796, -8.000355], [113.432158, -7.995782]]}}, {"type": "Feature", "properties": {"OBJECTID": 130891, "NAMOBJ": "", "FCODE": "60112", "REMARK": "Sungai Musiman"}, "geometry": {"type": "LineString", "coordinates": [[113.99983, -8.132237], [113.99604, -8.13096]]}}, {"type": "Feature", "properties": {"OBJECTID": 130892, "NAMOBJ": "", "FCODE": "60112", "REMARK": "Sungai Musiman"}, "geometry": {"type": "LineString", "coordinates": [[113.411797, -8.030377], [113.410896, -8.028578]]}}, {"type": "Feature", "properties": {"OBJECTID": 130896, "NAMOBJ": "", "FCODE": "60112", "REMARK": "Sungai Musiman"}, "geometry": {"type": "LineString", "coordinates": [[113.349634, -7.968224], [113.351024, -7.962976]]}}, {"type": "Feature", "properties": {"OBJECTID": 130900, "NAMOBJ": "", "FCODE": "60112", "REMARK": "Sungai Musiman"}, "geometry": {"type": "LineString", "coordinates": [[113.492122, -7.991198], [113.491306, -7.988321]]}}, {"type": "Feature", "properties": {"OBJECTID": 130905, "NAMOBJ": "", "FCODE": "60112", "REMARK": "Sungai Musiman"}, "geometry": {"type": "LineString", "coordinates": [[113.874208, -8.377691], [113.870052, -8.381344]]}}, {"type": "Feature", "properties": {"OBJECTID": 130908, "NAMOBJ": "", "FCODE": "60112", "REMARK": "Sungai Musiman"}, "geometry": {"type": "LineString", "coordinates": [[113.769023, -8.184646], [113.766978, -8.187688]]}}, {"type": "Feature", "properties": {"OBJECTID": 130909, "NAMOBJ": "", "FCODE": "60112", "REMARK": "Sungai Musiman"}, "geometry": {"type": "LineString", "coordinates": [[113.648812, -7.924114], [113.647045, -7.921767], [113.641779, -7.922358]]}}, {"type": "Feature", "properties": {"OBJECTID": 134722, "NAMOBJ": "", "FCODE": "60112", "REMARK": "Sungai Musiman"}, "geometry": {"type": "LineString", "coordinates": [[113.991059, -8.366778], [113.989874, -8.367963]]}}, {"type": "Feature", "properties": {"OBJECTID": 134723, "NAMOBJ": "", "FCODE": "60112", "REMARK": "Sungai Musiman"}, "geometry": {"type": "LineString", "coordinates": [[113.453131, -7.933781], [113.447866, -7.934441]]}}, {"type": "Feature", "properties": {"OBJECTID": 134737, "NAMOBJ": "", "FCODE": "60112", "REMARK": "Sungai Musiman"}, "geometry": {"type": "LineString", "coordinates": [[113.985028, -8.176573], [113.971689, -8.183834]]}}, {"type": "Feature", "properties": {"OBJECTID": 134755, "NAMOBJ": "", "FCODE": "60112", "REMARK": "Sungai Musiman"}, "geometry": {"type": "LineString", "coordinates": [[113.992056, -8.153753], [113.9904, -8.152199]]}}, {"type": "Feature", "properties": {"OBJECTID": 134758, "NAMOBJ": "", "FCODE": "60112", "REMARK": "Sungai Musiman"}, "geometry": {"type": "LineString", "coordinates": [[113.685219, -8.357017], [113.679894, -8.369639]]}}, {"type": "Feature", "properties": {"OBJECTID": 134761, "NAMOBJ": "", "FCODE": "60112", "REMARK": "Sungai Musiman"}, "geometry": {"type": "LineString", "coordinates": [[113.340733, -7.936775], [113.342478, -7.929805]]}}, {"type": "Feature", "properties": {"OBJECTID": 134763, "NAMOBJ": "", "FCODE": "60112", "REMARK": "Sungai Musiman"}, "geometry": {"type": "LineString", "coordinates": [[113.902248, -8.409846], [113.908819, -8.410202]]}}, {"type": "Feature", "properties": {"OBJECTID": 134764, "NAMOBJ": "", "FCODE": "60112", "REMARK": "Sungai Musiman"}, "geometry": {"type": "LineString", "coordinates": [[113.422447, -8.064151], [113.4161, -8.070963], [113.413336, -8.080141]]}}, {"type": "Feature", "properties": {"OBJECTID": 134769, "NAMOBJ": "", "FCODE": "60112", "REMARK": "Sungai Musiman"}, "geometry": {"type": "LineString", "coordinates": [[113.874855, -8.277931], [113.874139, -8.27514]]}}, {"type": "Feature", "properties": {"OBJECTID": 134773, "NAMOBJ": "", "FCODE": "60112", "REMARK": "Sungai Musiman"}, "geometry": {"type": "LineString", "coordinates": [[113.865801, -8.324741], [113.868201, -8.326952]]}}, {"type": "Feature", "properties": {"OBJECTID": 134783, "NAMOBJ": "", "FCODE": "60112", "REMARK": "Sungai Musiman"}, "geometry": {"type": "LineString", "coordinates": [[113.517064, -8.413934], [113.513973, -8.415646]]}}, {"type": "Feature", "properties": {"OBJECTID": 134786, "NAMOBJ": "", "FCODE": "60112", "REMARK": "Sungai Musiman"}, "geometry": {"type": "LineString", "coordinates": [[113.408769, -8.472637], [113.407522, -8.475828]]}}, {"type": "Feature", "properties": {"OBJECTID": 134787, "NAMOBJ": "", "FCODE": "60112", "REMARK": "Sungai Musiman"}, "geometry": {"type": "LineString", "coordinates": [[113.791675, -8.072974], [113.78871, -8.085113]]}}, {"type": "Feature", "properties": {"OBJECTID": 134796, "NAMOBJ": "", "FCODE": "60112", "REMARK": "Sungai Musiman"}, "geometry": {"type": "LineString", "coordinates": [[113.923419, -8.456378], [113.933855, -8.462956], [113.957986, -8.466845]]}}, {"type": "Feature", "properties": {"OBJECTID": 134801, "NAMOBJ": "", "FCODE": "60112", "REMARK": "Sungai Musiman"}, "geometry": {"type": "LineString", "coordinates": [[113.551371, -7.963063], [113.541789, -7.958894]]}}, {"type": "Feature", "properties": {"OBJECTID": 134804, "NAMOBJ": "", "FCODE": "60112", "REMARK": "Sungai Musiman"}, "geometry": {"type": "LineString", "coordinates": [[113.598276, -7.978909], [113.60011, -7.985688]]}}, {"type": "Feature", "properties": {"OBJECTID": 134805, "NAMOBJ": "", "FCODE": "60112", "REMARK": "Sungai Musiman"}, "geometry": {"type": "LineString", "coordinates": [[113.552012, -8.415922], [113.553872, -8.418648]]}}, {"type": "Feature", "properties": {"OBJECTID": 134919, "NAMOBJ": "", "FCODE": "60112", "REMARK": "Sungai Musiman"}, "geometry": {"type": "LineString", "coordinates": [[113.78106, -8.238137], [113.777037, -8.238691]]}}, {"type": "Feature", "properties": {"OBJECTID": 134927, "NAMOBJ": "", "FCODE": "60112", "REMARK": "Sungai Musiman"}, "geometry": {"type": "LineString", "coordinates": [[113.449855, -7.928402], [113.447094, -7.931345]]}}, {"type": "Feature", "properties": {"OBJECTID": 134931, "NAMOBJ": "", "FCODE": "60112", "REMARK": "Sungai Musiman"}, "geometry": {"type": "LineString", "coordinates": [[113.991765, -8.014849], [113.985861, -8.004367]]}}, {"type": "Feature", "properties": {"OBJECTID": 134954, "NAMOBJ": "", "FCODE": "60112", "REMARK": "Sungai Musiman"}, "geometry": {"type": "LineString", "coordinates": [[113.636177, -7.910041], [113.633936, -7.906792]]}}, {"type": "Feature", "properties": {"OBJECTID": 134968, "NAMOBJ": "", "FCODE": "60112", "REMARK": "Sungai Musiman"}, "geometry": {"type": "LineString", "coordinates": [[113.497081, -8.089869], [113.498484, -8.092243]]}}, {"type": "Feature", "properties": {"OBJECTID": 134970, "NAMOBJ": "", "FCODE": "60112", "REMARK": "Sungai Musiman"}, "geometry": {"type": "LineString", "coordinates": [[113.369822, -7.938903], [113.368529, -7.935825]]}}, {"type": "Feature", "properties": {"OBJECTID": 134980, "NAMOBJ": "", "FCODE": "60112", "REMARK": "Sungai Musiman"}, "geometry": {"type": "LineString", "coordinates": [[113.908161, -7.961968], [113.913921, -7.966294]]}}, {"type": "Feature", "properties": {"OBJECTID": 134992, "NAMOBJ": "", "FCODE": "60112", "REMARK": "Sungai Musiman"}, "geometry": {"type": "LineString", "coordinates": [[113.763558, -8.127487], [113.752692, -8.133819]]}}, {"type": "Feature", "properties": {"OBJECTID": 135001, "NAMOBJ": "", "FCODE": "60112", "REMARK": "Sungai Musiman"}, "geometry": {"type": "LineString", "coordinates": [[113.800287, -8.297263], [113.800667, -8.293408]]}}, {"type": "Feature", "properties": {"OBJECTID": 135002, "NAMOBJ": "", "FCODE": "60112", "REMARK": "Sungai Musiman"}, "geometry": {"type": "LineString", "coordinates": [[113.900879, -8.455996], [113.910924, -8.461325], [113.920429, -8.472052]]}}, {"type": "Feature", "properties": {"OBJECTID": 135013, "NAMOBJ": "", "FCODE": "60112", "REMARK": "Sungai Musiman"}, "geometry": {"type": "LineString", "coordinates": [[113.979704, -8.222483], [113.980615, -8.232217]]}}, {"type": "Feature", "properties": {"OBJECTID": 135117, "NAMOBJ": "", "FCODE": "60112", "REMARK": "Sungai Musiman"}, "geometry": {"type": "LineString", "coordinates": [[113.586176, -8.108918], [113.582837, -8.109633], [113.579178, -8.104766]]}}, {"type": "Feature", "properties": {"OBJECTID": 135132, "NAMOBJ": "", "FCODE": "60112", "REMARK": "Sungai Musiman"}, "geometry": {"type": "LineString", "coordinates": [[113.537451, -8.062958], [113.539698, -8.059086]]}}, {"type": "Feature", "properties": {"OBJECTID": 135133, "NAMOBJ": "", "FCODE": "60112", "REMARK": "Sungai Musiman"}, "geometry": {"type": "LineString", "coordinates": [[113.448478, -8.131459], [113.444064, -8.13533]]}}, {"type": "Feature", "properties": {"OBJECTID": 135144, "NAMOBJ": "", "FCODE": "60112", "REMARK": "Sungai Musiman"}, "geometry": {"type": "LineString", "coordinates": [[113.713822, -7.987877], [113.718886, -7.989967], [113.723826, -7.98607]]}}, {"type": "Feature", "properties": {"OBJECTID": 135146, "NAMOBJ": "", "FCODE": "60112", "REMARK": "Sungai Musiman"}, "geometry": {"type": "LineString", "coordinates": [[113.524349, -7.911935], [113.533664, -7.91296]]}}, {"type": "Feature", "properties": {"OBJECTID": 135151, "NAMOBJ": "", "FCODE": "60112", "REMARK": "Sungai Musiman"}, "geometry": {"type": "LineString", "coordinates": [[113.904448, -8.441271], [113.901919, -8.446684], [113.897377, -8.447988], [113.892356, -8.442402], [113.880715, -8.441942]]}}, {"type": "Feature", "properties": {"OBJECTID": 135172, "NAMOBJ": "", "FCODE": "60112", "REMARK": "Sungai Musiman"}, "geometry": {"type": "LineString", "coordinates": [[113.757916, -8.076771], [113.76128, -8.08005]]}}, {"type": "Feature", "properties": {"OBJECTID": 135174, "NAMOBJ": "", "FCODE": "60112", "REMARK": "Sungai Musiman"}, "geometry": {"type": "LineString", "coordinates": [[113.778312, -8.26035], [113.77151, -8.259211]]}}, {"type": "Feature", "properties": {"OBJECTID": 135176, "NAMOBJ": "", "FCODE": "60112", "REMARK": "Sungai Musiman"}, "geometry": {"type": "LineString", "coordinates": [[113.449391, -8.040247], [113.446609, -8.040995]]}}, {"type": "Feature", "properties": {"OBJECTID": 135198, "NAMOBJ": "", "FCODE": "60112", "REMARK": "Sungai Musiman"}, "geometry": {"type": "LineString", "coordinates": [[113.948999, -8.438515], [113.95788, -8.429302]]}}, {"type": "Feature", "properties": {"OBJECTID": 135207, "NAMOBJ": "", "FCODE": "60112", "REMARK": "Sungai Musiman"}, "geometry": {"type": "LineString", "coordinates": [[113.843979, -8.220983], [113.844888, -8.225002]]}}, {"type": "Feature", "properties": {"OBJECTID": 135212, "NAMOBJ": "", "FCODE": "60112", "REMARK": "Sungai Musiman"}, "geometry": {"type": "LineString", "coordinates": [[113.93207, -8.483321], [113.933766, -8.482178]]}}, {"type": "Feature", "properties": {"OBJECTID": 135323, "NAMOBJ": "", "FCODE": "60112", "REMARK": "Sungai Musiman"}, "geometry": {"type": "LineString", "coordinates": [[113.533555, -7.986138], [113.534914, -7.991682]]}}, {"type": "Feature", "properties": {"OBJECTID": 135324, "NAMOBJ": "", "FCODE": "60112", "REMARK": "Sungai Musiman"}, "geometry": {"type": "LineString", "coordinates": [[113.596482, -7.976891], [113.59718, -7.984109], [113.601185, -7.989229]]}}, {"type": "Feature", "properties": {"OBJECTID": 135327, "NAMOBJ": "", "FCODE": "60112", "REMARK": "Sungai Musiman"}, "geometry": {"type": "LineString", "coordinates": [[113.577478, -7.94987], [113.571652, -7.951161]]}}, {"type": "Feature", "properties": {"OBJECTID": 135331, "NAMOBJ": "", "FCODE": "60112", "REMARK": "Sungai Musiman"}, "geometry": {"type": "LineString", "coordinates": [[113.424452, -7.905331], [113.411454, -7.89839]]}}, {"type": "Feature", "properties": {"OBJECTID": 135332, "NAMOBJ": "", "FCODE": "60112", "REMARK": "Sungai Musiman"}, "geometry": {"type": "LineString", "coordinates": [[113.756823, -8.481884], [113.753387, -8.492363], [113.759154, -8.502513]]}}, {"type": "Feature", "properties": {"OBJECTID": 135334, "NAMOBJ": "", "FCODE": "60112", "REMARK": "Sungai Musiman"}, "geometry": {"type": "LineString", "coordinates": [[113.776956, -8.340206], [113.780794, -8.340127]]}}, {"type": "Feature", "properties": {"OBJECTID": 135335, "NAMOBJ": "", "FCODE": "60112", "REMARK": "Sungai Musiman"}, "geometry": {"type": "LineString", "coordinates": [[113.352873, -8.012143], [113.352808, -8.002642], [113.349817, -7.999288]]}}, {"type": "Feature", "properties": {"OBJECTID": 135337, "NAMOBJ": "", "FCODE": "60112", "REMARK": "Sungai Musiman"}, "geometry": {"type": "LineString", "coordinates": [[113.511149, -8.13193], [113.511469, -8.137436]]}}, {"type": "Feature", "properties": {"OBJECTID": 135341, "NAMOBJ": "", "FCODE": "60112", "REMARK": "Sungai Musiman"}, "geometry": {"type": "LineString", "coordinates": [[113.792272, -8.291312], [113.789037, -8.295798]]}}, {"type": "Feature", "properties": {"OBJECTID": 135347, "NAMOBJ": "", "FCODE": "60112", "REMARK": "Sungai Musiman"}, "geometry": {"type": "LineString", "coordinates": [[113.597493, -8.114338], [113.598923, -8.111661]]}}, {"type": "Feature", "properties": {"OBJECTID": 135349, "NAMOBJ": "", "FCODE": "60112", "REMARK": "Sungai Musiman"}, "geometry": {"type": "LineString", "coordinates": [[113.81325, -8.322406], [113.813203, -8.320851]]}}, {"type": "Feature", "properties": {"OBJECTID": 135352, "NAMOBJ": "", "FCODE": "60112", "REMARK": "Sungai Musiman"}, "geometry": {"type": "LineString", "coordinates": [[113.954379, -8.094097], [113.951843, -8.09256], [113.943536, -8.09609]]}}, {"type": "Feature", "properties": {"OBJECTID": 135353, "NAMOBJ": "", "FCODE": "60112", "REMARK": "Sungai Musiman"}, "geometry": {"type": "LineString", "coordinates": [[113.896955, -8.330703], [113.897224, -8.344659]]}}, {"type": "Feature", "properties": {"OBJECTID": 135364, "NAMOBJ": "", "FCODE": "60112", "REMARK": "Sungai Musiman"}, "geometry": {"type": "LineString", "coordinates": [[113.907799, -8.2774], [113.905406, -8.27725]]}}, {"type": "Feature", "properties": {"OBJECTID": 135367, "NAMOBJ": "", "FCODE": "60112", "REMARK": "Sungai Musiman"}, "geometry": {"type": "LineString", "coordinates": [[113.704946, -8.042287], [113.702462, -8.045658]]}}, {"type": "Feature", "properties": {"OBJECTID": 135389, "NAMOBJ": "", "FCODE": "60112", "REMARK": "Sungai Musiman"}, "geometry": {"type": "LineString", "coordinates": [[113.533599, -8.007982], [113.532771, -8.003935], [113.538706, -8.002902], [113.5423, -7.998712]]}}, {"type": "Feature", "properties": {"OBJECTID": 135392, "NAMOBJ": "", "FCODE": "60112", "REMARK": "Sungai Musiman"}, "geometry": {"type": "LineString", "coordinates": [[113.766809, -8.205271], [113.767091, -8.204866]]}}, {"type": "Feature", "properties": {"OBJECTID": 135400, "NAMOBJ": "", "FCODE": "60112", "REMARK": "Sungai Musiman"}, "geometry": {"type": "LineString", "coordinates": [[113.409359, -8.068206], [113.402571, -8.078123], [113.399493, -8.091917]]}}, {"type": "Feature", "properties": {"OBJECTID": 135412, "NAMOBJ": "", "FCODE": "60112", "REMARK": "Sungai Musiman"}, "geometry": {"type": "LineString", "coordinates": [[113.415699, -7.910355], [113.411365, -7.908775]]}}, {"type": "Feature", "properties": {"OBJECTID": 135515, "NAMOBJ": "", "FCODE": "60112", "REMARK": "Sungai Musiman"}, "geometry": {"type": "LineString", "coordinates": [[113.858689, -7.985992], [113.841794, -7.969565], [113.832165, -7.966805], [113.828733, -7.957264]]}}, {"type": "Feature", "properties": {"OBJECTID": 135523, "NAMOBJ": "", "FCODE": "60112", "REMARK": "Sungai Musiman"}, "geometry": {"type": "LineString", "coordinates": [[113.775098, -8.305892], [113.774514, -8.310147], [113.778918, -8.315094]]}}, {"type": "Feature", "properties": {"OBJECTID": 135536, "NAMOBJ": "", "FCODE": "60112", "REMARK": "Sungai Musiman"}, "geometry": {"type": "LineString", "coordinates": [[113.982426, -8.025289], [113.96639, -8.008802], [113.959216, -8.007052], [113.957163, -8.003872]]}}, {"type": "Feature", "properties": {"OBJECTID": 135550, "NAMOBJ": "", "FCODE": "60112", "REMARK": "Sungai Musiman"}, "geometry": {"type": "LineString", "coordinates": [[113.497213, -8.042429], [113.495969, -8.049338]]}}, {"type": "Feature", "properties": {"OBJECTID": 135555, "NAMOBJ": "", "FCODE": "60112", "REMARK": "Sungai Musiman"}, "geometry": {"type": "LineString", "coordinates": [[113.779653, -8.272874], [113.774355, -8.268475]]}}, {"type": "Feature", "properties": {"OBJECTID": 135574, "NAMOBJ": "", "FCODE": "60112", "REMARK": "Sungai Musiman"}, "geometry": {"type": "LineString", "coordinates": [[113.649928, -7.977012], [113.658166, -7.981851]]}}, {"type": "Feature", "properties": {"OBJECTID": 135580, "NAMOBJ": "", "FCODE": "60112", "REMARK": "Sungai Musiman"}, "geometry": {"type": "LineString", "coordinates": [[113.661605, -7.993844], [113.657605, -7.986813], [113.658672, -7.969018]]}}, {"type": "Feature", "properties": {"OBJECTID": 135582, "NAMOBJ": "", "FCODE": "60112", "REMARK": "Sungai Musiman"}, "geometry": {"type": "LineString", "coordinates": [[113.311681, -7.970437], [113.296298, -7.962056]]}}, {"type": "Feature", "properties": {"OBJECTID": 135589, "NAMOBJ": "", "FCODE": "60112", "REMARK": "Sungai Musiman"}, "geometry": {"type": "LineString", "coordinates": [[113.657814, -8.091605], [113.655763, -8.093383], [113.656124, -8.106083]]}}, {"type": "Feature", "properties": {"OBJECTID": 135595, "NAMOBJ": "", "FCODE": "60112", "REMARK": "Sungai Musiman"}, "geometry": {"type": "LineString", "coordinates": [[113.430604, -8.001478], [113.43118, -7.998625]]}}, {"type": "Feature", "properties": {"OBJECTID": 135597, "NAMOBJ": "", "FCODE": "60112", "REMARK": "Sungai Musiman"}, "geometry": {"type": "LineString", "coordinates": [[113.508191, -8.118429], [113.510427, -8.120838]]}}, {"type": "Feature", "properties": {"OBJECTID": 135720, "NAMOBJ": "", "FCODE": "60112", "REMARK": "Sungai Musiman"}, "geometry": {"type": "LineString", "coordinates": [[113.706685, -8.340201], [113.704702, -8.336356]]}}, {"type": "Feature", "properties": {"OBJECTID": 135722, "NAMOBJ": "", "FCODE": "60112", "REMARK": "Sungai Musiman"}, "geometry": {"type": "LineString", "coordinates": [[113.782722, -8.298018], [113.781876, -8.308704]]}}, {"type": "Feature", "properties": {"OBJECTID": 135727, "NAMOBJ": "", "FCODE": "60112", "REMARK": "Sungai Musiman"}, "geometry": {"type": "LineString", "coordinates": [[113.813588, -8.332676], [113.817237, -8.33096]]}}, {"type": "Feature", "properties": {"OBJECTID": 135737, "NAMOBJ": "", "FCODE": "60112", "REMARK": "Sungai Musiman"}, "geometry": {"type": "LineString", "coordinates": [[113.944997, -8.362697], [113.947286, -8.362903]]}}, {"type": "Feature", "properties": {"OBJECTID": 135743, "NAMOBJ": "", "FCODE": "60112", "REMARK": "Sungai Musiman"}, "geometry": {"type": "LineString", "coordinates": [[113.807362, -8.377129], [113.804698, -8.365237]]}}, {"type": "Feature", "properties": {"OBJECTID": 135744, "NAMOBJ": "", "FCODE": "60112", "REMARK": "Sungai Musiman"}, "geometry": {"type": "LineString", "coordinates": [[113.996815, -7.94486], [113.99712, -7.943101]]}}, {"type": "Feature", "properties": {"OBJECTID": 135751, "NAMOBJ": "", "FCODE": "60112", "REMARK": "Sungai Musiman"}, "geometry": {"type": "LineString", "coordinates": [[113.770418, -8.306133], [113.766787, -8.300429]]}}, {"type": "Feature", "properties": {"OBJECTID": 135755, "NAMOBJ": "", "FCODE": "60112", "REMARK": "Sungai Musiman"}, "geometry": {"type": "LineString", "coordinates": [[113.577081, -7.909914], [113.58145, -7.911441]]}}, {"type": "Feature", "properties": {"OBJECTID": 135760, "NAMOBJ": "", "FCODE": "60112", "REMARK": "Sungai Musiman"}, "geometry": {"type": "LineString", "coordinates": [[113.663592, -7.997759], [113.672228, -7.984605]]}}, {"type": "Feature", "properties": {"OBJECTID": 135766, "NAMOBJ": "", "FCODE": "60112", "REMARK": "Sungai Musiman"}, "geometry": {"type": "LineString", "coordinates": [[113.995759, -8.326839], [113.994455, -8.32588]]}}, {"type": "Feature", "properties": {"OBJECTID": 135769, "NAMOBJ": "", "FCODE": "60112", "REMARK": "Sungai Musiman"}, "geometry": {"type": "LineString", "coordinates": [[113.628565, -8.389608], [113.630484, -8.388895]]}}, {"type": "Feature", "properties": {"OBJECTID": 135779, "NAMOBJ": "", "FCODE": "60112", "REMARK": "Sungai Musiman"}, "geometry": {"type": "LineString", "coordinates": [[113.984042, -8.471645], [113.987364, -8.472689]]}}, {"type": "Feature", "properties": {"OBJECTID": 135783, "NAMOBJ": "", "FCODE": "60112", "REMARK": "Sungai Musiman"}, "geometry": {"type": "LineString", "coordinates": [[113.437122, -8.0593], [113.434327, -8.064427]]}}, {"type": "Feature", "properties": {"OBJECTID": 135791, "NAMOBJ": "", "FCODE": "60112", "REMARK": "Sungai Musiman"}, "geometry": {"type": "LineString", "coordinates": [[113.49161, -8.023764], [113.492813, -8.027898]]}}, {"type": "Feature", "properties": {"OBJECTID": 139714, "NAMOBJ": "", "FCODE": "60112", "REMARK": "Sungai Musiman"}, "geometry": {"type": "LineString", "coordinates": [[113.385187, -7.900769], [113.381465, -7.89952]]}}, {"type": "Feature", "properties": {"OBJECTID": 139716, "NAMOBJ": "", "FCODE": "60112", "REMARK": "Sungai Musiman"}, "geometry": {"type": "LineString", "coordinates": [[113.869393, -8.322724], [113.867804, -8.322102]]}}, {"type": "Feature", "properties": {"OBJECTID": 139719, "NAMOBJ": "", "FCODE": "60112", "REMARK": "Sungai Musiman"}, "geometry": {"type": "LineString", "coordinates": [[113.93005, -8.276361], [113.924989, -8.277128]]}}, {"type": "Feature", "properties": {"OBJECTID": 139724, "NAMOBJ": "", "FCODE": "60112", "REMARK": "Sungai Musiman"}, "geometry": {"type": "LineString", "coordinates": [[113.896762, -8.171837], [113.902779, -8.174414]]}}, {"type": "Feature", "properties": {"OBJECTID": 139725, "NAMOBJ": "", "FCODE": "60112", "REMARK": "Sungai Musiman"}, "geometry": {"type": "LineString", "coordinates": [[113.342984, -7.938471], [113.344418, -7.922837]]}}, {"type": "Feature", "properties": {"OBJECTID": 139732, "NAMOBJ": "", "FCODE": "60112", "REMARK": "Sungai Musiman"}, "geometry": {"type": "LineString", "coordinates": [[113.974934, -8.05189], [113.982338, -8.055882]]}}, {"type": "Feature", "properties": {"OBJECTID": 139734, "NAMOBJ": "", "FCODE": "60112", "REMARK": "Sungai Musiman"}, "geometry": {"type": "LineString", "coordinates": [[113.46232, -7.96535], [113.462358, -7.962522]]}}, {"type": "Feature", "properties": {"OBJECTID": 139735, "NAMOBJ": "", "FCODE": "60112", "REMARK": "Sungai Musiman"}, "geometry": {"type": "LineString", "coordinates": [[113.584325, -8.0357], [113.586877, -8.033499]]}}, {"type": "Feature", "properties": {"OBJECTID": 139736, "NAMOBJ": "", "FCODE": "60112", "REMARK": "Sungai Musiman"}, "geometry": {"type": "LineString", "coordinates": [[113.976343, -8.349993], [113.990222, -8.348669]]}}, {"type": "Feature", "properties": {"OBJECTID": 139737, "NAMOBJ": "", "FCODE": "60112", "REMARK": "Sungai Musiman"}, "geometry": {"type": "LineString", "coordinates": [[113.972235, -8.248427], [113.971815, -8.252202]]}}, {"type": "Feature", "properties": {"OBJECTID": 139746, "NAMOBJ": "", "FCODE": "60112", "REMARK": "Sungai Musiman"}, "geometry": {"type": "LineString", "coordinates": [[113.728705, -8.04981], [113.737823, -8.053676]]}}, {"type": "Feature", "properties": {"OBJECTID": 139749, "NAMOBJ": "", "FCODE": "60112", "REMARK": "Sungai Musiman"}, "geometry": {"type": "LineString", "coordinates": [[113.998088, -8.505119], [113.996965, -8.49699], [113.990166, -8.495122]]}}, {"type": "Feature", "properties": {"OBJECTID": 139759, "NAMOBJ": "", "FCODE": "60112", "REMARK": "Sungai Musiman"}, "geometry": {"type": "LineString", "coordinates": [[113.397175, -8.461551], [113.400633, -8.458643]]}}, {"type": "Feature", "properties": {"OBJECTID": 139761, "NAMOBJ": "", "FCODE": "60112", "REMARK": "Sungai Musiman"}, "geometry": {"type": "LineString", "coordinates": [[113.408007, -8.043803], [113.408017, -8.046054]]}}, {"type": "Feature", "properties": {"OBJECTID": 139771, "NAMOBJ": "", "FCODE": "60112", "REMARK": "Sungai Musiman"}, "geometry": {"type": "LineString", "coordinates": [[113.403735, -8.039838], [113.403236, -8.038378]]}}, {"type": "Feature", "properties": {"OBJECTID": 139777, "NAMOBJ": "", "FCODE": "60112", "REMARK": "Sungai Musiman"}, "geometry": {"type": "LineString", "coordinates": [[113.73022, -7.937475], [113.72994, -7.941004]]}}, {"type": "Feature", "properties": {"OBJECTID": 139789, "NAMOBJ": "", "FCODE": "60112", "REMARK": "Sungai Musiman"}, "geometry": {"type": "LineString", "coordinates": [[113.548768, -8.01724], [113.55739, -8.020512]]}}, {"type": "Feature", "properties": {"OBJECTID": 139804, "NAMOBJ": "", "FCODE": "60112", "REMARK": "Sungai Musiman"}, "geometry": {"type": "LineString", "coordinates": [[113.979497, -7.906691], [113.981692, -7.910668]]}}, {"type": "Feature", "properties": {"OBJECTID": 139806, "NAMOBJ": "", "FCODE": "60112", "REMARK": "Sungai Musiman"}, "geometry": {"type": "LineString", "coordinates": [[113.651466, -8.082155], [113.652983, -8.084252]]}}, {"type": "Feature", "properties": {"OBJECTID": 139811, "NAMOBJ": "", "FCODE": "60112", "REMARK": "Sungai Musiman"}, "geometry": {"type": "LineString", "coordinates": [[113.823294, -8.273879], [113.810559, -8.280027], [113.806706, -8.286301]]}}, {"type": "Feature", "properties": {"OBJECTID": 139914, "NAMOBJ": "", "FCODE": "60112", "REMARK": "Sungai Musiman"}, "geometry": {"type": "LineString", "coordinates": [[113.928819, -8.454422], [113.934949, -8.462968]]}}, {"type": "Feature", "properties": {"OBJECTID": 139915, "NAMOBJ": "", "FCODE": "60112", "REMARK": "Sungai Musiman"}, "geometry": {"type": "LineString", "coordinates": [[113.479466, -7.998014], [113.475979, -7.993574], [113.4727, -7.994391]]}}, {"type": "Feature", "properties": {"OBJECTID": 139924, "NAMOBJ": "", "FCODE": "60112", "REMARK": "Sungai Musiman"}, "geometry": {"type": "LineString", "coordinates": [[113.527008, -7.982823], [113.524874, -7.981164]]}}, {"type": "Feature", "properties": {"OBJECTID": 139927, "NAMOBJ": "", "FCODE": "60112", "REMARK": "Sungai Musiman"}, "geometry": {"type": "LineString", "coordinates": [[113.435767, -7.998553], [113.434952, -7.995763]]}}, {"type": "Feature", "properties": {"OBJECTID": 139934, "NAMOBJ": "", "FCODE": "60112", "REMARK": "Sungai Musiman"}, "geometry": {"type": "LineString", "coordinates": [[113.639837, -8.032526], [113.644685, -8.032495]]}}, {"type": "Feature", "properties": {"OBJECTID": 139951, "NAMOBJ": "", "FCODE": "60112", "REMARK": "Sungai Musiman"}, "geometry": {"type": "LineString", "coordinates": [[113.964542, -8.051916], [113.958112, -8.054606]]}}, {"type": "Feature", "properties": {"OBJECTID": 139953, "NAMOBJ": "", "FCODE": "60112", "REMARK": "Sungai Musiman"}, "geometry": {"type": "LineString", "coordinates": [[113.464707, -7.933657], [113.461885, -7.93565]]}}, {"type": "Feature", "properties": {"OBJECTID": 139958, "NAMOBJ": "", "FCODE": "60112", "REMARK": "Sungai Musiman"}, "geometry": {"type": "LineString", "coordinates": [[113.911048, -8.438477], [113.914566, -8.436743]]}}, {"type": "Feature", "properties": {"OBJECTID": 139966, "NAMOBJ": "", "FCODE": "60112", "REMARK": "Sungai Musiman"}, "geometry": {"type": "LineString", "coordinates": [[113.697245, -7.986962], [113.700246, -7.989294]]}}, {"type": "Feature", "properties": {"OBJECTID": 139974, "NAMOBJ": "", "FCODE": "60112", "REMARK": "Sungai Musiman"}, "geometry": {"type": "LineString", "coordinates": [[113.88109, -8.463469], [113.879865, -8.458018]]}}, {"type": "Feature", "properties": {"OBJECTID": 139979, "NAMOBJ": "", "FCODE": "60112", "REMARK": "Sungai Musiman"}, "geometry": {"type": "LineString", "coordinates": [[113.592481, -8.077754], [113.59549, -8.079048]]}}, {"type": "Feature", "properties": {"OBJECTID": 139980, "NAMOBJ": "", "FCODE": "60112", "REMARK": "Sungai Musiman"}, "geometry": {"type": "LineString", "coordinates": [[113.771394, -8.269083], [113.771311, -8.272529]]}}, {"type": "Feature", "properties": {"OBJECTID": 139984, "NAMOBJ": "", "FCODE": "60112", "REMARK": "Sungai Musiman"}, "geometry": {"type": "LineString", "coordinates": [[113.468754, -7.919421], [113.466174, -7.922731]]}}, {"type": "Feature", "properties": {"OBJECTID": 140125, "NAMOBJ": "", "FCODE": "60112", "REMARK": "Sungai Musiman"}, "geometry": {"type": "LineString", "coordinates": [[113.743672, -8.150902], [113.751036, -8.15169], [113.756842, -8.147651]]}}, {"type": "Feature", "properties": {"OBJECTID": 140134, "NAMOBJ": "", "FCODE": "60112", "REMARK": "Sungai Musiman"}, "geometry": {"type": "LineString", "coordinates": [[113.732795, -8.329071], [113.740589, -8.328984]]}}, {"type": "Feature", "properties": {"OBJECTID": 140139, "NAMOBJ": "", "FCODE": "60112", "REMARK": "Sungai Musiman"}, "geometry": {"type": "LineString", "coordinates": [[113.623944, -7.908243], [113.626622, -7.907418]]}}, {"type": "Feature", "properties": {"OBJECTID": 140142, "NAMOBJ": "", "FCODE": "60112", "REMARK": "Sungai Musiman"}, "geometry": {"type": "LineString", "coordinates": [[113.782784, -8.213856], [113.778318, -8.204374]]}}, {"type": "Feature", "properties": {"OBJECTID": 140152, "NAMOBJ": "", "FCODE": "60112", "REMARK": "Sungai Musiman"}, "geometry": {"type": "LineString", "coordinates": [[113.633306, -8.395803], [113.639864, -8.396945], [113.645906, -8.391861]]}}, {"type": "Feature", "properties": {"OBJECTID": 140160, "NAMOBJ": "", "FCODE": "60112", "REMARK": "Sungai Musiman"}, "geometry": {"type": "LineString", "coordinates": [[113.717601, -8.00605], [113.731829, -8.013077], [113.732341, -8.017468], [113.739908, -8.021311], [113.745978, -8.028909], [113.754712, -8.028259], [113.761764, -8.023219]]}}, {"type": "Feature", "properties": {"OBJECTID": 140165, "NAMOBJ": "", "FCODE": "60112", "REMARK": "Sungai Musiman"}, "geometry": {"type": "LineString", "coordinates": [[113.519131, -7.980597], [113.510224, -7.977966]]}}, {"type": "Feature", "properties": {"OBJECTID": 140173, "NAMOBJ": "", "FCODE": "60112", "REMARK": "Sungai Musiman"}, "geometry": {"type": "LineString", "coordinates": [[113.440375, -8.088798], [113.436756, -8.088903]]}}, {"type": "Feature", "properties": {"OBJECTID": 140174, "NAMOBJ": "", "FCODE": "60112", "REMARK": "Sungai Musiman"}, "geometry": {"type": "LineString", "coordinates": [[113.569169, -8.029824], [113.567116, -8.030558]]}}, {"type": "Feature", "properties": {"OBJECTID": 140178, "NAMOBJ": "", "FCODE": "60112", "REMARK": "Sungai Musiman"}, "geometry": {"type": "LineString", "coordinates": [[113.576904, -7.911812], [113.582777, -7.911569]]}}, {"type": "Feature", "properties": {"OBJECTID": 140181, "NAMOBJ": "", "FCODE": "60112", "REMARK": "Sungai Musiman"}, "geometry": {"type": "LineString", "coordinates": [[113.518108, -8.412592], [113.517218, -8.422151], [113.519401, -8.422945]]}}, {"type": "Feature", "properties": {"OBJECTID": 140193, "NAMOBJ": "", "FCODE": "60112", "REMARK": "Sungai Musiman"}, "geometry": {"type": "LineString", "coordinates": [[113.683737, -8.358346], [113.684225, -8.360848]]}}, {"type": "Feature", "properties": {"OBJECTID": 140200, "NAMOBJ": "", "FCODE": "60112", "REMARK": "Sungai Musiman"}, "geometry": {"type": "LineString", "coordinates": [[113.953649, -8.227399], [113.95485, -8.23382]]}}, {"type": "Feature", "properties": {"OBJECTID": 140207, "NAMOBJ": "", "FCODE": "60112", "REMARK": "Sungai Musiman"}, "geometry": {"type": "LineString", "coordinates": [[113.970756, -8.147968], [113.960641, -8.150999]]}}, {"type": "Feature", "properties": {"OBJECTID": 140318, "NAMOBJ": "", "FCODE": "60112", "REMARK": "Sungai Musiman"}, "geometry": {"type": "LineString", "coordinates": [[113.862926, -8.343586], [113.865657, -8.34707], [113.870737, -8.346659]]}}, {"type": "Feature", "properties": {"OBJECTID": 140320, "NAMOBJ": "", "FCODE": "60112", "REMARK": "Sungai Musiman"}, "geometry": {"type": "LineString", "coordinates": [[113.663587, -7.978355], [113.667145, -7.974793]]}}, {"type": "Feature", "properties": {"OBJECTID": 140323, "NAMOBJ": "", "FCODE": "60112", "REMARK": "Sungai Musiman"}, "geometry": {"type": "LineString", "coordinates": [[113.981922, -7.901449], [113.980362, -7.899107]]}}, {"type": "Feature", "properties": {"OBJECTID": 140340, "NAMOBJ": "", "FCODE": "60112", "REMARK": "Sungai Musiman"}, "geometry": {"type": "LineString", "coordinates": [[113.974701, -8.394202], [113.981702, -8.39015]]}}, {"type": "Feature", "properties": {"OBJECTID": 140343, "NAMOBJ": "", "FCODE": "60112", "REMARK": "Sungai Musiman"}, "geometry": {"type": "LineString", "coordinates": [[113.364397, -8.031813], [113.363113, -8.036485]]}}, {"type": "Feature", "properties": {"OBJECTID": 140351, "NAMOBJ": "", "FCODE": "60112", "REMARK": "Sungai Musiman"}, "geometry": {"type": "LineString", "coordinates": [[113.851225, -8.135883], [113.844831, -8.136576], [113.837876, -8.143014]]}}, {"type": "Feature", "properties": {"OBJECTID": 140353, "NAMOBJ": "", "FCODE": "60112", "REMARK": "Sungai Musiman"}, "geometry": {"type": "LineString", "coordinates": [[113.849272, -8.095147], [113.843623, -8.093428]]}}, {"type": "Feature", "properties": {"OBJECTID": 140365, "NAMOBJ": "", "FCODE": "60112", "REMARK": "Sungai Musiman"}, "geometry": {"type": "LineString", "coordinates": [[113.806839, -8.355437], [113.811815, -8.356626]]}}, {"type": "Feature", "properties": {"OBJECTID": 140366, "NAMOBJ": "", "FCODE": "60112", "REMARK": "Sungai Musiman"}, "geometry": {"type": "LineString", "coordinates": [[113.824653, -8.306039], [113.820482, -8.29793]]}}, {"type": "Feature", "properties": {"OBJECTID": 140368, "NAMOBJ": "", "FCODE": "60112", "REMARK": "Sungai Musiman"}, "geometry": {"type": "LineString", "coordinates": [[113.820111, -8.389458], [113.825323, -8.39214]]}}, {"type": "Feature", "properties": {"OBJECTID": 140370, "NAMOBJ": "", "FCODE": "60112", "REMARK": "Sungai Musiman"}, "geometry": {"type": "LineString", "coordinates": [[113.998411, -8.173472], [113.996634, -8.17731]]}}, {"type": "Feature", "properties": {"OBJECTID": 140382, "NAMOBJ": "", "FCODE": "60112", "REMARK": "Sungai Musiman"}, "geometry": {"type": "LineString", "coordinates": [[113.928604, -7.96996], [113.931267, -7.976116]]}}, {"type": "Feature", "properties": {"OBJECTID": 140384, "NAMOBJ": "", "FCODE": "60112", "REMARK": "Sungai Musiman"}, "geometry": {"type": "LineString", "coordinates": [[113.516503, -8.002748], [113.522904, -7.996234], [113.526613, -7.998372]]}}, {"type": "Feature", "properties": {"OBJECTID": 140387, "NAMOBJ": "", "FCODE": "60112", "REMARK": "Sungai Musiman"}, "geometry": {"type": "LineString", "coordinates": [[113.695497, -7.912081], [113.699392, -7.899339]]}}, {"type": "Feature", "properties": {"OBJECTID": 140388, "NAMOBJ": "", "FCODE": "60112", "REMARK": "Sungai Musiman"}, "geometry": {"type": "LineString", "coordinates": [[113.964776, -8.387544], [113.969022, -8.387861]]}}, {"type": "Feature", "properties": {"OBJECTID": 140389, "NAMOBJ": "", "FCODE": "60112", "REMARK": "Sungai Musiman"}, "geometry": {"type": "LineString", "coordinates": [[113.341394, -8.499056], [113.338275, -8.491644]]}}, {"type": "Feature", "properties": {"OBJECTID": 140403, "NAMOBJ": "", "FCODE": "60112", "REMARK": "Sungai Musiman"}, "geometry": {"type": "LineString", "coordinates": [[113.787816, -8.335616], [113.781148, -8.335386]]}}, {"type": "Feature", "properties": {"OBJECTID": 140614, "NAMOBJ": "", "FCODE": "60112", "REMARK": "Sungai Musiman"}, "geometry": {"type": "LineString", "coordinates": [[113.714248, -7.882984], [113.711884, -7.896208], [113.703539, -7.904697]]}}, {"type": "Feature", "properties": {"OBJECTID": 140623, "NAMOBJ": "", "FCODE": "60112", "REMARK": "Sungai Musiman"}, "geometry": {"type": "LineString", "coordinates": [[113.885717, -8.478296], [113.887752, -8.479828]]}}, {"type": "Feature", "properties": {"OBJECTID": 140624, "NAMOBJ": "", "FCODE": "60112", "REMARK": "Sungai Musiman"}, "geometry": {"type": "LineString", "coordinates": [[113.683209, -8.357216], [113.677444, -8.354158]]}}, {"type": "Feature", "properties": {"OBJECTID": 140627, "NAMOBJ": "", "FCODE": "60112", "REMARK": "Sungai Musiman"}, "geometry": {"type": "LineString", "coordinates": [[113.785481, -8.216126], [113.798984, -8.211401]]}}, {"type": "Feature", "properties": {"OBJECTID": 140629, "NAMOBJ": "", "FCODE": "60112", "REMARK": "Sungai Musiman"}, "geometry": {"type": "LineString", "coordinates": [[113.85265, -8.296407], [113.849436, -8.294406]]}}, {"type": "Feature", "properties": {"OBJECTID": 140630, "NAMOBJ": "", "FCODE": "60112", "REMARK": "Sungai Musiman"}, "geometry": {"type": "LineString", "coordinates": [[113.71946, -8.326772], [113.731108, -8.314875]]}}, {"type": "Feature", "properties": {"OBJECTID": 140643, "NAMOBJ": "", "FCODE": "60112", "REMARK": "Sungai Musiman"}, "geometry": {"type": "LineString", "coordinates": [[113.700691, -7.983097], [113.693382, -7.981163]]}}, {"type": "Feature", "properties": {"OBJECTID": 140649, "NAMOBJ": "", "FCODE": "60112", "REMARK": "Sungai Musiman"}, "geometry": {"type": "LineString", "coordinates": [[113.725759, -8.099664], [113.731674, -8.113837], [113.730543, -8.118894]]}}, {"type": "Feature", "properties": {"OBJECTID": 140650, "NAMOBJ": "", "FCODE": "60112", "REMARK": "Sungai Musiman"}, "geometry": {"type": "LineString", "coordinates": [[113.729441, -7.91217], [113.730426, -7.905069]]}}, {"type": "Feature", "properties": {"OBJECTID": 140652, "NAMOBJ": "", "FCODE": "60112", "REMARK": "Sungai Musiman"}, "geometry": {"type": "LineString", "coordinates": [[113.775277, -8.319848], [113.76989, -8.310744]]}}, {"type": "Feature", "properties": {"OBJECTID": 140654, "NAMOBJ": "", "FCODE": "60112", "REMARK": "Sungai Musiman"}, "geometry": {"type": "LineString", "coordinates": [[113.341667, -7.941292], [113.336187, -7.933411]]}}, {"type": "Feature", "properties": {"OBJECTID": 140656, "NAMOBJ": "", "FCODE": "60112", "REMARK": "Sungai Musiman"}, "geometry": {"type": "LineString", "coordinates": [[113.763145, -8.354347], [113.763496, -8.357569]]}}, {"type": "Feature", "properties": {"OBJECTID": 140665, "NAMOBJ": "", "FCODE": "60112", "REMARK": "Sungai Musiman"}, "geometry": {"type": "LineString", "coordinates": [[113.387836, -8.022725], [113.385802, -8.024821]]}}, {"type": "Feature", "properties": {"OBJECTID": 140671, "NAMOBJ": "", "FCODE": "60112", "REMARK": "Sungai Musiman"}, "geometry": {"type": "LineString", "coordinates": [[113.850476, -8.348913], [113.848793, -8.352429], [113.854143, -8.359627]]}}, {"type": "Feature", "properties": {"OBJECTID": 140679, "NAMOBJ": "", "FCODE": "60112", "REMARK": "Sungai Musiman"}, "geometry": {"type": "LineString", "coordinates": [[113.784604, -8.214781], [113.773329, -8.213144]]}}, {"type": "Feature", "properties": {"OBJECTID": 140684, "NAMOBJ": "", "FCODE": "60112", "REMARK": "Sungai Musiman"}, "geometry": {"type": "LineString", "coordinates": [[113.956273, -8.330384], [113.961623, -8.329184]]}}, {"type": "Feature", "properties": {"OBJECTID": 140685, "NAMOBJ": "", "FCODE": "60112", "REMARK": "Sungai Musiman"}, "geometry": {"type": "LineString", "coordinates": [[113.829834, -8.223531], [113.834323, -8.22415]]}}, {"type": "Feature", "properties": {"OBJECTID": 140686, "NAMOBJ": "", "FCODE": "60112", "REMARK": "Sungai Musiman"}, "geometry": {"type": "LineString", "coordinates": [[113.940929, -8.400112], [113.939452, -8.398821]]}}, {"type": "Feature", "properties": {"OBJECTID": 140687, "NAMOBJ": "", "FCODE": "60112", "REMARK": "Sungai Musiman"}, "geometry": {"type": "LineString", "coordinates": [[113.989791, -8.340826], [113.988114, -8.342715]]}}, {"type": "Feature", "properties": {"OBJECTID": 140692, "NAMOBJ": "", "FCODE": "60112", "REMARK": "Sungai Musiman"}, "geometry": {"type": "LineString", "coordinates": [[113.9813, -8.354513], [113.980631, -8.358337]]}}, {"type": "Feature", "properties": {"OBJECTID": 140698, "NAMOBJ": "", "FCODE": "60112", "REMARK": "Sungai Musiman"}, "geometry": {"type": "LineString", "coordinates": [[113.691551, -8.037266], [113.697356, -8.037787]]}}, {"type": "Feature", "properties": {"OBJECTID": 140705, "NAMOBJ": "", "FCODE": "60112", "REMARK": "Sungai Musiman"}, "geometry": {"type": "LineString", "coordinates": [[113.830308, -8.149098], [113.829944, -8.146979]]}}, {"type": "Feature", "properties": {"OBJECTID": 140707, "NAMOBJ": "", "FCODE": "60112", "REMARK": "Sungai Musiman"}, "geometry": {"type": "LineString", "coordinates": [[113.951048, -8.475025], [113.949751, -8.466538]]}}, {"type": "Feature", "properties": {"OBJECTID": 140713, "NAMOBJ": "", "FCODE": "60112", "REMARK": "Sungai Musiman"}, "geometry": {"type": "LineString", "coordinates": [[113.305026, -8.497073], [113.301414, -8.501771]]}}, {"type": "Feature", "properties": {"OBJECTID": 144207, "NAMOBJ": "", "FCODE": "60112", "REMARK": "Sungai Musiman"}, "geometry": {"type": "LineString", "coordinates": [[113.52047, -8.119527], [113.520826, -8.117842]]}}, {"type": "Feature", "properties": {"OBJECTID": 144209, "NAMOBJ": "", "FCODE": "60112", "REMARK": "Sungai Musiman"}, "geometry": {"type": "LineString", "coordinates": [[113.35492, -7.979004], [113.382683, -7.973191], [113.384061, -7.967669], [113.390371, -7.964625]]}}, {"type": "Feature", "properties": {"OBJECTID": 144314, "NAMOBJ": "", "FCODE": "60112", "REMARK": "Sungai Musiman"}, "geometry": {"type": "LineString", "coordinates": [[113.844436, -8.328453], [113.848829, -8.326559]]}}, {"type": "Feature", "properties": {"OBJECTID": 144317, "NAMOBJ": "", "FCODE": "60112", "REMARK": "Sungai Musiman"}, "geometry": {"type": "LineString", "coordinates": [[113.773317, -8.075096], [113.775536, -8.071286], [113.772717, -8.066694]]}}, {"type": "Feature", "properties": {"OBJECTID": 144319, "NAMOBJ": "", "FCODE": "60112", "REMARK": "Sungai Musiman"}, "geometry": {"type": "LineString", "coordinates": [[113.749549, -8.092529], [113.753447, -8.10519]]}}, {"type": "Feature", "properties": {"OBJECTID": 144321, "NAMOBJ": "", "FCODE": "60112", "REMARK": "Sungai Musiman"}, "geometry": {"type": "LineString", "coordinates": [[113.816304, -8.444222], [113.820194, -8.437433]]}}, {"type": "Feature", "properties": {"OBJECTID": 144327, "NAMOBJ": "", "FCODE": "60112", "REMARK": "Sungai Musiman"}, "geometry": {"type": "LineString", "coordinates": [[113.987689, -8.324151], [113.987673, -8.323295]]}}, {"type": "Feature", "properties": {"OBJECTID": 144334, "NAMOBJ": "", "FCODE": "60112", "REMARK": "Sungai Musiman"}, "geometry": {"type": "LineString", "coordinates": [[113.543081, -7.913176], [113.538162, -7.912333], [113.536086, -7.915659]]}}, {"type": "Feature", "properties": {"OBJECTID": 144337, "NAMOBJ": "", "FCODE": "60112", "REMARK": "Sungai Musiman"}, "geometry": {"type": "LineString", "coordinates": [[113.933325, -8.308486], [113.940216, -8.309894], [113.949667, -8.300784]]}}, {"type": "Feature", "properties": {"OBJECTID": 144338, "NAMOBJ": "", "FCODE": "60112", "REMARK": "Sungai Musiman"}, "geometry": {"type": "LineString", "coordinates": [[113.862596, -8.370766], [113.861521, -8.372846]]}}, {"type": "Feature", "properties": {"OBJECTID": 144345, "NAMOBJ": "", "FCODE": "60112", "REMARK": "Sungai Musiman"}, "geometry": {"type": "LineString", "coordinates": [[113.933034, -8.485548], [113.924934, -8.493962]]}}, {"type": "Feature", "properties": {"OBJECTID": 144347, "NAMOBJ": "", "FCODE": "60112", "REMARK": "Sungai Musiman"}, "geometry": {"type": "LineString", "coordinates": [[113.972684, -8.390789], [113.969941, -8.391912]]}}, {"type": "Feature", "properties": {"OBJECTID": 144366, "NAMOBJ": "", "FCODE": "60112", "REMARK": "Sungai Musiman"}, "geometry": {"type": "LineString", "coordinates": [[113.821542, -8.233716], [113.830187, -8.227794]]}}, {"type": "Feature", "properties": {"OBJECTID": 144370, "NAMOBJ": "", "FCODE": "60112", "REMARK": "Sungai Musiman"}, "geometry": {"type": "LineString", "coordinates": [[113.59352, -7.904814], [113.592408, -7.89479]]}}, {"type": "Feature", "properties": {"OBJECTID": 144372, "NAMOBJ": "", "FCODE": "60112", "REMARK": "Sungai Musiman"}, "geometry": {"type": "LineString", "coordinates": [[113.649993, -8.337006], [113.649199, -8.333137]]}}, {"type": "Feature", "properties": {"OBJECTID": 144373, "NAMOBJ": "", "FCODE": "60112", "REMARK": "Sungai Musiman"}, "geometry": {"type": "LineString", "coordinates": [[113.555301, -8.424319], [113.555717, -8.421654]]}}, {"type": "Feature", "properties": {"OBJECTID": 144376, "NAMOBJ": "", "FCODE": "60112", "REMARK": "Sungai Musiman"}, "geometry": {"type": "LineString", "coordinates": [[113.662646, -8.419135], [113.669622, -8.433994]]}}, {"type": "Feature", "properties": {"OBJECTID": 144390, "NAMOBJ": "", "FCODE": "60112", "REMARK": "Sungai Musiman"}, "geometry": {"type": "LineString", "coordinates": [[113.496476, -8.123856], [113.509055, -8.111355], [113.508522, -8.108319]]}}, {"type": "Feature", "properties": {"OBJECTID": 144391, "NAMOBJ": "", "FCODE": "60112", "REMARK": "Sungai Musiman"}, "geometry": {"type": "LineString", "coordinates": [[113.975424, -8.395815], [113.979017, -8.39478]]}}, {"type": "Feature", "properties": {"OBJECTID": 144410, "NAMOBJ": "", "FCODE": "60112", "REMARK": "Sungai Musiman"}, "geometry": {"type": "LineString", "coordinates": [[113.714035, -7.956281], [113.714469, -7.953001]]}}, {"type": "Feature", "properties": {"OBJECTID": 144514, "NAMOBJ": "", "FCODE": "60112", "REMARK": "Sungai Musiman"}, "geometry": {"type": "LineString", "coordinates": [[113.664923, -7.982559], [113.669283, -7.983725]]}}, {"type": "Feature", "properties": {"OBJECTID": 144531, "NAMOBJ": "", "FCODE": "60112", "REMARK": "Sungai Musiman"}, "geometry": {"type": "LineString", "coordinates": [[113.624005, -7.900137], [113.627402, -7.898411]]}}, {"type": "Feature", "properties": {"OBJECTID": 144533, "NAMOBJ": "", "FCODE": "60112", "REMARK": "Sungai Musiman"}, "geometry": {"type": "LineString", "coordinates": [[113.808059, -7.99529], [113.806703, -8.000174]]}}, {"type": "Feature", "properties": {"OBJECTID": 144534, "NAMOBJ": "", "FCODE": "60112", "REMARK": "Sungai Musiman"}, "geometry": {"type": "LineString", "coordinates": [[113.751725, -8.379738], [113.74992, -8.370995], [113.74709, -8.369566]]}}, {"type": "Feature", "properties": {"OBJECTID": 144549, "NAMOBJ": "", "FCODE": "60112", "REMARK": "Sungai Musiman"}, "geometry": {"type": "LineString", "coordinates": [[113.534656, -8.418771], [113.532999, -8.421921]]}}, {"type": "Feature", "properties": {"OBJECTID": 144551, "NAMOBJ": "", "FCODE": "60112", "REMARK": "Sungai Musiman"}, "geometry": {"type": "LineString", "coordinates": [[113.653668, -7.941099], [113.650722, -7.969931]]}}, {"type": "Feature", "properties": {"OBJECTID": 144563, "NAMOBJ": "", "FCODE": "60112", "REMARK": "Sungai Musiman"}, "geometry": {"type": "LineString", "coordinates": [[113.511058, -7.993388], [113.502712, -7.987459]]}}, {"type": "Feature", "properties": {"OBJECTID": 144566, "NAMOBJ": "", "FCODE": "60112", "REMARK": "Sungai Musiman"}, "geometry": {"type": "LineString", "coordinates": [[113.480056, -8.057097], [113.485058, -8.063832]]}}, {"type": "Feature", "properties": {"OBJECTID": 144567, "NAMOBJ": "", "FCODE": "60112", "REMARK": "Sungai Musiman"}, "geometry": {"type": "LineString", "coordinates": [[113.963831, -8.381179], [113.965982, -8.379012]]}}, {"type": "Feature", "properties": {"OBJECTID": 144568, "NAMOBJ": "", "FCODE": "60112", "REMARK": "Sungai Musiman"}, "geometry": {"type": "LineString", "coordinates": [[113.970307, -8.143312], [113.964788, -8.147038]]}}, {"type": "Feature", "properties": {"OBJECTID": 144574, "NAMOBJ": "", "FCODE": "60112", "REMARK": "Sungai Musiman"}, "geometry": {"type": "LineString", "coordinates": [[113.995361, -8.306805], [113.995099, -8.300546]]}}, {"type": "Feature", "properties": {"OBJECTID": 144576, "NAMOBJ": "", "FCODE": "60112", "REMARK": "Sungai Musiman"}, "geometry": {"type": "LineString", "coordinates": [[113.948639, -8.092935], [113.946393, -8.094394]]}}, {"type": "Feature", "properties": {"OBJECTID": 144577, "NAMOBJ": "", "FCODE": "60112", "REMARK": "Sungai Musiman"}, "geometry": {"type": "LineString", "coordinates": [[113.312506, -8.464368], [113.309303, -8.468457]]}}, {"type": "Feature", "properties": {"OBJECTID": 144612, "NAMOBJ": "", "FCODE": "60112", "REMARK": "Sungai Musiman"}, "geometry": {"type": "LineString", "coordinates": [[113.957686, -8.472754], [113.959957, -8.467965]]}}, {"type": "Feature", "properties": {"OBJECTID": 144745, "NAMOBJ": "", "FCODE": "60112", "REMARK": "Sungai Musiman"}, "geometry": {"type": "LineString", "coordinates": [[113.434106, -8.059341], [113.431173, -8.064542]]}}, {"type": "Feature", "properties": {"OBJECTID": 144752, "NAMOBJ": "", "FCODE": "60112", "REMARK": "Sungai Musiman"}, "geometry": {"type": "LineString", "coordinates": [[113.933009, -8.364352], [113.923723, -8.358066]]}}, {"type": "Feature", "properties": {"OBJECTID": 144770, "NAMOBJ": "", "FCODE": "60112", "REMARK": "Sungai Musiman"}, "geometry": {"type": "LineString", "coordinates": [[113.696997, -8.028637], [113.69618, -8.035193]]}}, {"type": "Feature", "properties": {"OBJECTID": 144780, "NAMOBJ": "", "FCODE": "60112", "REMARK": "Sungai Musiman"}, "geometry": {"type": "LineString", "coordinates": [[113.979808, -8.361913], [113.982644, -8.36176]]}}, {"type": "Feature", "properties": {"OBJECTID": 144787, "NAMOBJ": "", "FCODE": "60112", "REMARK": "Sungai Musiman"}, "geometry": {"type": "LineString", "coordinates": [[113.876014, -8.282227], [113.870429, -8.28402]]}}, {"type": "Feature", "properties": {"OBJECTID": 144789, "NAMOBJ": "", "FCODE": "60112", "REMARK": "Sungai Musiman"}, "geometry": {"type": "LineString", "coordinates": [[113.87961, -8.234895], [113.875694, -8.228805]]}}, {"type": "Feature", "properties": {"OBJECTID": 144792, "NAMOBJ": "", "FCODE": "60112", "REMARK": "Sungai Musiman"}, "geometry": {"type": "LineString", "coordinates": [[113.559987, -7.964076], [113.542893, -7.958596], [113.534809, -7.964139]]}}, {"type": "Feature", "properties": {"OBJECTID": 144793, "NAMOBJ": "", "FCODE": "60112", "REMARK": "Sungai Musiman"}, "geometry": {"type": "LineString", "coordinates": [[113.656883, -7.971608], [113.656293, -7.973997]]}}, {"type": "Feature", "properties": {"OBJECTID": 144797, "NAMOBJ": "", "FCODE": "60112", "REMARK": "Sungai Musiman"}, "geometry": {"type": "LineString", "coordinates": [[113.774979, -8.003707], [113.75855, -8.007665], [113.751913, -8.005067], [113.747811, -7.998116], [113.725646, -7.991363]]}}, {"type": "Feature", "properties": {"OBJECTID": 144799, "NAMOBJ": "", "FCODE": "60112", "REMARK": "Sungai Musiman"}, "geometry": {"type": "LineString", "coordinates": [[113.686363, -8.050097], [113.683863, -8.048199]]}}, {"type": "Feature", "properties": {"OBJECTID": 144800, "NAMOBJ": "", "FCODE": "60112", "REMARK": "Sungai Musiman"}, "geometry": {"type": "LineString", "coordinates": [[113.566699, -8.069477], [113.568532, -8.067586]]}}, {"type": "Feature", "properties": {"OBJECTID": 144805, "NAMOBJ": "", "FCODE": "60112", "REMARK": "Sungai Musiman"}, "geometry": {"type": "LineString", "coordinates": [[113.994516, -8.327592], [113.993705, -8.323932], [113.981753, -8.319708]]}}, {"type": "Feature", "properties": {"OBJECTID": 144920, "NAMOBJ": "", "FCODE": "60112", "REMARK": "Sungai Musiman"}, "geometry": {"type": "LineString", "coordinates": [[113.985695, -7.916619], [113.983292, -7.909239], [113.976782, -7.903018], [113.976143, -7.892723], [113.971135, -7.888816], [113.967223, -7.863321]]}}, {"type": "Feature", "properties": {"OBJECTID": 144924, "NAMOBJ": "", "FCODE": "60112", "REMARK": "Sungai Musiman"}, "geometry": {"type": "LineString", "coordinates": [[113.98035, -8.203383], [113.978906, -8.216298], [113.981745, -8.220459]]}}, {"type": "Feature", "properties": {"OBJECTID": 144925, "NAMOBJ": "", "FCODE": "60112", "REMARK": "Sungai Musiman"}, "geometry": {"type": "LineString", "coordinates": [[113.953153, -8.253966], [113.961452, -8.258523]]}}, {"type": "Feature", "properties": {"OBJECTID": 144954, "NAMOBJ": "", "FCODE": "60112", "REMARK": "Sungai Musiman"}, "geometry": {"type": "LineString", "coordinates": [[113.898986, -8.452498], [113.898314, -8.451462]]}}, {"type": "Feature", "properties": {"OBJECTID": 144955, "NAMOBJ": "", "FCODE": "60112", "REMARK": "Sungai Musiman"}, "geometry": {"type": "LineString", "coordinates": [[113.964338, -8.075552], [113.958521, -8.073089], [113.953507, -8.076283]]}}, {"type": "Feature", "properties": {"OBJECTID": 144962, "NAMOBJ": "", "FCODE": "60112", "REMARK": "Sungai Musiman"}, "geometry": {"type": "LineString", "coordinates": [[113.536588, -8.06919], [113.535537, -8.068625]]}}, {"type": "Feature", "properties": {"OBJECTID": 144965, "NAMOBJ": "", "FCODE": "60112", "REMARK": "Sungai Musiman"}, "geometry": {"type": "LineString", "coordinates": [[113.878673, -8.263367], [113.882788, -8.26316]]}}, {"type": "Feature", "properties": {"OBJECTID": 144973, "NAMOBJ": "", "FCODE": "60112", "REMARK": "Sungai Musiman"}, "geometry": {"type": "LineString", "coordinates": [[113.844598, -8.245866], [113.846758, -8.251001]]}}, {"type": "Feature", "properties": {"OBJECTID": 144974, "NAMOBJ": "", "FCODE": "60112", "REMARK": "Sungai Musiman"}, "geometry": {"type": "LineString", "coordinates": [[113.986957, -7.919755], [113.986658, -7.921342]]}}, {"type": "Feature", "properties": {"OBJECTID": 144975, "NAMOBJ": "", "FCODE": "60112", "REMARK": "Sungai Musiman"}, "geometry": {"type": "LineString", "coordinates": [[113.828581, -8.311491], [113.825624, -8.315401]]}}, {"type": "Feature", "properties": {"OBJECTID": 144985, "NAMOBJ": "", "FCODE": "60112", "REMARK": "Sungai Musiman"}, "geometry": {"type": "LineString", "coordinates": [[113.843034, -8.304526], [113.84754, -8.308593], [113.855548, -8.309598]]}}, {"type": "Feature", "properties": {"OBJECTID": 144986, "NAMOBJ": "", "FCODE": "60112", "REMARK": "Sungai Musiman"}, "geometry": {"type": "LineString", "coordinates": [[113.513137, -8.413006], [113.514052, -8.414849]]}}, {"type": "Feature", "properties": {"OBJECTID": 144987, "NAMOBJ": "", "FCODE": "60112", "REMARK": "Sungai Musiman"}, "geometry": {"type": "LineString", "coordinates": [[113.732124, -8.062711], [113.736971, -8.067521], [113.736997, -8.07151]]}}, {"type": "Feature", "properties": {"OBJECTID": 144988, "NAMOBJ": "", "FCODE": "60112", "REMARK": "Sungai Musiman"}, "geometry": {"type": "LineString", "coordinates": [[113.57967, -8.042609], [113.582525, -8.036721], [113.59073, -8.035064]]}}, {"type": "Feature", "properties": {"OBJECTID": 145000, "NAMOBJ": "", "FCODE": "60112", "REMARK": "Sungai Musiman"}, "geometry": {"type": "LineString", "coordinates": [[113.303005, -7.920296], [113.299955, -7.916004], [113.30059, -7.910858]]}}, {"type": "Feature", "properties": {"OBJECTID": 145002, "NAMOBJ": "", "FCODE": "60112", "REMARK": "Sungai Musiman"}, "geometry": {"type": "LineString", "coordinates": [[113.810672, -8.052228], [113.807348, -8.054129]]}}, {"type": "Feature", "properties": {"OBJECTID": 145012, "NAMOBJ": "", "FCODE": "60112", "REMARK": "Sungai Musiman"}, "geometry": {"type": "LineString", "coordinates": [[113.467634, -7.936468], [113.463651, -7.938281], [113.459249, -7.936389], [113.453093, -7.924102], [113.440374, -7.91961], [113.434026, -7.912633]]}}, {"type": "Feature", "properties": {"OBJECTID": 145125, "NAMOBJ": "", "FCODE": "60112", "REMARK": "Sungai Musiman"}, "geometry": {"type": "LineString", "coordinates": [[113.903984, -8.297533], [113.898454, -8.307283]]}}, {"type": "Feature", "properties": {"OBJECTID": 145130, "NAMOBJ": "", "FCODE": "60112", "REMARK": "Sungai Musiman"}, "geometry": {"type": "LineString", "coordinates": [[113.625758, -8.150326], [113.625451, -8.1466]]}}, {"type": "Feature", "properties": {"OBJECTID": 145132, "NAMOBJ": "", "FCODE": "60112", "REMARK": "Sungai Musiman"}, "geometry": {"type": "LineString", "coordinates": [[113.978552, -8.039645], [113.971616, -8.035113]]}}, {"type": "Feature", "properties": {"OBJECTID": 145150, "NAMOBJ": "", "FCODE": "60112", "REMARK": "Sungai Musiman"}, "geometry": {"type": "LineString", "coordinates": [[113.986278, -8.466728], [113.990674, -8.482782], [113.984782, -8.491577]]}}, {"type": "Feature", "properties": {"OBJECTID": 145152, "NAMOBJ": "", "FCODE": "60112", "REMARK": "Sungai Musiman"}, "geometry": {"type": "LineString", "coordinates": [[113.879939, -8.211339], [113.87976, -8.210722]]}}, {"type": "Feature", "properties": {"OBJECTID": 145168, "NAMOBJ": "", "FCODE": "60112", "REMARK": "Sungai Musiman"}, "geometry": {"type": "LineString", "coordinates": [[113.909429, -8.413628], [113.908001, -8.412501]]}}, {"type": "Feature", "properties": {"OBJECTID": 145169, "NAMOBJ": "", "FCODE": "60112", "REMARK": "Sungai Musiman"}, "geometry": {"type": "LineString", "coordinates": [[113.896833, -8.470482], [113.895584, -8.466016], [113.887284, -8.46696], [113.884925, -8.462912]]}}, {"type": "Feature", "properties": {"OBJECTID": 145173, "NAMOBJ": "", "FCODE": "60112", "REMARK": "Sungai Musiman"}, "geometry": {"type": "LineString", "coordinates": [[113.771246, -7.905902], [113.781811, -7.907749]]}}, {"type": "Feature", "properties": {"OBJECTID": 145181, "NAMOBJ": "", "FCODE": "60112", "REMARK": "Sungai Musiman"}, "geometry": {"type": "LineString", "coordinates": [[113.943811, -8.088877], [113.946281, -8.087701]]}}, {"type": "Feature", "properties": {"OBJECTID": 145182, "NAMOBJ": "", "FCODE": "60112", "REMARK": "Sungai Musiman"}, "geometry": {"type": "LineString", "coordinates": [[113.442744, -7.912402], [113.438875, -7.909805]]}}, {"type": "Feature", "properties": {"OBJECTID": 145197, "NAMOBJ": "", "FCODE": "60112", "REMARK": "Sungai Musiman"}, "geometry": {"type": "LineString", "coordinates": [[114.017069, -8.10691], [114.01346, -8.107079], [114.011092, -8.10162], [113.991734, -8.095582], [113.968791, -8.098481], [113.9609, -8.101484], [113.960734, -8.104405]]}}, {"type": "Feature", "properties": {"OBJECTID": 145199, "NAMOBJ": "", "FCODE": "60112", "REMARK": "Sungai Musiman"}, "geometry": {"type": "LineString", "coordinates": [[113.499359, -8.109568], [113.4916, -8.120957]]}}, {"type": "Feature", "properties": {"OBJECTID": 145201, "NAMOBJ": "", "FCODE": "60112", "REMARK": "Sungai Musiman"}, "geometry": {"type": "LineString", "coordinates": [[113.767234, -8.335116], [113.763903, -8.332553]]}}, {"type": "Feature", "properties": {"OBJECTID": 145204, "NAMOBJ": "", "FCODE": "60112", "REMARK": "Sungai Musiman"}, "geometry": {"type": "LineString", "coordinates": [[113.769613, -8.399034], [113.763872, -8.392853], [113.767092, -8.380301], [113.765086, -8.369156]]}}, {"type": "Feature", "properties": {"OBJECTID": 145210, "NAMOBJ": "", "FCODE": "60112", "REMARK": "Sungai Musiman"}, "geometry": {"type": "LineString", "coordinates": [[113.839356, -8.17574], [113.860356, -8.175459], [113.86982, -8.170515]]}}, {"type": "Feature", "properties": {"OBJECTID": 148979, "NAMOBJ": "", "FCODE": "60112", "REMARK": "Sungai Musiman"}, "geometry": {"type": "LineString", "coordinates": [[113.476021, -7.903103], [113.483231, -7.898286]]}}, {"type": "Feature", "properties": {"OBJECTID": 148988, "NAMOBJ": "", "FCODE": "60112", "REMARK": "Sungai Musiman"}, "geometry": {"type": "LineString", "coordinates": [[113.865898, -8.411973], [113.865673, -8.421557]]}}, {"type": "Feature", "properties": {"OBJECTID": 149010, "NAMOBJ": "", "FCODE": "60112", "REMARK": "Sungai Musiman"}, "geometry": {"type": "LineString", "coordinates": [[113.481982, -8.004597], [113.483296, -7.999883]]}}, {"type": "Feature", "properties": {"OBJECTID": 149016, "NAMOBJ": "", "FCODE": "60112", "REMARK": "Sungai Musiman"}, "geometry": {"type": "LineString", "coordinates": [[113.934268, -8.486497], [113.937562, -8.485653]]}}, {"type": "Feature", "properties": {"OBJECTID": 149021, "NAMOBJ": "", "FCODE": "60112", "REMARK": "Sungai Musiman"}, "geometry": {"type": "LineString", "coordinates": [[113.490755, -8.043847], [113.493078, -8.051769]]}}, {"type": "Feature", "properties": {"OBJECTID": 149022, "NAMOBJ": "", "FCODE": "60112", "REMARK": "Sungai Musiman"}, "geometry": {"type": "LineString", "coordinates": [[113.755605, -8.333369], [113.753176, -8.327402]]}}, {"type": "Feature", "properties": {"OBJECTID": 149044, "NAMOBJ": "", "FCODE": "60112", "REMARK": "Sungai Musiman"}, "geometry": {"type": "LineString", "coordinates": [[113.866797, -8.345551], [113.864292, -8.344134]]}}, {"type": "Feature", "properties": {"OBJECTID": 149049, "NAMOBJ": "", "FCODE": "60112", "REMARK": "Sungai Musiman"}, "geometry": {"type": "LineString", "coordinates": [[113.323358, -7.911596], [113.321788, -7.905142]]}}, {"type": "Feature", "properties": {"OBJECTID": 149052, "NAMOBJ": "", "FCODE": "60112", "REMARK": "Sungai Musiman"}, "geometry": {"type": "LineString", "coordinates": [[113.766558, -8.383512], [113.771868, -8.395641]]}}, {"type": "Feature", "properties": {"OBJECTID": 149053, "NAMOBJ": "", "FCODE": "60112", "REMARK": "Sungai Musiman"}, "geometry": {"type": "LineString", "coordinates": [[113.901512, -8.476906], [113.900337, -8.473534], [113.903125, -8.468648]]}}, {"type": "Feature", "properties": {"OBJECTID": 149054, "NAMOBJ": "", "FCODE": "60112", "REMARK": "Sungai Musiman"}, "geometry": {"type": "LineString", "coordinates": [[113.562122, -7.944783], [113.55777, -7.943573]]}}, {"type": "Feature", "properties": {"OBJECTID": 149056, "NAMOBJ": "", "FCODE": "60112", "REMARK": "Sungai Musiman"}, "geometry": {"type": "LineString", "coordinates": [[113.721798, -8.064238], [113.72691, -8.066285]]}}, {"type": "Feature", "properties": {"OBJECTID": 149079, "NAMOBJ": "", "FCODE": "60112", "REMARK": "Sungai Musiman"}, "geometry": {"type": "LineString", "coordinates": [[113.567406, -8.405744], [113.569274, -8.410008]]}}, {"type": "Feature", "properties": {"OBJECTID": 149084, "NAMOBJ": "", "FCODE": "60112", "REMARK": "Sungai Musiman"}, "geometry": {"type": "LineString", "coordinates": [[113.879713, -8.329262], [113.876649, -8.328302]]}}, {"type": "Feature", "properties": {"OBJECTID": 149089, "NAMOBJ": "", "FCODE": "60112", "REMARK": "Sungai Musiman"}, "geometry": {"type": "LineString", "coordinates": [[113.905931, -8.48672], [113.914605, -8.49195]]}}, {"type": "Feature", "properties": {"OBJECTID": 149095, "NAMOBJ": "", "FCODE": "60112", "REMARK": "Sungai Musiman"}, "geometry": {"type": "LineString", "coordinates": [[113.577737, -7.918304], [113.581399, -7.914961]]}}, {"type": "Feature", "properties": {"OBJECTID": 149514, "NAMOBJ": "", "FCODE": "60112", "REMARK": "Sungai Musiman"}, "geometry": {"type": "LineString", "coordinates": [[113.392461, -8.480947], [113.398395, -8.484288]]}}, {"type": "Feature", "properties": {"OBJECTID": 149519, "NAMOBJ": "", "FCODE": "60112", "REMARK": "Sungai Musiman"}, "geometry": {"type": "LineString", "coordinates": [[113.903297, -8.197363], [113.895857, -8.196387]]}}, {"type": "Feature", "properties": {"OBJECTID": 149521, "NAMOBJ": "", "FCODE": "60112", "REMARK": "Sungai Musiman"}, "geometry": {"type": "LineString", "coordinates": [[113.356484, -7.96777], [113.360181, -7.954866]]}}, {"type": "Feature", "properties": {"OBJECTID": 149522, "NAMOBJ": "", "FCODE": "60112", "REMARK": "Sungai Musiman"}, "geometry": {"type": "LineString", "coordinates": [[113.398522, -8.495862], [113.394838, -8.491605]]}}, {"type": "Feature", "properties": {"OBJECTID": 149525, "NAMOBJ": "", "FCODE": "60112", "REMARK": "Sungai Musiman"}, "geometry": {"type": "LineString", "coordinates": [[113.441958, -8.074561], [113.442145, -8.077251]]}}, {"type": "Feature", "properties": {"OBJECTID": 149527, "NAMOBJ": "", "FCODE": "60112", "REMARK": "Sungai Musiman"}, "geometry": {"type": "LineString", "coordinates": [[113.853754, -8.392318], [113.846901, -8.390579]]}}, {"type": "Feature", "properties": {"OBJECTID": 149538, "NAMOBJ": "", "FCODE": "60112", "REMARK": "Sungai Musiman"}, "geometry": {"type": "LineString", "coordinates": [[113.784344, -8.250643], [113.778764, -8.243142], [113.768064, -8.245229]]}}, {"type": "Feature", "properties": {"OBJECTID": 149543, "NAMOBJ": "", "FCODE": "60112", "REMARK": "Sungai Musiman"}, "geometry": {"type": "LineString", "coordinates": [[113.480158, -7.96381], [113.480092, -7.96088]]}}, {"type": "Feature", "properties": {"OBJECTID": 149559, "NAMOBJ": "", "FCODE": "60112", "REMARK": "Sungai Musiman"}, "geometry": {"type": "LineString", "coordinates": [[113.896816, -8.198473], [113.897621, -8.206421], [113.906746, -8.210411]]}}, {"type": "Feature", "properties": {"OBJECTID": 149560, "NAMOBJ": "", "FCODE": "60112", "REMARK": "Sungai Musiman"}, "geometry": {"type": "LineString", "coordinates": [[113.57339, -7.94045], [113.569087, -7.927489]]}}, {"type": "Feature", "properties": {"OBJECTID": 149562, "NAMOBJ": "", "FCODE": "60112", "REMARK": "Sungai Musiman"}, "geometry": {"type": "LineString", "coordinates": [[113.990434, -7.924347], [113.988555, -7.925142]]}}, {"type": "Feature", "properties": {"OBJECTID": 149563, "NAMOBJ": "", "FCODE": "60112", "REMARK": "Sungai Musiman"}, "geometry": {"type": "LineString", "coordinates": [[113.48148, -7.976955], [113.475065, -7.976302]]}}, {"type": "Feature", "properties": {"OBJECTID": 149564, "NAMOBJ": "", "FCODE": "60112", "REMARK": "Sungai Musiman"}, "geometry": {"type": "LineString", "coordinates": [[113.881437, -8.202037], [113.877868, -8.20545]]}}, {"type": "Feature", "properties": {"OBJECTID": 149574, "NAMOBJ": "", "FCODE": "60112", "REMARK": "Sungai Musiman"}, "geometry": {"type": "LineString", "coordinates": [[113.632078, -8.143677], [113.628409, -8.151265], [113.632459, -8.158896], [113.616153, -8.172579]]}}, {"type": "Feature", "properties": {"OBJECTID": 149577, "NAMOBJ": "", "FCODE": "60112", "REMARK": "Sungai Musiman"}, "geometry": {"type": "LineString", "coordinates": [[113.984697, -8.005278], [113.983516, -8.002758]]}}, {"type": "Feature", "properties": {"OBJECTID": 149590, "NAMOBJ": "", "FCODE": "60112", "REMARK": "Sungai Musiman"}, "geometry": {"type": "LineString", "coordinates": [[113.84999, -8.087853], [113.843768, -8.092604]]}}, {"type": "Feature", "properties": {"OBJECTID": 149595, "NAMOBJ": "", "FCODE": "60112", "REMARK": "Sungai Musiman"}, "geometry": {"type": "LineString", "coordinates": [[113.490847, -8.085669], [113.48637, -8.093163], [113.478236, -8.097841], [113.477795, -8.111424], [113.470077, -8.121855]]}}, {"type": "Feature", "properties": {"OBJECTID": 149597, "NAMOBJ": "", "FCODE": "60112", "REMARK": "Sungai Musiman"}, "geometry": {"type": "LineString", "coordinates": [[113.930783, -8.505135], [113.932555, -8.498527]]}}, {"type": "Feature", "properties": {"OBJECTID": 149599, "NAMOBJ": "", "FCODE": "60112", "REMARK": "Sungai Musiman"}, "geometry": {"type": "LineString", "coordinates": [[113.518996, -8.107117], [113.521613, -8.102154], [113.519993, -8.098046], [113.523868, -8.092206]]}}, {"type": "Feature", "properties": {"OBJECTID": 149612, "NAMOBJ": "", "FCODE": "60112", "REMARK": "Sungai Musiman"}, "geometry": {"type": "LineString", "coordinates": [[113.771469, -8.126292], [113.763875, -8.127688], [113.760021, -8.122432]]}}, {"type": "Feature", "properties": {"OBJECTID": 149719, "NAMOBJ": "", "FCODE": "60112", "REMARK": "Sungai Musiman"}, "geometry": {"type": "LineString", "coordinates": [[113.974693, -8.392705], [113.976271, -8.391379]]}}, {"type": "Feature", "properties": {"OBJECTID": 149722, "NAMOBJ": "", "FCODE": "60112", "REMARK": "Sungai Musiman"}, "geometry": {"type": "LineString", "coordinates": [[113.782266, -8.316865], [113.77884, -8.315355]]}}, {"type": "Feature", "properties": {"OBJECTID": 149727, "NAMOBJ": "", "FCODE": "60112", "REMARK": "Sungai Musiman"}, "geometry": {"type": "LineString", "coordinates": [[113.990697, -8.019902], [113.988223, -8.018755]]}}, {"type": "Feature", "properties": {"OBJECTID": 149735, "NAMOBJ": "", "FCODE": "60112", "REMARK": "Sungai Musiman"}, "geometry": {"type": "LineString", "coordinates": [[113.684433, -8.352748], [113.677989, -8.347765], [113.66795, -8.347394]]}}, {"type": "Feature", "properties": {"OBJECTID": 149747, "NAMOBJ": "", "FCODE": "60112", "REMARK": "Sungai Musiman"}, "geometry": {"type": "LineString", "coordinates": [[113.622276, -8.156761], [113.626943, -8.147205]]}}, {"type": "Feature", "properties": {"OBJECTID": 149751, "NAMOBJ": "", "FCODE": "60112", "REMARK": "Sungai Musiman"}, "geometry": {"type": "LineString", "coordinates": [[113.419236, -7.899875], [113.417754, -7.900964]]}}, {"type": "Feature", "properties": {"OBJECTID": 149755, "NAMOBJ": "", "FCODE": "60112", "REMARK": "Sungai Musiman"}, "geometry": {"type": "LineString", "coordinates": [[113.498288, -8.067166], [113.495455, -8.074855], [113.498522, -8.078096]]}}, {"type": "Feature", "properties": {"OBJECTID": 149757, "NAMOBJ": "", "FCODE": "60112", "REMARK": "Sungai Musiman"}, "geometry": {"type": "LineString", "coordinates": [[113.935405, -8.363812], [113.930285, -8.356272], [113.923752, -8.358107], [113.920561, -8.35627]]}}, {"type": "Feature", "properties": {"OBJECTID": 149764, "NAMOBJ": "", "FCODE": "60112", "REMARK": "Sungai Musiman"}, "geometry": {"type": "LineString", "coordinates": [[113.412465, -7.93521], [113.410551, -7.935919]]}}, {"type": "Feature", "properties": {"OBJECTID": 149780, "NAMOBJ": "", "FCODE": "60112", "REMARK": "Sungai Musiman"}, "geometry": {"type": "LineString", "coordinates": [[113.514647, -8.388029], [113.510253, -8.392004]]}}, {"type": "Feature", "properties": {"OBJECTID": 149783, "NAMOBJ": "", "FCODE": "60112", "REMARK": "Sungai Musiman"}, "geometry": {"type": "LineString", "coordinates": [[113.735276, -7.965711], [113.731278, -7.968004]]}}, {"type": "Feature", "properties": {"OBJECTID": 149786, "NAMOBJ": "", "FCODE": "60112", "REMARK": "Sungai Musiman"}, "geometry": {"type": "LineString", "coordinates": [[113.789244, -8.253471], [113.793494, -8.248552]]}}, {"type": "Feature", "properties": {"OBJECTID": 149800, "NAMOBJ": "", "FCODE": "60112", "REMARK": "Sungai Musiman"}, "geometry": {"type": "LineString", "coordinates": [[113.431366, -7.992582], [113.429537, -7.994709]]}}, {"type": "Feature", "properties": {"OBJECTID": 149811, "NAMOBJ": "", "FCODE": "60112", "REMARK": "Sungai Musiman"}, "geometry": {"type": "LineString", "coordinates": [[113.554053, -8.104601], [113.554349, -8.09852]]}}, {"type": "Feature", "properties": {"OBJECTID": 149931, "NAMOBJ": "", "FCODE": "60112", "REMARK": "Sungai Musiman"}, "geometry": {"type": "LineString", "coordinates": [[113.964209, -8.045991], [113.963409, -8.041339]]}}, {"type": "Feature", "properties": {"OBJECTID": 149932, "NAMOBJ": "", "FCODE": "60112", "REMARK": "Sungai Musiman"}, "geometry": {"type": "LineString", "coordinates": [[113.891443, -8.408642], [113.895296, -8.404418], [113.888856, -8.388401], [113.882252, -8.388074], [113.879754, -8.391052]]}}, {"type": "Feature", "properties": {"OBJECTID": 149933, "NAMOBJ": "", "FCODE": "60112", "REMARK": "Sungai Musiman"}, "geometry": {"type": "LineString", "coordinates": [[113.8946, -8.428631], [113.892583, -8.429307]]}}, {"type": "Feature", "properties": {"OBJECTID": 149935, "NAMOBJ": "", "FCODE": "60112", "REMARK": "Sungai Musiman"}, "geometry": {"type": "LineString", "coordinates": [[113.943301, -8.413198], [113.949522, -8.412015]]}}, {"type": "Feature", "properties": {"OBJECTID": 149938, "NAMOBJ": "", "FCODE": "60112", "REMARK": "Sungai Musiman"}, "geometry": {"type": "LineString", "coordinates": [[113.574062, -8.00645], [113.5664, -8.004424]]}}, {"type": "Feature", "properties": {"OBJECTID": 149941, "NAMOBJ": "", "FCODE": "60112", "REMARK": "Sungai Musiman"}, "geometry": {"type": "LineString", "coordinates": [[113.882378, -7.933982], [113.87777, -7.930179], [113.87621, -7.923104]]}}, {"type": "Feature", "properties": {"OBJECTID": 149956, "NAMOBJ": "", "FCODE": "60112", "REMARK": "Sungai Musiman"}, "geometry": {"type": "LineString", "coordinates": [[113.888709, -8.484154], [113.89066, -8.479884]]}}, {"type": "Feature", "properties": {"OBJECTID": 149957, "NAMOBJ": "", "FCODE": "60112", "REMARK": "Sungai Musiman"}, "geometry": {"type": "LineString", "coordinates": [[113.488242, -8.066268], [113.485506, -8.072206]]}}, {"type": "Feature", "properties": {"OBJECTID": 149961, "NAMOBJ": "", "FCODE": "60112", "REMARK": "Sungai Musiman"}, "geometry": {"type": "LineString", "coordinates": [[113.508331, -8.078211], [113.510027, -8.075952]]}}, {"type": "Feature", "properties": {"OBJECTID": 149974, "NAMOBJ": "", "FCODE": "60112", "REMARK": "Sungai Musiman"}, "geometry": {"type": "LineString", "coordinates": [[113.32059, -8.495626], [113.321267, -8.492478]]}}, {"type": "Feature", "properties": {"OBJECTID": 149975, "NAMOBJ": "", "FCODE": "60112", "REMARK": "Sungai Musiman"}, "geometry": {"type": "LineString", "coordinates": [[113.916197, -8.399189], [113.91724, -8.386973]]}}, {"type": "Feature", "properties": {"OBJECTID": 149985, "NAMOBJ": "", "FCODE": "60112", "REMARK": "Sungai Musiman"}, "geometry": {"type": "LineString", "coordinates": [[113.781807, -8.277326], [113.784268, -8.278036]]}}, {"type": "Feature", "properties": {"OBJECTID": 150005, "NAMOBJ": "", "FCODE": "60112", "REMARK": "Sungai Musiman"}, "geometry": {"type": "LineString", "coordinates": [[113.850138, -8.371596], [113.845332, -8.3684], [113.839981, -8.369361]]}}, {"type": "Feature", "properties": {"OBJECTID": 150007, "NAMOBJ": "", "FCODE": "60112", "REMARK": "Sungai Musiman"}, "geometry": {"type": "LineString", "coordinates": [[113.38552, -8.481044], [113.384892, -8.484871], [113.388808, -8.488616]]}}, {"type": "Feature", "properties": {"OBJECTID": 150008, "NAMOBJ": "", "FCODE": "60112", "REMARK": "Sungai Musiman"}, "geometry": {"type": "LineString", "coordinates": [[113.386514, -8.003118], [113.381226, -8.005107]]}}, {"type": "Feature", "properties": {"OBJECTID": 150011, "NAMOBJ": "", "FCODE": "60112", "REMARK": "Sungai Musiman"}, "geometry": {"type": "LineString", "coordinates": [[113.433068, -8.010615], [113.431865, -8.006152]]}}, {"type": "Feature", "properties": {"OBJECTID": 150119, "NAMOBJ": "", "FCODE": "60112", "REMARK": "Sungai Musiman"}, "geometry": {"type": "LineString", "coordinates": [[113.777771, -8.339126], [113.78131, -8.338218]]}}, {"type": "Feature", "properties": {"OBJECTID": 150120, "NAMOBJ": "", "FCODE": "60112", "REMARK": "Sungai Musiman"}, "geometry": {"type": "LineString", "coordinates": [[113.870444, -8.483691], [113.871018, -8.490769], [113.864528, -8.504488]]}}, {"type": "Feature", "properties": {"OBJECTID": 150132, "NAMOBJ": "", "FCODE": "60112", "REMARK": "Sungai Musiman"}, "geometry": {"type": "LineString", "coordinates": [[113.340629, -8.490006], [113.341753, -8.492341]]}}, {"type": "Feature", "properties": {"OBJECTID": 150142, "NAMOBJ": "", "FCODE": "60112", "REMARK": "Sungai Musiman"}, "geometry": {"type": "LineString", "coordinates": [[113.979994, -8.224399], [113.98009, -8.226092]]}}, {"type": "Feature", "properties": {"OBJECTID": 150165, "NAMOBJ": "", "FCODE": "60112", "REMARK": "Sungai Musiman"}, "geometry": {"type": "LineString", "coordinates": [[113.363231, -8.074165], [113.367455, -8.070784]]}}, {"type": "Feature", "properties": {"OBJECTID": 150175, "NAMOBJ": "", "FCODE": "60112", "REMARK": "Sungai Musiman"}, "geometry": {"type": "LineString", "coordinates": [[113.955178, -8.203756], [113.945241, -8.203398]]}}, {"type": "Feature", "properties": {"OBJECTID": 150183, "NAMOBJ": "", "FCODE": "60112", "REMARK": "Sungai Musiman"}, "geometry": {"type": "LineString", "coordinates": [[113.939256, -8.45462], [113.939597, -8.45811]]}}, {"type": "Feature", "properties": {"OBJECTID": 150184, "NAMOBJ": "", "FCODE": "60112", "REMARK": "Sungai Musiman"}, "geometry": {"type": "LineString", "coordinates": [[113.966695, -8.067634], [113.960299, -8.063888]]}}, {"type": "Feature", "properties": {"OBJECTID": 150201, "NAMOBJ": "", "FCODE": "60112", "REMARK": "Sungai Musiman"}, "geometry": {"type": "LineString", "coordinates": [[113.932925, -8.296872], [113.94296, -8.30487]]}}, {"type": "Feature", "properties": {"OBJECTID": 154018, "NAMOBJ": "", "FCODE": "60112", "REMARK": "Sungai Musiman"}, "geometry": {"type": "LineString", "coordinates": [[114.001784, -8.054588], [113.998986, -8.04831]]}}, {"type": "Feature", "properties": {"OBJECTID": 154029, "NAMOBJ": "", "FCODE": "60112", "REMARK": "Sungai Musiman"}, "geometry": {"type": "LineString", "coordinates": [[113.31592, -8.016046], [113.315813, -8.019444]]}}, {"type": "Feature", "properties": {"OBJECTID": 154032, "NAMOBJ": "", "FCODE": "60112", "REMARK": "Sungai Musiman"}, "geometry": {"type": "LineString", "coordinates": [[113.472194, -8.149059], [113.46973, -8.146191]]}}, {"type": "Feature", "properties": {"OBJECTID": 154034, "NAMOBJ": "", "FCODE": "60112", "REMARK": "Sungai Musiman"}, "geometry": {"type": "LineString", "coordinates": [[113.710505, -8.004], [113.712363, -8.010197]]}}, {"type": "Feature", "properties": {"OBJECTID": 154050, "NAMOBJ": "", "FCODE": "60112", "REMARK": "Sungai Musiman"}, "geometry": {"type": "LineString", "coordinates": [[113.745715, -8.318327], [113.747385, -8.315369]]}}, {"type": "Feature", "properties": {"OBJECTID": 154059, "NAMOBJ": "", "FCODE": "60112", "REMARK": "Sungai Musiman"}, "geometry": {"type": "LineString", "coordinates": [[113.745522, -8.361], [113.749999, -8.356887]]}}, {"type": "Feature", "properties": {"OBJECTID": 154069, "NAMOBJ": "", "FCODE": "60112", "REMARK": "Sungai Musiman"}, "geometry": {"type": "LineString", "coordinates": [[113.434337, -7.980445], [113.433319, -7.982383]]}}, {"type": "Feature", "properties": {"OBJECTID": 154077, "NAMOBJ": "", "FCODE": "60112", "REMARK": "Sungai Musiman"}, "geometry": {"type": "LineString", "coordinates": [[113.884484, -8.217837], [113.886598, -8.216272]]}}, {"type": "Feature", "properties": {"OBJECTID": 154088, "NAMOBJ": "", "FCODE": "60112", "REMARK": "Sungai Musiman"}, "geometry": {"type": "LineString", "coordinates": [[113.482901, -8.057028], [113.483565, -8.06108]]}}, {"type": "Feature", "properties": {"OBJECTID": 154089, "NAMOBJ": "", "FCODE": "60112", "REMARK": "Sungai Musiman"}, "geometry": {"type": "LineString", "coordinates": [[113.688339, -8.044904], [113.692832, -8.045703]]}}, {"type": "Feature", "properties": {"OBJECTID": 154094, "NAMOBJ": "", "FCODE": "60112", "REMARK": "Sungai Musiman"}, "geometry": {"type": "LineString", "coordinates": [[113.509068, -8.384152], [113.513243, -8.382889]]}}, {"type": "Feature", "properties": {"OBJECTID": 154096, "NAMOBJ": "", "FCODE": "60112", "REMARK": "Sungai Musiman"}, "geometry": {"type": "LineString", "coordinates": [[113.962821, -7.996217], [113.968839, -7.997753]]}}, {"type": "Feature", "properties": {"OBJECTID": 154098, "NAMOBJ": "", "FCODE": "60112", "REMARK": "Sungai Musiman"}, "geometry": {"type": "LineString", "coordinates": [[113.427071, -7.937026], [113.42294, -7.934383]]}}, {"type": "Feature", "properties": {"OBJECTID": 154100, "NAMOBJ": "", "FCODE": "60112", "REMARK": "Sungai Musiman"}, "geometry": {"type": "LineString", "coordinates": [[113.888121, -8.453676], [113.890522, -8.449648], [113.886176, -8.442143]]}}, {"type": "Feature", "properties": {"OBJECTID": 154104, "NAMOBJ": "", "FCODE": "60112", "REMARK": "Sungai Musiman"}, "geometry": {"type": "LineString", "coordinates": [[113.739685, -8.426123], [113.73203, -8.427498]]}}, {"type": "Feature", "properties": {"OBJECTID": 154107, "NAMOBJ": "", "FCODE": "60112", "REMARK": "Sungai Musiman"}, "geometry": {"type": "LineString", "coordinates": [[113.418903, -8.087359], [113.415598, -8.087797]]}}, {"type": "Feature", "properties": {"OBJECTID": 154112, "NAMOBJ": "", "FCODE": "60112", "REMARK": "Sungai Musiman"}, "geometry": {"type": "LineString", "coordinates": [[113.404209, -8.034801], [113.4036, -8.033124]]}}, {"type": "Feature", "properties": {"OBJECTID": 154224, "NAMOBJ": "", "FCODE": "60112", "REMARK": "Sungai Musiman"}, "geometry": {"type": "LineString", "coordinates": [[113.754866, -8.313458], [113.75034, -8.303642]]}}, {"type": "Feature", "properties": {"OBJECTID": 154228, "NAMOBJ": "", "FCODE": "60112", "REMARK": "Sungai Musiman"}, "geometry": {"type": "LineString", "coordinates": [[113.996664, -7.90571], [113.999366, -7.909537]]}}, {"type": "Feature", "properties": {"OBJECTID": 154231, "NAMOBJ": "", "FCODE": "60112", "REMARK": "Sungai Musiman"}, "geometry": {"type": "LineString", "coordinates": [[113.934812, -8.475658], [113.936163, -8.473248]]}}, {"type": "Feature", "properties": {"OBJECTID": 154232, "NAMOBJ": "", "FCODE": "60112", "REMARK": "Sungai Musiman"}, "geometry": {"type": "LineString", "coordinates": [[113.952596, -8.331375], [113.951876, -8.324449]]}}, {"type": "Feature", "properties": {"OBJECTID": 154240, "NAMOBJ": "", "FCODE": "60112", "REMARK": "Sungai Musiman"}, "geometry": {"type": "LineString", "coordinates": [[113.991968, -8.332619], [113.989195, -8.331105]]}}, {"type": "Feature", "properties": {"OBJECTID": 154243, "NAMOBJ": "", "FCODE": "60112", "REMARK": "Sungai Musiman"}, "geometry": {"type": "LineString", "coordinates": [[113.992551, -7.996439], [113.987339, -7.98776]]}}, {"type": "Feature", "properties": {"OBJECTID": 154250, "NAMOBJ": "", "FCODE": "60112", "REMARK": "Sungai Musiman"}, "geometry": {"type": "LineString", "coordinates": [[113.640806, -8.027115], [113.644789, -8.029985]]}}, {"type": "Feature", "properties": {"OBJECTID": 154259, "NAMOBJ": "", "FCODE": "60112", "REMARK": "Sungai Musiman"}, "geometry": {"type": "LineString", "coordinates": [[113.55117, -7.999066], [113.570357, -7.996658]]}}, {"type": "Feature", "properties": {"OBJECTID": 154270, "NAMOBJ": "", "FCODE": "60112", "REMARK": "Sungai Musiman"}, "geometry": {"type": "LineString", "coordinates": [[113.589303, -8.094966], [113.59662, -8.081044]]}}, {"type": "Feature", "properties": {"OBJECTID": 154288, "NAMOBJ": "", "FCODE": "60112", "REMARK": "Sungai Musiman"}, "geometry": {"type": "LineString", "coordinates": [[113.71959, -7.958169], [113.729404, -7.955615]]}}, {"type": "Feature", "properties": {"OBJECTID": 154291, "NAMOBJ": "", "FCODE": "60112", "REMARK": "Sungai Musiman"}, "geometry": {"type": "LineString", "coordinates": [[113.51108, -7.929514], [113.504711, -7.927174]]}}, {"type": "Feature", "properties": {"OBJECTID": 154296, "NAMOBJ": "", "FCODE": "60112", "REMARK": "Sungai Musiman"}, "geometry": {"type": "LineString", "coordinates": [[113.761893, -8.34788], [113.755665, -8.349486]]}}, {"type": "Feature", "properties": {"OBJECTID": 154297, "NAMOBJ": "", "FCODE": "60112", "REMARK": "Sungai Musiman"}, "geometry": {"type": "LineString", "coordinates": [[113.826539, -8.29444], [113.821948, -8.29011]]}}, {"type": "Feature", "properties": {"OBJECTID": 154301, "NAMOBJ": "", "FCODE": "60112", "REMARK": "Sungai Musiman"}, "geometry": {"type": "LineString", "coordinates": [[113.970918, -8.401679], [113.976995, -8.423405], [113.967942, -8.431229], [113.968354, -8.435131]]}}, {"type": "Feature", "properties": {"OBJECTID": 154309, "NAMOBJ": "", "FCODE": "60112", "REMARK": "Sungai Musiman"}, "geometry": {"type": "LineString", "coordinates": [[113.935308, -8.380764], [113.932888, -8.382208]]}}, {"type": "Feature", "properties": {"OBJECTID": 154419, "NAMOBJ": "", "FCODE": "60112", "REMARK": "Sungai Musiman"}, "geometry": {"type": "LineString", "coordinates": [[113.71876, -8.078744], [113.718299, -8.09611]]}}, {"type": "Feature", "properties": {"OBJECTID": 154422, "NAMOBJ": "", "FCODE": "60112", "REMARK": "Sungai Musiman"}, "geometry": {"type": "LineString", "coordinates": [[113.628068, -8.389874], [113.629825, -8.37934]]}}, {"type": "Feature", "properties": {"OBJECTID": 154427, "NAMOBJ": "", "FCODE": "60112", "REMARK": "Sungai Musiman"}, "geometry": {"type": "LineString", "coordinates": [[113.919422, -8.396355], [113.919353, -8.384945]]}}, {"type": "Feature", "properties": {"OBJECTID": 154434, "NAMOBJ": "", "FCODE": "60112", "REMARK": "Sungai Musiman"}, "geometry": {"type": "LineString", "coordinates": [[113.892787, -8.288646], [113.889273, -8.285876]]}}, {"type": "Feature", "properties": {"OBJECTID": 154440, "NAMOBJ": "", "FCODE": "60112", "REMARK": "Sungai Musiman"}, "geometry": {"type": "LineString", "coordinates": [[113.448074, -8.051428], [113.449881, -8.053456]]}}, {"type": "Feature", "properties": {"OBJECTID": 154444, "NAMOBJ": "", "FCODE": "60112", "REMARK": "Sungai Musiman"}, "geometry": {"type": "LineString", "coordinates": [[113.936962, -8.416361], [113.933234, -8.416572]]}}, {"type": "Feature", "properties": {"OBJECTID": 154449, "NAMOBJ": "", "FCODE": "60112", "REMARK": "Sungai Musiman"}, "geometry": {"type": "LineString", "coordinates": [[113.448591, -7.998417], [113.450406, -7.996869]]}}, {"type": "Feature", "properties": {"OBJECTID": 154455, "NAMOBJ": "", "FCODE": "60112", "REMARK": "Sungai Musiman"}, "geometry": {"type": "LineString", "coordinates": [[113.981939, -8.462794], [113.980332, -8.46639]]}}, {"type": "Feature", "properties": {"OBJECTID": 154474, "NAMOBJ": "", "FCODE": "60112", "REMARK": "Sungai Musiman"}, "geometry": {"type": "LineString", "coordinates": [[113.873267, -8.403995], [113.873973, -8.387252]]}}, {"type": "Feature", "properties": {"OBJECTID": 154490, "NAMOBJ": "", "FCODE": "60112", "REMARK": "Sungai Musiman"}, "geometry": {"type": "LineString", "coordinates": [[113.870205, -8.280004], [113.871612, -8.281677]]}}, {"type": "Feature", "properties": {"OBJECTID": 154491, "NAMOBJ": "", "FCODE": "60112", "REMARK": "Sungai Musiman"}, "geometry": {"type": "LineString", "coordinates": [[113.373918, -8.492473], [113.376839, -8.497135]]}}, {"type": "Feature", "properties": {"OBJECTID": 154492, "NAMOBJ": "", "FCODE": "60112", "REMARK": "Sungai Musiman"}, "geometry": {"type": "LineString", "coordinates": [[113.990408, -8.36362], [113.990024, -8.363391]]}}, {"type": "Feature", "properties": {"OBJECTID": 154496, "NAMOBJ": "", "FCODE": "60112", "REMARK": "Sungai Musiman"}, "geometry": {"type": "LineString", "coordinates": [[113.961067, -8.481043], [113.963262, -8.477335]]}}, {"type": "Feature", "properties": {"OBJECTID": 154510, "NAMOBJ": "", "FCODE": "60112", "REMARK": "Sungai Musiman"}, "geometry": {"type": "LineString", "coordinates": [[113.875053, -8.273502], [113.877176, -8.274696]]}}, {"type": "Feature", "properties": {"OBJECTID": 154616, "NAMOBJ": "", "FCODE": "60112", "REMARK": "Sungai Musiman"}, "geometry": {"type": "LineString", "coordinates": [[113.763603, -8.314654], [113.750213, -8.301036], [113.748274, -8.290214]]}}, {"type": "Feature", "properties": {"OBJECTID": 154617, "NAMOBJ": "", "FCODE": "60112", "REMARK": "Sungai Musiman"}, "geometry": {"type": "LineString", "coordinates": [[113.925669, -8.33627], [113.9327, -8.33679]]}}, {"type": "Feature", "properties": {"OBJECTID": 154622, "NAMOBJ": "", "FCODE": "60112", "REMARK": "Sungai Musiman"}, "geometry": {"type": "LineString", "coordinates": [[113.780859, -8.306453], [113.778181, -8.304173]]}}, {"type": "Feature", "properties": {"OBJECTID": 154627, "NAMOBJ": "", "FCODE": "60112", "REMARK": "Sungai Musiman"}, "geometry": {"type": "LineString", "coordinates": [[113.418979, -7.96535], [113.418979, -7.96535]]}}, {"type": "Feature", "properties": {"OBJECTID": 154636, "NAMOBJ": "", "FCODE": "60112", "REMARK": "Sungai Musiman"}, "geometry": {"type": "LineString", "coordinates": [[113.521101, -7.912621], [113.532716, -7.909016]]}}, {"type": "Feature", "properties": {"OBJECTID": 154643, "NAMOBJ": "", "FCODE": "60112", "REMARK": "Sungai Musiman"}, "geometry": {"type": "LineString", "coordinates": [[113.544534, -8.000159], [113.550635, -8.001809]]}}, {"type": "Feature", "properties": {"OBJECTID": 154648, "NAMOBJ": "", "FCODE": "60112", "REMARK": "Sungai Musiman"}, "geometry": {"type": "LineString", "coordinates": [[113.348765, -8.49535], [113.351346, -8.502645]]}}, {"type": "Feature", "properties": {"OBJECTID": 154649, "NAMOBJ": "", "FCODE": "60112", "REMARK": "Sungai Musiman"}, "geometry": {"type": "LineString", "coordinates": [[113.354531, -8.061111], [113.356855, -8.058258]]}}, {"type": "Feature", "properties": {"OBJECTID": 154652, "NAMOBJ": "", "FCODE": "60112", "REMARK": "Sungai Musiman"}, "geometry": {"type": "LineString", "coordinates": [[113.714487, -8.341643], [113.709509, -8.34433], [113.706152, -8.342358]]}}, {"type": "Feature", "properties": {"OBJECTID": 154662, "NAMOBJ": "", "FCODE": "60112", "REMARK": "Sungai Musiman"}, "geometry": {"type": "LineString", "coordinates": [[113.393848, -8.459426], [113.394781, -8.455639]]}}, {"type": "Feature", "properties": {"OBJECTID": 154669, "NAMOBJ": "", "FCODE": "60112", "REMARK": "Sungai Musiman"}, "geometry": {"type": "LineString", "coordinates": [[113.446647, -7.903602], [113.437435, -7.90297]]}}, {"type": "Feature", "properties": {"OBJECTID": 154694, "NAMOBJ": "", "FCODE": "60112", "REMARK": "Sungai Musiman"}, "geometry": {"type": "LineString", "coordinates": [[113.953558, -8.398388], [113.955163, -8.399453]]}}, {"type": "Feature", "properties": {"OBJECTID": 154699, "NAMOBJ": "", "FCODE": "60112", "REMARK": "Sungai Musiman"}, "geometry": {"type": "LineString", "coordinates": [[113.565988, -8.023244], [113.562706, -8.019962]]}}, {"type": "Feature", "properties": {"OBJECTID": 154707, "NAMOBJ": "", "FCODE": "60112", "REMARK": "Sungai Musiman"}, "geometry": {"type": "LineString", "coordinates": [[113.698185, -8.048177], [113.703229, -8.047594]]}}, {"type": "Feature", "properties": {"OBJECTID": 154814, "NAMOBJ": "", "FCODE": "60112", "REMARK": "Sungai Musiman"}, "geometry": {"type": "LineString", "coordinates": [[113.869114, -8.400672], [113.8649, -8.401931]]}}, {"type": "Feature", "properties": {"OBJECTID": 154824, "NAMOBJ": "", "FCODE": "60112", "REMARK": "Sungai Musiman"}, "geometry": {"type": "LineString", "coordinates": [[113.304605, -8.454481], [113.305385, -8.450339]]}}, {"type": "Feature", "properties": {"OBJECTID": 154827, "NAMOBJ": "", "FCODE": "60112", "REMARK": "Sungai Musiman"}, "geometry": {"type": "LineString", "coordinates": [[113.978967, -8.185768], [113.97593, -8.187648]]}}, {"type": "Feature", "properties": {"OBJECTID": 154832, "NAMOBJ": "", "FCODE": "60112", "REMARK": "Sungai Musiman"}, "geometry": {"type": "LineString", "coordinates": [[113.974322, -8.222064], [113.975641, -8.226618]]}}, {"type": "Feature", "properties": {"OBJECTID": 154855, "NAMOBJ": "", "FCODE": "60112", "REMARK": "Sungai Musiman"}, "geometry": {"type": "LineString", "coordinates": [[113.558051, -8.071631], [113.564389, -8.049876]]}}, {"type": "Feature", "properties": {"OBJECTID": 154856, "NAMOBJ": "", "FCODE": "60112", "REMARK": "Sungai Musiman"}, "geometry": {"type": "LineString", "coordinates": [[113.746879, -8.206081], [113.750902, -8.204845]]}}, {"type": "Feature", "properties": {"OBJECTID": 154865, "NAMOBJ": "", "FCODE": "60112", "REMARK": "Sungai Musiman"}, "geometry": {"type": "LineString", "coordinates": [[113.791956, -8.263762], [113.786851, -8.261911]]}}, {"type": "Feature", "properties": {"OBJECTID": 154867, "NAMOBJ": "", "FCODE": "60112", "REMARK": "Sungai Musiman"}, "geometry": {"type": "LineString", "coordinates": [[113.427377, -8.079551], [113.421927, -8.083185]]}}, {"type": "Feature", "properties": {"OBJECTID": 154869, "NAMOBJ": "", "FCODE": "60112", "REMARK": "Sungai Musiman"}, "geometry": {"type": "LineString", "coordinates": [[113.485667, -8.406686], [113.47943, -8.403358]]}}, {"type": "Feature", "properties": {"OBJECTID": 154878, "NAMOBJ": "", "FCODE": "60112", "REMARK": "Sungai Musiman"}, "geometry": {"type": "LineString", "coordinates": [[113.842384, -8.343602], [113.837009, -8.344978]]}}, {"type": "Feature", "properties": {"OBJECTID": 154898, "NAMOBJ": "", "FCODE": "60112", "REMARK": "Sungai Musiman"}, "geometry": {"type": "LineString", "coordinates": [[113.744183, -8.305529], [113.741644, -8.301823]]}}, {"type": "Feature", "properties": {"OBJECTID": 154903, "NAMOBJ": "", "FCODE": "60112", "REMARK": "Sungai Musiman"}, "geometry": {"type": "LineString", "coordinates": [[113.893786, -8.275661], [113.898212, -8.279058]]}}, {"type": "Feature", "properties": {"OBJECTID": 154911, "NAMOBJ": "", "FCODE": "60112", "REMARK": "Sungai Musiman"}, "geometry": {"type": "LineString", "coordinates": [[113.997113, -8.171393], [113.990101, -8.177729]]}}, {"type": "Feature", "properties": {"OBJECTID": 158570, "NAMOBJ": "", "FCODE": "60112", "REMARK": "Sungai Musiman"}, "geometry": {"type": "LineString", "coordinates": [[113.820066, -8.198905], [113.816201, -8.202989]]}}, {"type": "Feature", "properties": {"OBJECTID": 158577, "NAMOBJ": "", "FCODE": "60112", "REMARK": "Sungai Musiman"}, "geometry": {"type": "LineString", "coordinates": [[113.809798, -8.37371], [113.814611, -8.367263]]}}, {"type": "Feature", "properties": {"OBJECTID": 158584, "NAMOBJ": "", "FCODE": "60112", "REMARK": "Sungai Musiman"}, "geometry": {"type": "LineString", "coordinates": [[113.869029, -8.334211], [113.870439, -8.332448]]}}, {"type": "Feature", "properties": {"OBJECTID": 158589, "NAMOBJ": "", "FCODE": "60112", "REMARK": "Sungai Musiman"}, "geometry": {"type": "LineString", "coordinates": [[113.86732, -8.486212], [113.860016, -8.500065]]}}, {"type": "Feature", "properties": {"OBJECTID": 158597, "NAMOBJ": "", "FCODE": "60112", "REMARK": "Sungai Musiman"}, "geometry": {"type": "LineString", "coordinates": [[113.578799, -8.033385], [113.579392, -8.027255]]}}, {"type": "Feature", "properties": {"OBJECTID": 158600, "NAMOBJ": "", "FCODE": "60112", "REMARK": "Sungai Musiman"}, "geometry": {"type": "LineString", "coordinates": [[113.915236, -8.255193], [113.910845, -8.262348]]}}, {"type": "Feature", "properties": {"OBJECTID": 158606, "NAMOBJ": "", "FCODE": "60112", "REMARK": "Sungai Musiman"}, "geometry": {"type": "LineString", "coordinates": [[113.91646, -8.47877], [113.925172, -8.467668], [113.911915, -8.451001], [113.910139, -8.441965]]}}, {"type": "Feature", "properties": {"OBJECTID": 158613, "NAMOBJ": "", "FCODE": "60112", "REMARK": "Sungai Musiman"}, "geometry": {"type": "LineString", "coordinates": [[113.882517, -8.230287], [113.888951, -8.237001]]}}, {"type": "Feature", "properties": {"OBJECTID": 158726, "NAMOBJ": "", "FCODE": "60112", "REMARK": "Sungai Musiman"}, "geometry": {"type": "LineString", "coordinates": [[113.937767, -8.386029], [113.927657, -8.376967]]}}, {"type": "Feature", "properties": {"OBJECTID": 158728, "NAMOBJ": "", "FCODE": "60112", "REMARK": "Sungai Musiman"}, "geometry": {"type": "LineString", "coordinates": [[113.517474, -8.068923], [113.524324, -8.055334]]}}, {"type": "Feature", "properties": {"OBJECTID": 158735, "NAMOBJ": "", "FCODE": "60112", "REMARK": "Sungai Musiman"}, "geometry": {"type": "LineString", "coordinates": [[113.552341, -8.425463], [113.554804, -8.421082]]}}, {"type": "Feature", "properties": {"OBJECTID": 158737, "NAMOBJ": "", "FCODE": "60112", "REMARK": "Sungai Musiman"}, "geometry": {"type": "LineString", "coordinates": [[113.900739, -8.453662], [113.915522, -8.45666]]}}, {"type": "Feature", "properties": {"OBJECTID": 158741, "NAMOBJ": "", "FCODE": "60112", "REMARK": "Sungai Musiman"}, "geometry": {"type": "LineString", "coordinates": [[113.870322, -8.277616], [113.86827, -8.275381]]}}, {"type": "Feature", "properties": {"OBJECTID": 158754, "NAMOBJ": "", "FCODE": "60112", "REMARK": "Sungai Musiman"}, "geometry": {"type": "LineString", "coordinates": [[113.65928, -8.157289], [113.659935, -8.153985]]}}, {"type": "Feature", "properties": {"OBJECTID": 158755, "NAMOBJ": "", "FCODE": "60112", "REMARK": "Sungai Musiman"}, "geometry": {"type": "LineString", "coordinates": [[113.873829, -8.376756], [113.870832, -8.374571], [113.861418, -8.37722]]}}, {"type": "Feature", "properties": {"OBJECTID": 158760, "NAMOBJ": "", "FCODE": "60112", "REMARK": "Sungai Musiman"}, "geometry": {"type": "LineString", "coordinates": [[113.46806, -8.03965], [113.457575, -8.05365]]}}, {"type": "Feature", "properties": {"OBJECTID": 158776, "NAMOBJ": "", "FCODE": "60112", "REMARK": "Sungai Musiman"}, "geometry": {"type": "LineString", "coordinates": [[113.698236, -8.346146], [113.700255, -8.341488]]}}, {"type": "Feature", "properties": {"OBJECTID": 158786, "NAMOBJ": "", "FCODE": "60112", "REMARK": "Sungai Musiman"}, "geometry": {"type": "LineString", "coordinates": [[113.391093, -8.015831], [113.39211, -8.013252]]}}, {"type": "Feature", "properties": {"OBJECTID": 158791, "NAMOBJ": "", "FCODE": "60112", "REMARK": "Sungai Musiman"}, "geometry": {"type": "LineString", "coordinates": [[113.951931, -8.230532], [113.947388, -8.235377]]}}, {"type": "Feature", "properties": {"OBJECTID": 158801, "NAMOBJ": "", "FCODE": "60112", "REMARK": "Sungai Musiman"}, "geometry": {"type": "LineString", "coordinates": [[113.482828, -8.005963], [113.483418, -7.999724]]}}, {"type": "Feature", "properties": {"OBJECTID": 158807, "NAMOBJ": "", "FCODE": "60112", "REMARK": "Sungai Musiman"}, "geometry": {"type": "LineString", "coordinates": [[113.994249, -8.014795], [113.966262, -7.982211]]}}, {"type": "Feature", "properties": {"OBJECTID": 158920, "NAMOBJ": "", "FCODE": "60112", "REMARK": "Sungai Musiman"}, "geometry": {"type": "LineString", "coordinates": [[113.491956, -7.931233], [113.489841, -7.932999]]}}, {"type": "Feature", "properties": {"OBJECTID": 158930, "NAMOBJ": "", "FCODE": "60112", "REMARK": "Sungai Musiman"}, "geometry": {"type": "LineString", "coordinates": [[113.896113, -8.477293], [113.895424, -8.472033]]}}, {"type": "Feature", "properties": {"OBJECTID": 158941, "NAMOBJ": "", "FCODE": "60112", "REMARK": "Sungai Musiman"}, "geometry": {"type": "LineString", "coordinates": [[113.782173, -8.075353], [113.780529, -8.070637], [113.787803, -8.063814]]}}, {"type": "Feature", "properties": {"OBJECTID": 158946, "NAMOBJ": "", "FCODE": "60112", "REMARK": "Sungai Musiman"}, "geometry": {"type": "LineString", "coordinates": [[113.930444, -8.317869], [113.937136, -8.314751]]}}, {"type": "Feature", "properties": {"OBJECTID": 158976, "NAMOBJ": "", "FCODE": "60112", "REMARK": "Sungai Musiman"}, "geometry": {"type": "LineString", "coordinates": [[113.5571, -7.985765], [113.559078, -7.989262]]}}, {"type": "Feature", "properties": {"OBJECTID": 158978, "NAMOBJ": "", "FCODE": "60112", "REMARK": "Sungai Musiman"}, "geometry": {"type": "LineString", "coordinates": [[113.839512, -8.314031], [113.841896, -8.311303]]}}, {"type": "Feature", "properties": {"OBJECTID": 158988, "NAMOBJ": "", "FCODE": "60112", "REMARK": "Sungai Musiman"}, "geometry": {"type": "LineString", "coordinates": [[113.506577, -7.94043], [113.501737, -7.928596]]}}, {"type": "Feature", "properties": {"OBJECTID": 158992, "NAMOBJ": "", "FCODE": "60112", "REMARK": "Sungai Musiman"}, "geometry": {"type": "LineString", "coordinates": [[113.497087, -8.032668], [113.493631, -8.030047]]}}, {"type": "Feature", "properties": {"OBJECTID": 158995, "NAMOBJ": "", "FCODE": "60112", "REMARK": "Sungai Musiman"}, "geometry": {"type": "LineString", "coordinates": [[113.833406, -8.289075], [113.836022, -8.283197]]}}, {"type": "Feature", "properties": {"OBJECTID": 158996, "NAMOBJ": "", "FCODE": "60112", "REMARK": "Sungai Musiman"}, "geometry": {"type": "LineString", "coordinates": [[113.684138, -8.353644], [113.67969, -8.353644]]}}, {"type": "Feature", "properties": {"OBJECTID": 159000, "NAMOBJ": "", "FCODE": "60112", "REMARK": "Sungai Musiman"}, "geometry": {"type": "LineString", "coordinates": [[113.544679, -7.97431], [113.54242, -7.970768]]}}, {"type": "Feature", "properties": {"OBJECTID": 159010, "NAMOBJ": "", "FCODE": "60112", "REMARK": "Sungai Musiman"}, "geometry": {"type": "LineString", "coordinates": [[113.628495, -8.403696], [113.622312, -8.411064]]}}, {"type": "Feature", "properties": {"OBJECTID": 159116, "NAMOBJ": "", "FCODE": "60112", "REMARK": "Sungai Musiman"}, "geometry": {"type": "LineString", "coordinates": [[113.733379, -7.939801], [113.734392, -7.93625]]}}, {"type": "Feature", "properties": {"OBJECTID": 159117, "NAMOBJ": "", "FCODE": "60112", "REMARK": "Sungai Musiman"}, "geometry": {"type": "LineString", "coordinates": [[113.905406, -8.172407], [113.916537, -8.170146]]}}, {"type": "Feature", "properties": {"OBJECTID": 159138, "NAMOBJ": "", "FCODE": "60112", "REMARK": "Sungai Musiman"}, "geometry": {"type": "LineString", "coordinates": [[113.756611, -8.290296], [113.768787, -8.290724]]}}, {"type": "Feature", "properties": {"OBJECTID": 159146, "NAMOBJ": "", "FCODE": "60112", "REMARK": "Sungai Musiman"}, "geometry": {"type": "LineString", "coordinates": [[113.866404, -8.349452], [113.870927, -8.34938]]}}, {"type": "Feature", "properties": {"OBJECTID": 159152, "NAMOBJ": "", "FCODE": "60112", "REMARK": "Sungai Musiman"}, "geometry": {"type": "LineString", "coordinates": [[113.410468, -8.023726], [113.410712, -8.02876]]}}, {"type": "Feature", "properties": {"OBJECTID": 159167, "NAMOBJ": "", "FCODE": "60112", "REMARK": "Sungai Musiman"}, "geometry": {"type": "LineString", "coordinates": [[114.006778, -7.941871], [113.993519, -7.933092]]}}, {"type": "Feature", "properties": {"OBJECTID": 159170, "NAMOBJ": "", "FCODE": "60112", "REMARK": "Sungai Musiman"}, "geometry": {"type": "LineString", "coordinates": [[113.498358, -8.023478], [113.494312, -8.024191], [113.493744, -8.027032]]}}, {"type": "Feature", "properties": {"OBJECTID": 159171, "NAMOBJ": "", "FCODE": "60112", "REMARK": "Sungai Musiman"}, "geometry": {"type": "LineString", "coordinates": [[113.348716, -7.956835], [113.351678, -7.944085]]}}, {"type": "Feature", "properties": {"OBJECTID": 159199, "NAMOBJ": "", "FCODE": "60112", "REMARK": "Sungai Musiman"}, "geometry": {"type": "LineString", "coordinates": [[113.399967, -7.923389], [113.39964, -7.920512]]}}, {"type": "Feature", "properties": {"OBJECTID": 159202, "NAMOBJ": "", "FCODE": "60112", "REMARK": "Sungai Musiman"}, "geometry": {"type": "LineString", "coordinates": [[113.984886, -7.923354], [113.985523, -7.921666]]}}, {"type": "Feature", "properties": {"OBJECTID": 159208, "NAMOBJ": "", "FCODE": "60112", "REMARK": "Sungai Musiman"}, "geometry": {"type": "LineString", "coordinates": [[113.77454, -8.054526], [113.779018, -8.06237]]}}, {"type": "Feature", "properties": {"OBJECTID": 159519, "NAMOBJ": "", "FCODE": "60112", "REMARK": "Sungai Musiman"}, "geometry": {"type": "LineString", "coordinates": [[113.525924, -8.169092], [113.520287, -8.192254]]}}, {"type": "Feature", "properties": {"OBJECTID": 159535, "NAMOBJ": "", "FCODE": "60112", "REMARK": "Sungai Musiman"}, "geometry": {"type": "LineString", "coordinates": [[113.962581, -8.185809], [113.969964, -8.179989]]}}, {"type": "Feature", "properties": {"OBJECTID": 159536, "NAMOBJ": "", "FCODE": "60112", "REMARK": "Sungai Musiman"}, "geometry": {"type": "LineString", "coordinates": [[113.990815, -7.907868], [113.991486, -7.906431]]}}, {"type": "Feature", "properties": {"OBJECTID": 159540, "NAMOBJ": "", "FCODE": "60112", "REMARK": "Sungai Musiman"}, "geometry": {"type": "LineString", "coordinates": [[113.933942, -8.425427], [113.934994, -8.439555], [113.940886, -8.440534], [113.958526, -8.467488], [113.965118, -8.466215], [113.968544, -8.46931]]}}, {"type": "Feature", "properties": {"OBJECTID": 159546, "NAMOBJ": "", "FCODE": "60112", "REMARK": "Sungai Musiman"}, "geometry": {"type": "LineString", "coordinates": [[113.726252, -7.951058], [113.71995, -7.948172], [113.7107, -7.953322]]}}, {"type": "Feature", "properties": {"OBJECTID": 159550, "NAMOBJ": "", "FCODE": "60112", "REMARK": "Sungai Musiman"}, "geometry": {"type": "LineString", "coordinates": [[113.907386, -8.167448], [113.90441, -8.168159]]}}, {"type": "Feature", "properties": {"OBJECTID": 159554, "NAMOBJ": "", "FCODE": "60112", "REMARK": "Sungai Musiman"}, "geometry": {"type": "LineString", "coordinates": [[113.624594, -7.931443], [113.6403, -7.928955], [113.643958, -7.931055], [113.662935, -7.921613]]}}, {"type": "Feature", "properties": {"OBJECTID": 159561, "NAMOBJ": "", "FCODE": "60112", "REMARK": "Sungai Musiman"}, "geometry": {"type": "LineString", "coordinates": [[113.72892, -8.332764], [113.72902, -8.335418]]}}, {"type": "Feature", "properties": {"OBJECTID": 159569, "NAMOBJ": "", "FCODE": "60112", "REMARK": "Sungai Musiman"}, "geometry": {"type": "LineString", "coordinates": [[113.450888, -8.072522], [113.448094, -8.071952]]}}, {"type": "Feature", "properties": {"OBJECTID": 159573, "NAMOBJ": "", "FCODE": "60112", "REMARK": "Sungai Musiman"}, "geometry": {"type": "LineString", "coordinates": [[113.950636, -8.402228], [113.953193, -8.401019]]}}, {"type": "Feature", "properties": {"OBJECTID": 159576, "NAMOBJ": "", "FCODE": "60112", "REMARK": "Sungai Musiman"}, "geometry": {"type": "LineString", "coordinates": [[113.674715, -7.981265], [113.673626, -7.983879]]}}, {"type": "Feature", "properties": {"OBJECTID": 159581, "NAMOBJ": "", "FCODE": "60112", "REMARK": "Sungai Musiman"}, "geometry": {"type": "LineString", "coordinates": [[113.647079, -8.00828], [113.64241, -8.00084]]}}, {"type": "Feature", "properties": {"OBJECTID": 159583, "NAMOBJ": "", "FCODE": "60112", "REMARK": "Sungai Musiman"}, "geometry": {"type": "LineString", "coordinates": [[113.562514, -7.973178], [113.559341, -7.97485]]}}, {"type": "Feature", "properties": {"OBJECTID": 159590, "NAMOBJ": "", "FCODE": "60112", "REMARK": "Sungai Musiman"}, "geometry": {"type": "LineString", "coordinates": [[113.649107, -8.484848], [113.654966, -8.483994], [113.665862, -8.468395], [113.672479, -8.464148], [113.68822, -8.458616], [113.694864, -8.460389]]}}, {"type": "Feature", "properties": {"OBJECTID": 159602, "NAMOBJ": "", "FCODE": "60112", "REMARK": "Sungai Musiman"}, "geometry": {"type": "LineString", "coordinates": [[113.788847, -8.266391], [113.793641, -8.264077]]}}, {"type": "Feature", "properties": {"OBJECTID": 159604, "NAMOBJ": "", "FCODE": "60112", "REMARK": "Sungai Musiman"}, "geometry": {"type": "LineString", "coordinates": [[113.898659, -8.475992], [113.90028, -8.474222]]}}, {"type": "Feature", "properties": {"OBJECTID": 159714, "NAMOBJ": "", "FCODE": "60112", "REMARK": "Sungai Musiman"}, "geometry": {"type": "LineString", "coordinates": [[113.303538, -8.462164], [113.306194, -8.464221]]}}, {"type": "Feature", "properties": {"OBJECTID": 159716, "NAMOBJ": "", "FCODE": "60112", "REMARK": "Sungai Musiman"}, "geometry": {"type": "LineString", "coordinates": [[113.976065, -8.359071], [113.980631, -8.358337]]}}, {"type": "Feature", "properties": {"OBJECTID": 159720, "NAMOBJ": "", "FCODE": "60112", "REMARK": "Sungai Musiman"}, "geometry": {"type": "LineString", "coordinates": [[113.849648, -8.292845], [113.854258, -8.289694], [113.854897, -8.273125]]}}, {"type": "Feature", "properties": {"OBJECTID": 159721, "NAMOBJ": "", "FCODE": "60112", "REMARK": "Sungai Musiman"}, "geometry": {"type": "LineString", "coordinates": [[113.532991, -8.050547], [113.535419, -8.050781]]}}, {"type": "Feature", "properties": {"OBJECTID": 159732, "NAMOBJ": "", "FCODE": "60112", "REMARK": "Sungai Musiman"}, "geometry": {"type": "LineString", "coordinates": [[113.399243, -8.04369], [113.397824, -8.048694]]}}, {"type": "Feature", "properties": {"OBJECTID": 159739, "NAMOBJ": "", "FCODE": "60112", "REMARK": "Sungai Musiman"}, "geometry": {"type": "LineString", "coordinates": [[113.863017, -8.31706], [113.864603, -8.317827]]}}, {"type": "Feature", "properties": {"OBJECTID": 159749, "NAMOBJ": "", "FCODE": "60112", "REMARK": "Sungai Musiman"}, "geometry": {"type": "LineString", "coordinates": [[113.817039, -8.312794], [113.819536, -8.314896]]}}, {"type": "Feature", "properties": {"OBJECTID": 159753, "NAMOBJ": "", "FCODE": "60112", "REMARK": "Sungai Musiman"}, "geometry": {"type": "LineString", "coordinates": [[113.578603, -8.162255], [113.586113, -8.165441]]}}, {"type": "Feature", "properties": {"OBJECTID": 159756, "NAMOBJ": "", "FCODE": "60112", "REMARK": "Sungai Musiman"}, "geometry": {"type": "LineString", "coordinates": [[113.910604, -8.436172], [113.914298, -8.433187]]}}, {"type": "Feature", "properties": {"OBJECTID": 159761, "NAMOBJ": "", "FCODE": "60112", "REMARK": "Sungai Musiman"}, "geometry": {"type": "LineString", "coordinates": [[113.99429, -8.235361], [113.992173, -8.235853]]}}, {"type": "Feature", "properties": {"OBJECTID": 159768, "NAMOBJ": "", "FCODE": "60112", "REMARK": "Sungai Musiman"}, "geometry": {"type": "LineString", "coordinates": [[113.306333, -7.925025], [113.294946, -7.925644]]}}, {"type": "Feature", "properties": {"OBJECTID": 159772, "NAMOBJ": "", "FCODE": "60112", "REMARK": "Sungai Musiman"}, "geometry": {"type": "LineString", "coordinates": [[113.38584, -8.005274], [113.38095, -8.008954]]}}, {"type": "Feature", "properties": {"OBJECTID": 159777, "NAMOBJ": "", "FCODE": "60112", "REMARK": "Sungai Musiman"}, "geometry": {"type": "LineString", "coordinates": [[113.89921, -8.453539], [113.897907, -8.461475]]}}, {"type": "Feature", "properties": {"OBJECTID": 159779, "NAMOBJ": "", "FCODE": "60112", "REMARK": "Sungai Musiman"}, "geometry": {"type": "LineString", "coordinates": [[113.369061, -8.493628], [113.372297, -8.494563]]}}, {"type": "Feature", "properties": {"OBJECTID": 159786, "NAMOBJ": "", "FCODE": "60112", "REMARK": "Sungai Musiman"}, "geometry": {"type": "LineString", "coordinates": [[113.308653, -8.455411], [113.307087, -8.450715]]}}, {"type": "Feature", "properties": {"OBJECTID": 159791, "NAMOBJ": "", "FCODE": "60112", "REMARK": "Sungai Musiman"}, "geometry": {"type": "LineString", "coordinates": [[113.322179, -8.458886], [113.32364, -8.452956]]}}, {"type": "Feature", "properties": {"OBJECTID": 163831, "NAMOBJ": "", "FCODE": "60112", "REMARK": "Sungai Musiman"}, "geometry": {"type": "LineString", "coordinates": [[113.822122, -8.207135], [113.824283, -8.213128], [113.819692, -8.219784]]}}, {"type": "Feature", "properties": {"OBJECTID": 163839, "NAMOBJ": "", "FCODE": "60112", "REMARK": "Sungai Musiman"}, "geometry": {"type": "LineString", "coordinates": [[113.98324, -7.906377], [113.977271, -7.899037]]}}, {"type": "Feature", "properties": {"OBJECTID": 163841, "NAMOBJ": "", "FCODE": "60112", "REMARK": "Sungai Musiman"}, "geometry": {"type": "LineString", "coordinates": [[113.512615, -8.109685], [113.515506, -8.105639], [113.512764, -8.091779]]}}, {"type": "Feature", "properties": {"OBJECTID": 163845, "NAMOBJ": "", "FCODE": "60112", "REMARK": "Sungai Musiman"}, "geometry": {"type": "LineString", "coordinates": [[113.89043, -8.388066], [113.89124, -8.38513]]}}, {"type": "Feature", "properties": {"OBJECTID": 163852, "NAMOBJ": "", "FCODE": "60112", "REMARK": "Sungai Musiman"}, "geometry": {"type": "LineString", "coordinates": [[113.957542, -8.193885], [113.972341, -8.186726]]}}, {"type": "Feature", "properties": {"OBJECTID": 163857, "NAMOBJ": "", "FCODE": "60112", "REMARK": "Sungai Musiman"}, "geometry": {"type": "LineString", "coordinates": [[113.70468, -7.968937], [113.714376, -7.972017]]}}, {"type": "Feature", "properties": {"OBJECTID": 163861, "NAMOBJ": "", "FCODE": "60112", "REMARK": "Sungai Musiman"}, "geometry": {"type": "LineString", "coordinates": [[113.552829, -8.004675], [113.555357, -8.007822]]}}, {"type": "Feature", "properties": {"OBJECTID": 163864, "NAMOBJ": "", "FCODE": "60112", "REMARK": "Sungai Musiman"}, "geometry": {"type": "LineString", "coordinates": [[113.582273, -7.90401], [113.585815, -7.902069]]}}, {"type": "Feature", "properties": {"OBJECTID": 163885, "NAMOBJ": "", "FCODE": "60112", "REMARK": "Sungai Musiman"}, "geometry": {"type": "LineString", "coordinates": [[113.469534, -8.05808], [113.468048, -8.062895], [113.461501, -8.06539], [113.459133, -8.070949]]}}, {"type": "Feature", "properties": {"OBJECTID": 163889, "NAMOBJ": "", "FCODE": "60112", "REMARK": "Sungai Musiman"}, "geometry": {"type": "LineString", "coordinates": [[113.983782, -7.907863], [113.98251, -7.908438]]}}, {"type": "Feature", "properties": {"OBJECTID": 163892, "NAMOBJ": "", "FCODE": "60112", "REMARK": "Sungai Musiman"}, "geometry": {"type": "LineString", "coordinates": [[113.964915, -8.091152], [113.957729, -8.09061]]}}, {"type": "Feature", "properties": {"OBJECTID": 163907, "NAMOBJ": "", "FCODE": "60112", "REMARK": "Sungai Musiman"}, "geometry": {"type": "LineString", "coordinates": [[113.302884, -7.91641], [113.300453, -7.9129]]}}, {"type": "Feature", "properties": {"OBJECTID": 163912, "NAMOBJ": "", "FCODE": "60112", "REMARK": "Sungai Musiman"}, "geometry": {"type": "LineString", "coordinates": [[113.967777, -8.072083], [113.961178, -8.067557]]}}, {"type": "Feature", "properties": {"OBJECTID": 164114, "NAMOBJ": "", "FCODE": "60112", "REMARK": "Sungai Musiman"}, "geometry": {"type": "LineString", "coordinates": [[113.687936, -8.054413], [113.684492, -8.056054]]}}, {"type": "Feature", "properties": {"OBJECTID": 164115, "NAMOBJ": "", "FCODE": "60112", "REMARK": "Sungai Musiman"}, "geometry": {"type": "LineString", "coordinates": [[113.987015, -8.397873], [113.989873, -8.39704]]}}, {"type": "Feature", "properties": {"OBJECTID": 164134, "NAMOBJ": "", "FCODE": "60112", "REMARK": "Sungai Musiman"}, "geometry": {"type": "LineString", "coordinates": [[113.977019, -8.346558], [113.976533, -8.33376], [113.972095, -8.320678], [113.968088, -8.317424], [113.970181, -8.315035], [113.968585, -8.313011]]}}, {"type": "Feature", "properties": {"OBJECTID": 164136, "NAMOBJ": "", "FCODE": "60112", "REMARK": "Sungai Musiman"}, "geometry": {"type": "LineString", "coordinates": [[113.860869, -8.348132], [113.856076, -8.347416]]}}, {"type": "Feature", "properties": {"OBJECTID": 164141, "NAMOBJ": "", "FCODE": "60112", "REMARK": "Sungai Musiman"}, "geometry": {"type": "LineString", "coordinates": [[113.612589, -8.056403], [113.612255, -8.051906]]}}, {"type": "Feature", "properties": {"OBJECTID": 164144, "NAMOBJ": "", "FCODE": "60112", "REMARK": "Sungai Musiman"}, "geometry": {"type": "LineString", "coordinates": [[113.990508, -7.913853], [113.989416, -7.914377]]}}, {"type": "Feature", "properties": {"OBJECTID": 164149, "NAMOBJ": "", "FCODE": "60112", "REMARK": "Sungai Musiman"}, "geometry": {"type": "LineString", "coordinates": [[113.900716, -8.106811], [113.897668, -8.104278]]}}, {"type": "Feature", "properties": {"OBJECTID": 164153, "NAMOBJ": "", "FCODE": "60112", "REMARK": "Sungai Musiman"}, "geometry": {"type": "LineString", "coordinates": [[113.979992, -8.181802], [113.972568, -8.192894]]}}, {"type": "Feature", "properties": {"OBJECTID": 164166, "NAMOBJ": "", "FCODE": "60112", "REMARK": "Sungai Musiman"}, "geometry": {"type": "LineString", "coordinates": [[113.527122, -7.916061], [113.521012, -7.916633]]}}, {"type": "Feature", "properties": {"OBJECTID": 164167, "NAMOBJ": "", "FCODE": "60112", "REMARK": "Sungai Musiman"}, "geometry": {"type": "LineString", "coordinates": [[113.800346, -8.330377], [113.804713, -8.334341], [113.814017, -8.336196], [113.818261, -8.332543]]}}, {"type": "Feature", "properties": {"OBJECTID": 164169, "NAMOBJ": "", "FCODE": "60112", "REMARK": "Sungai Musiman"}, "geometry": {"type": "LineString", "coordinates": [[113.979131, -8.028047], [113.973417, -8.022375]]}}, {"type": "Feature", "properties": {"OBJECTID": 164173, "NAMOBJ": "", "FCODE": "60112", "REMARK": "Sungai Musiman"}, "geometry": {"type": "LineString", "coordinates": [[113.875406, -8.407953], [113.871547, -8.411002]]}}, {"type": "Feature", "properties": {"OBJECTID": 164177, "NAMOBJ": "", "FCODE": "60112", "REMARK": "Sungai Musiman"}, "geometry": {"type": "LineString", "coordinates": [[113.685309, -8.349255], [113.683496, -8.343095]]}}, {"type": "Feature", "properties": {"OBJECTID": 164189, "NAMOBJ": "", "FCODE": "60112", "REMARK": "Sungai Musiman"}, "geometry": {"type": "LineString", "coordinates": [[113.544985, -8.424629], [113.547096, -8.419875]]}}, {"type": "Feature", "properties": {"OBJECTID": 164191, "NAMOBJ": "", "FCODE": "60112", "REMARK": "Sungai Musiman"}, "geometry": {"type": "LineString", "coordinates": [[113.957858, -8.481541], [113.959236, -8.487004]]}}, {"type": "Feature", "properties": {"OBJECTID": 164202, "NAMOBJ": "", "FCODE": "60112", "REMARK": "Sungai Musiman"}, "geometry": {"type": "LineString", "coordinates": [[113.751674, -7.91417], [113.761268, -7.911468]]}}, {"type": "Feature", "properties": {"OBJECTID": 164203, "NAMOBJ": "", "FCODE": "60112", "REMARK": "Sungai Musiman"}, "geometry": {"type": "LineString", "coordinates": [[113.814621, -8.445569], [113.820417, -8.443116], [113.827759, -8.433326]]}}, {"type": "Feature", "properties": {"OBJECTID": 164205, "NAMOBJ": "", "FCODE": "60112", "REMARK": "Sungai Musiman"}, "geometry": {"type": "LineString", "coordinates": [[113.701042, -8.346337], [113.698766, -8.351151]]}}, {"type": "Feature", "properties": {"OBJECTID": 164334, "NAMOBJ": "", "FCODE": "60112", "REMARK": "Sungai Musiman"}, "geometry": {"type": "LineString", "coordinates": [[113.406759, -8.037595], [113.401717, -8.036647], [113.394827, -8.040969], [113.39228, -8.052506], [113.389862, -8.053749]]}}, {"type": "Feature", "properties": {"OBJECTID": 164337, "NAMOBJ": "", "FCODE": "60112", "REMARK": "Sungai Musiman"}, "geometry": {"type": "LineString", "coordinates": [[113.689287, -8.352467], [113.690584, -8.345439], [113.686945, -8.343439]]}}, {"type": "Feature", "properties": {"OBJECTID": 164338, "NAMOBJ": "", "FCODE": "60112", "REMARK": "Sungai Musiman"}, "geometry": {"type": "LineString", "coordinates": [[113.450259, -7.999662], [113.452092, -7.991745]]}}, {"type": "Feature", "properties": {"OBJECTID": 164345, "NAMOBJ": "", "FCODE": "60112", "REMARK": "Sungai Musiman"}, "geometry": {"type": "LineString", "coordinates": [[113.643684, -7.987466], [113.645928, -7.990095]]}}, {"type": "Feature", "properties": {"OBJECTID": 164346, "NAMOBJ": "", "FCODE": "60112", "REMARK": "Sungai Musiman"}, "geometry": {"type": "LineString", "coordinates": [[113.593374, -8.103035], [113.594229, -8.096971]]}}, {"type": "Feature", "properties": {"OBJECTID": 164364, "NAMOBJ": "", "FCODE": "60112", "REMARK": "Sungai Musiman"}, "geometry": {"type": "LineString", "coordinates": [[113.704614, -8.454101], [113.703764, -8.448596]]}}, {"type": "Feature", "properties": {"OBJECTID": 164375, "NAMOBJ": "", "FCODE": "60112", "REMARK": "Sungai Musiman"}, "geometry": {"type": "LineString", "coordinates": [[113.333504, -8.458077], [113.335354, -8.452918]]}}, {"type": "Feature", "properties": {"OBJECTID": 164389, "NAMOBJ": "", "FCODE": "60112", "REMARK": "Sungai Musiman"}, "geometry": {"type": "LineString", "coordinates": [[113.510831, -8.011609], [113.51906, -8.010202], [113.527739, -8.015458]]}}, {"type": "Feature", "properties": {"OBJECTID": 164394, "NAMOBJ": "", "FCODE": "60112", "REMARK": "Sungai Musiman"}, "geometry": {"type": "LineString", "coordinates": [[113.493, -8.106948], [113.488217, -8.113535], [113.490152, -8.122964]]}}, {"type": "Feature", "properties": {"OBJECTID": 164396, "NAMOBJ": "", "FCODE": "60112", "REMARK": "Sungai Musiman"}, "geometry": {"type": "LineString", "coordinates": [[113.788195, -8.350092], [113.780395, -8.348877], [113.77884, -8.359818]]}}, {"type": "Feature", "properties": {"OBJECTID": 164399, "NAMOBJ": "", "FCODE": "60112", "REMARK": "Sungai Musiman"}, "geometry": {"type": "LineString", "coordinates": [[113.617224, -8.073084], [113.61261, -8.065836]]}}, {"type": "Feature", "properties": {"OBJECTID": 168415, "NAMOBJ": "", "FCODE": "60112", "REMARK": "Sungai Musiman"}, "geometry": {"type": "LineString", "coordinates": [[113.448586, -8.138553], [113.442995, -8.13964]]}}, {"type": "Feature", "properties": {"OBJECTID": 168420, "NAMOBJ": "", "FCODE": "60112", "REMARK": "Sungai Musiman"}, "geometry": {"type": "LineString", "coordinates": [[113.996483, -8.306669], [113.99486, -8.3025]]}}, {"type": "Feature", "properties": {"OBJECTID": 168433, "NAMOBJ": "", "FCODE": "60112", "REMARK": "Sungai Musiman"}, "geometry": {"type": "LineString", "coordinates": [[113.991523, -8.421686], [113.996004, -8.414322]]}}, {"type": "Feature", "properties": {"OBJECTID": 168434, "NAMOBJ": "", "FCODE": "60112", "REMARK": "Sungai Musiman"}, "geometry": {"type": "LineString", "coordinates": [[113.510533, -8.085848], [113.509905, -8.084515]]}}, {"type": "Feature", "properties": {"OBJECTID": 168436, "NAMOBJ": "", "FCODE": "60112", "REMARK": "Sungai Musiman"}, "geometry": {"type": "LineString", "coordinates": [[113.38683, -8.475336], [113.389349, -8.469954]]}}, {"type": "Feature", "properties": {"OBJECTID": 168437, "NAMOBJ": "", "FCODE": "60112", "REMARK": "Sungai Musiman"}, "geometry": {"type": "LineString", "coordinates": [[113.873489, -8.41732], [113.867851, -8.411895]]}}, {"type": "Feature", "properties": {"OBJECTID": 168445, "NAMOBJ": "", "FCODE": "60112", "REMARK": "Sungai Musiman"}, "geometry": {"type": "LineString", "coordinates": [[113.58614, -7.96463], [113.587317, -7.959051]]}}, {"type": "Feature", "properties": {"OBJECTID": 168453, "NAMOBJ": "", "FCODE": "60112", "REMARK": "Sungai Musiman"}, "geometry": {"type": "LineString", "coordinates": [[113.685353, -8.050772], [113.681578, -8.049973]]}}, {"type": "Feature", "properties": {"OBJECTID": 168458, "NAMOBJ": "", "FCODE": "60112", "REMARK": "Sungai Musiman"}, "geometry": {"type": "LineString", "coordinates": [[113.346371, -7.916915], [113.347623, -7.902408]]}}, {"type": "Feature", "properties": {"OBJECTID": 168470, "NAMOBJ": "", "FCODE": "60112", "REMARK": "Sungai Musiman"}, "geometry": {"type": "LineString", "coordinates": [[113.620969, -8.099458], [113.627391, -8.109455]]}}, {"type": "Feature", "properties": {"OBJECTID": 168476, "NAMOBJ": "", "FCODE": "60112", "REMARK": "Sungai Musiman"}, "geometry": {"type": "LineString", "coordinates": [[113.951307, -8.08501], [113.929096, -8.074388]]}}, {"type": "Feature", "properties": {"OBJECTID": 168497, "NAMOBJ": "", "FCODE": "60112", "REMARK": "Sungai Musiman"}, "geometry": {"type": "LineString", "coordinates": [[113.455585, -8.061934], [113.451818, -8.058685]]}}, {"type": "Feature", "properties": {"OBJECTID": 168500, "NAMOBJ": "", "FCODE": "60112", "REMARK": "Sungai Musiman"}, "geometry": {"type": "LineString", "coordinates": [[113.694066, -8.344908], [113.691985, -8.347753]]}}, {"type": "Feature", "properties": {"OBJECTID": 168505, "NAMOBJ": "", "FCODE": "60112", "REMARK": "Sungai Musiman"}, "geometry": {"type": "LineString", "coordinates": [[113.684682, -8.351608], [113.682256, -8.350913]]}}, {"type": "Feature", "properties": {"OBJECTID": 168618, "NAMOBJ": "", "FCODE": "60112", "REMARK": "Sungai Musiman"}, "geometry": {"type": "LineString", "coordinates": [[113.756602, -7.943679], [113.759405, -7.941962]]}}, {"type": "Feature", "properties": {"OBJECTID": 168626, "NAMOBJ": "", "FCODE": "60112", "REMARK": "Sungai Musiman"}, "geometry": {"type": "LineString", "coordinates": [[113.956538, -8.329051], [113.963677, -8.325231], [113.968514, -8.318011]]}}, {"type": "Feature", "properties": {"OBJECTID": 168630, "NAMOBJ": "", "FCODE": "60112", "REMARK": "Sungai Musiman"}, "geometry": {"type": "LineString", "coordinates": [[113.869243, -8.447069], [113.862405, -8.427296]]}}, {"type": "Feature", "properties": {"OBJECTID": 168643, "NAMOBJ": "", "FCODE": "60112", "REMARK": "Sungai Musiman"}, "geometry": {"type": "LineString", "coordinates": [[113.98182, -7.921403], [113.983619, -7.920066]]}}, {"type": "Feature", "properties": {"OBJECTID": 168645, "NAMOBJ": "", "FCODE": "60112", "REMARK": "Sungai Musiman"}, "geometry": {"type": "LineString", "coordinates": [[113.400881, -7.985431], [113.396274, -7.977335]]}}, {"type": "Feature", "properties": {"OBJECTID": 168658, "NAMOBJ": "", "FCODE": "60112", "REMARK": "Sungai Musiman"}, "geometry": {"type": "LineString", "coordinates": [[113.883086, -8.314662], [113.87656, -8.311193]]}}, {"type": "Feature", "properties": {"OBJECTID": 168662, "NAMOBJ": "", "FCODE": "60112", "REMARK": "Sungai Musiman"}, "geometry": {"type": "LineString", "coordinates": [[113.840461, -8.430542], [113.833865, -8.439223], [113.836235, -8.448327]]}}, {"type": "Feature", "properties": {"OBJECTID": 168667, "NAMOBJ": "", "FCODE": "60112", "REMARK": "Sungai Musiman"}, "geometry": {"type": "LineString", "coordinates": [[113.747287, -8.373938], [113.749167, -8.370298]]}}, {"type": "Feature", "properties": {"OBJECTID": 168672, "NAMOBJ": "", "FCODE": "60112", "REMARK": "Sungai Musiman"}, "geometry": {"type": "LineString", "coordinates": [[113.362983, -8.493838], [113.364741, -8.499981]]}}, {"type": "Feature", "properties": {"OBJECTID": 168673, "NAMOBJ": "", "FCODE": "60112", "REMARK": "Sungai Musiman"}, "geometry": {"type": "LineString", "coordinates": [[113.993581, -8.318234], [113.987405, -8.321052]]}}, {"type": "Feature", "properties": {"OBJECTID": 168674, "NAMOBJ": "", "FCODE": "60112", "REMARK": "Sungai Musiman"}, "geometry": {"type": "LineString", "coordinates": [[113.983234, -8.331176], [113.979576, -8.331808]]}}, {"type": "Feature", "properties": {"OBJECTID": 168679, "NAMOBJ": "", "FCODE": "60112", "REMARK": "Sungai Musiman"}, "geometry": {"type": "LineString", "coordinates": [[113.697016, -8.00658], [113.700605, -8.011508]]}}, {"type": "Feature", "properties": {"OBJECTID": 168686, "NAMOBJ": "", "FCODE": "60112", "REMARK": "Sungai Musiman"}, "geometry": {"type": "LineString", "coordinates": [[113.900817, -8.399531], [113.902596, -8.401417]]}}, {"type": "Feature", "properties": {"OBJECTID": 168690, "NAMOBJ": "", "FCODE": "60112", "REMARK": "Sungai Musiman"}, "geometry": {"type": "LineString", "coordinates": [[113.506349, -7.945054], [113.503223, -7.944972]]}}, {"type": "Feature", "properties": {"OBJECTID": 168692, "NAMOBJ": "", "FCODE": "60112", "REMARK": "Sungai Musiman"}, "geometry": {"type": "LineString", "coordinates": [[113.830664, -8.23395], [113.828841, -8.229583]]}}, {"type": "Feature", "properties": {"OBJECTID": 168697, "NAMOBJ": "", "FCODE": "60112", "REMARK": "Sungai Musiman"}, "geometry": {"type": "LineString", "coordinates": [[113.74238, -7.901535], [113.746244, -7.896555]]}}, {"type": "Feature", "properties": {"OBJECTID": 168715, "NAMOBJ": "", "FCODE": "60112", "REMARK": "Sungai Musiman"}, "geometry": {"type": "LineString", "coordinates": [[113.828409, -8.297096], [113.821574, -8.295495]]}}, {"type": "Feature", "properties": {"OBJECTID": 168717, "NAMOBJ": "", "FCODE": "60112", "REMARK": "Sungai Musiman"}, "geometry": {"type": "LineString", "coordinates": [[113.869333, -7.919601], [113.869798, -7.917873]]}}, {"type": "Feature", "properties": {"OBJECTID": 168720, "NAMOBJ": "", "FCODE": "60112", "REMARK": "Sungai Musiman"}, "geometry": {"type": "LineString", "coordinates": [[113.501504, -8.085226], [113.502476, -8.082889]]}}, {"type": "Feature", "properties": {"OBJECTID": 168726, "NAMOBJ": "", "FCODE": "60112", "REMARK": "Sungai Musiman"}, "geometry": {"type": "LineString", "coordinates": [[113.877095, -8.204737], [113.878258, -8.200885]]}}, {"type": "Feature", "properties": {"OBJECTID": 168727, "NAMOBJ": "", "FCODE": "60112", "REMARK": "Sungai Musiman"}, "geometry": {"type": "LineString", "coordinates": [[113.353573, -7.90686], [113.358572, -7.905248]]}}, {"type": "Feature", "properties": {"OBJECTID": 168735, "NAMOBJ": "", "FCODE": "60112", "REMARK": "Sungai Musiman"}, "geometry": {"type": "LineString", "coordinates": [[113.662959, -8.062396], [113.660346, -8.064547]]}}, {"type": "Feature", "properties": {"OBJECTID": 168738, "NAMOBJ": "", "FCODE": "60112", "REMARK": "Sungai Musiman"}, "geometry": {"type": "LineString", "coordinates": [[113.36375, -7.989743], [113.36944, -7.991284]]}}, {"type": "Feature", "properties": {"OBJECTID": 168743, "NAMOBJ": "", "FCODE": "60112", "REMARK": "Sungai Musiman"}, "geometry": {"type": "LineString", "coordinates": [[113.905939, -8.442305], [113.905397, -8.437887]]}}, {"type": "Feature", "properties": {"OBJECTID": 168746, "NAMOBJ": "", "FCODE": "60112", "REMARK": "Sungai Musiman"}, "geometry": {"type": "LineString", "coordinates": [[113.776573, -8.29085], [113.782129, -8.291745]]}}, {"type": "Feature", "properties": {"OBJECTID": 168749, "NAMOBJ": "", "FCODE": "60112", "REMARK": "Sungai Musiman"}, "geometry": {"type": "LineString", "coordinates": [[113.957783, -8.062897], [113.950599, -8.057107]]}}, {"type": "Feature", "properties": {"OBJECTID": 168753, "NAMOBJ": "", "FCODE": "60112", "REMARK": "Sungai Musiman"}, "geometry": {"type": "LineString", "coordinates": [[113.392527, -8.459627], [113.393453, -8.455975]]}}, {"type": "Feature", "properties": {"OBJECTID": 168760, "NAMOBJ": "", "FCODE": "60112", "REMARK": "Sungai Musiman"}, "geometry": {"type": "LineString", "coordinates": [[113.993564, -7.930021], [113.992709, -7.931116]]}}, {"type": "Feature", "properties": {"OBJECTID": 168767, "NAMOBJ": "", "FCODE": "60112", "REMARK": "Sungai Musiman"}, "geometry": {"type": "LineString", "coordinates": [[113.53608, -8.418756], [113.533573, -8.423266]]}}, {"type": "Feature", "properties": {"OBJECTID": 168768, "NAMOBJ": "", "FCODE": "60112", "REMARK": "Sungai Musiman"}, "geometry": {"type": "LineString", "coordinates": [[113.708719, -7.977043], [113.72598, -7.980159], [113.733811, -7.986028]]}}, {"type": "Feature", "properties": {"OBJECTID": 168772, "NAMOBJ": "", "FCODE": "60112", "REMARK": "Sungai Musiman"}, "geometry": {"type": "LineString", "coordinates": [[113.776435, -8.155454], [113.771754, -8.167561]]}}, {"type": "Feature", "properties": {"OBJECTID": 168789, "NAMOBJ": "", "FCODE": "60112", "REMARK": "Sungai Musiman"}, "geometry": {"type": "LineString", "coordinates": [[113.988844, -8.45979], [114.003289, -8.474032], [114.007359, -8.473985]]}}, {"type": "Feature", "properties": {"OBJECTID": 168804, "NAMOBJ": "", "FCODE": "60112", "REMARK": "Sungai Musiman"}, "geometry": {"type": "LineString", "coordinates": [[113.792586, -8.133344], [113.783942, -8.130662], [113.775874, -8.137102]]}}, {"type": "Feature", "properties": {"OBJECTID": 168805, "NAMOBJ": "", "FCODE": "60112", "REMARK": "Sungai Musiman"}, "geometry": {"type": "LineString", "coordinates": [[113.916862, -8.350529], [113.924434, -8.350365], [113.924888, -8.346201], [113.9347, -8.341647], [113.931887, -8.32919], [113.927668, -8.324023]]}}, {"type": "Feature", "properties": {"OBJECTID": 168809, "NAMOBJ": "", "FCODE": "60112", "REMARK": "Sungai Musiman"}, "geometry": {"type": "LineString", "coordinates": [[113.782956, -8.26583], [113.778641, -8.263292]]}}, {"type": "Feature", "properties": {"OBJECTID": 168813, "NAMOBJ": "", "FCODE": "60112", "REMARK": "Sungai Musiman"}, "geometry": {"type": "LineString", "coordinates": [[113.965877, -8.0666], [113.957355, -8.059232]]}}, {"type": "Feature", "properties": {"OBJECTID": 168814, "NAMOBJ": "", "FCODE": "60112", "REMARK": "Sungai Musiman"}, "geometry": {"type": "LineString", "coordinates": [[113.949416, -8.082553], [113.943089, -8.075324]]}}, {"type": "Feature", "properties": {"OBJECTID": 168816, "NAMOBJ": "", "FCODE": "60112", "REMARK": "Sungai Musiman"}, "geometry": {"type": "LineString", "coordinates": [[113.353009, -8.479034], [113.35421, -8.483022]]}}, {"type": "Feature", "properties": {"OBJECTID": 168829, "NAMOBJ": "", "FCODE": "60112", "REMARK": "Sungai Musiman"}, "geometry": {"type": "LineString", "coordinates": [[113.57054, -8.408068], [113.569458, -8.40117]]}}, {"type": "Feature", "properties": {"OBJECTID": 168831, "NAMOBJ": "", "FCODE": "60112", "REMARK": "Sungai Musiman"}, "geometry": {"type": "LineString", "coordinates": [[113.930952, -8.141859], [113.924744, -8.144749], [113.914376, -8.143428]]}}, {"type": "Feature", "properties": {"OBJECTID": 168838, "NAMOBJ": "", "FCODE": "60112", "REMARK": "Sungai Musiman"}, "geometry": {"type": "LineString", "coordinates": [[113.970081, -8.398395], [113.970483, -8.39561]]}}, {"type": "Feature", "properties": {"OBJECTID": 168846, "NAMOBJ": "", "FCODE": "60112", "REMARK": "Sungai Musiman"}, "geometry": {"type": "LineString", "coordinates": [[113.682165, -7.960562], [113.685643, -7.958256], [113.687176, -7.95001], [113.695817, -7.934397]]}}, {"type": "Feature", "properties": {"OBJECTID": 168854, "NAMOBJ": "", "FCODE": "60112", "REMARK": "Sungai Musiman"}, "geometry": {"type": "LineString", "coordinates": [[113.872173, -8.360571], [113.869778, -8.361765]]}}, {"type": "Feature", "properties": {"OBJECTID": 168862, "NAMOBJ": "", "FCODE": "60112", "REMARK": "Sungai Musiman"}, "geometry": {"type": "LineString", "coordinates": [[113.633411, -7.975451], [113.631514, -7.98072]]}}, {"type": "Feature", "properties": {"OBJECTID": 168864, "NAMOBJ": "", "FCODE": "60112", "REMARK": "Sungai Musiman"}, "geometry": {"type": "LineString", "coordinates": [[113.842303, -8.344521], [113.837646, -8.347081]]}}, {"type": "Feature", "properties": {"OBJECTID": 168868, "NAMOBJ": "", "FCODE": "60112", "REMARK": "Sungai Musiman"}, "geometry": {"type": "LineString", "coordinates": [[113.628162, -8.186083], [113.629227, -8.182368]]}}, {"type": "Feature", "properties": {"OBJECTID": 168888, "NAMOBJ": "", "FCODE": "60112", "REMARK": "Sungai Musiman"}, "geometry": {"type": "LineString", "coordinates": [[113.67137, -8.033158], [113.666237, -8.031934]]}}, {"type": "Feature", "properties": {"OBJECTID": 168889, "NAMOBJ": "", "FCODE": "60112", "REMARK": "Sungai Musiman"}, "geometry": {"type": "LineString", "coordinates": [[113.967999, -8.338056], [113.972182, -8.332871], [113.969877, -8.329703], [113.971407, -8.323639]]}}, {"type": "Feature", "properties": {"OBJECTID": 168891, "NAMOBJ": "", "FCODE": "60112", "REMARK": "Sungai Musiman"}, "geometry": {"type": "LineString", "coordinates": [[113.677908, -8.362822], [113.673401, -8.362959]]}}, {"type": "Feature", "properties": {"OBJECTID": 168892, "NAMOBJ": "", "FCODE": "60112", "REMARK": "Sungai Musiman"}, "geometry": {"type": "LineString", "coordinates": [[113.552866, -7.953676], [113.548324, -7.950454], [113.544284, -7.939819], [113.534638, -7.931007]]}}, {"type": "Feature", "properties": {"OBJECTID": 168896, "NAMOBJ": "", "FCODE": "60112", "REMARK": "Sungai Musiman"}, "geometry": {"type": "LineString", "coordinates": [[113.763357, -8.347286], [113.755477, -8.345201]]}}, {"type": "Feature", "properties": {"OBJECTID": 168898, "NAMOBJ": "", "FCODE": "60112", "REMARK": "Sungai Musiman"}, "geometry": {"type": "LineString", "coordinates": [[113.869393, -8.322724], [113.868561, -8.316046]]}}, {"type": "Feature", "properties": {"OBJECTID": 168911, "NAMOBJ": "", "FCODE": "60112", "REMARK": "Sungai Musiman"}, "geometry": {"type": "LineString", "coordinates": [[113.710395, -8.360417], [113.706566, -8.368813]]}}, {"type": "Feature", "properties": {"OBJECTID": 168912, "NAMOBJ": "", "FCODE": "60112", "REMARK": "Sungai Musiman"}, "geometry": {"type": "LineString", "coordinates": [[113.506978, -7.983409], [113.503867, -7.982237]]}}, {"type": "Feature", "properties": {"OBJECTID": 168914, "NAMOBJ": "", "FCODE": "60112", "REMARK": "Sungai Musiman"}, "geometry": {"type": "LineString", "coordinates": [[113.366225, -7.946807], [113.369265, -7.930613]]}}, {"type": "Feature", "properties": {"OBJECTID": 168924, "NAMOBJ": "", "FCODE": "60112", "REMARK": "Sungai Musiman"}, "geometry": {"type": "LineString", "coordinates": [[113.820126, -7.909648], [113.813813, -7.907276], [113.811241, -7.902911]]}}, {"type": "Feature", "properties": {"OBJECTID": 168941, "NAMOBJ": "", "FCODE": "60112", "REMARK": "Sungai Musiman"}, "geometry": {"type": "LineString", "coordinates": [[113.682184, -7.949559], [113.678366, -7.955265]]}}, {"type": "Feature", "properties": {"OBJECTID": 168944, "NAMOBJ": "", "FCODE": "60112", "REMARK": "Sungai Musiman"}, "geometry": {"type": "LineString", "coordinates": [[113.359905, -7.948587], [113.359176, -7.940381]]}}, {"type": "Feature", "properties": {"OBJECTID": 168947, "NAMOBJ": "", "FCODE": "60112", "REMARK": "Sungai Musiman"}, "geometry": {"type": "LineString", "coordinates": [[113.859695, -8.318094], [113.861662, -8.319753]]}}, {"type": "Feature", "properties": {"OBJECTID": 168955, "NAMOBJ": "", "FCODE": "60112", "REMARK": "Sungai Musiman"}, "geometry": {"type": "LineString", "coordinates": [[113.847484, -8.339969], [113.849451, -8.342326]]}}, {"type": "Feature", "properties": {"OBJECTID": 168961, "NAMOBJ": "", "FCODE": "60112", "REMARK": "Sungai Musiman"}, "geometry": {"type": "LineString", "coordinates": [[113.885143, -8.153683], [113.860981, -8.157157]]}}, {"type": "Feature", "properties": {"OBJECTID": 168965, "NAMOBJ": "", "FCODE": "60112", "REMARK": "Sungai Musiman"}, "geometry": {"type": "LineString", "coordinates": [[113.987624, -8.138766], [113.985581, -8.137921]]}}, {"type": "Feature", "properties": {"OBJECTID": 168995, "NAMOBJ": "", "FCODE": "60112", "REMARK": "Sungai Musiman"}, "geometry": {"type": "LineString", "coordinates": [[113.503833, -8.134823], [113.509824, -8.139657], [113.513645, -8.135019], [113.512867, -8.131275]]}}, {"type": "Feature", "properties": {"OBJECTID": 168999, "NAMOBJ": "", "FCODE": "60112", "REMARK": "Sungai Musiman"}, "geometry": {"type": "LineString", "coordinates": [[113.479315, -8.121663], [113.464736, -8.132933], [113.461641, -8.140826]]}}, {"type": "Feature", "properties": {"OBJECTID": 169004, "NAMOBJ": "", "FCODE": "60112", "REMARK": "Sungai Musiman"}, "geometry": {"type": "LineString", "coordinates": [[113.675726, -7.968703], [113.678063, -7.979462]]}}, {"type": "Feature", "properties": {"OBJECTID": 169019, "NAMOBJ": "", "FCODE": "60112", "REMARK": "Sungai Musiman"}, "geometry": {"type": "LineString", "coordinates": [[113.464018, -8.059803], [113.460528, -8.064449]]}}, {"type": "Feature", "properties": {"OBJECTID": 169026, "NAMOBJ": "", "FCODE": "60112", "REMARK": "Sungai Musiman"}, "geometry": {"type": "LineString", "coordinates": [[113.545904, -8.425943], [113.555097, -8.420678]]}}, {"type": "Feature", "properties": {"OBJECTID": 169035, "NAMOBJ": "", "FCODE": "60112", "REMARK": "Sungai Musiman"}, "geometry": {"type": "LineString", "coordinates": [[113.514015, -8.394441], [113.514519, -8.391083]]}}, {"type": "Feature", "properties": {"OBJECTID": 169037, "NAMOBJ": "", "FCODE": "60112", "REMARK": "Sungai Musiman"}, "geometry": {"type": "LineString", "coordinates": [[113.9648, -8.227616], [113.958846, -8.23353], [113.95588, -8.232688]]}}, {"type": "Feature", "properties": {"OBJECTID": 169040, "NAMOBJ": "", "FCODE": "60112", "REMARK": "Sungai Musiman"}, "geometry": {"type": "LineString", "coordinates": [[113.96746, -7.886432], [113.975496, -7.902485]]}}, {"type": "Feature", "properties": {"OBJECTID": 169042, "NAMOBJ": "", "FCODE": "60112", "REMARK": "Sungai Musiman"}, "geometry": {"type": "LineString", "coordinates": [[113.409013, -8.024584], [113.408927, -8.028973]]}}, {"type": "Feature", "properties": {"OBJECTID": 169047, "NAMOBJ": "", "FCODE": "60112", "REMARK": "Sungai Musiman"}, "geometry": {"type": "LineString", "coordinates": [[113.444826, -8.104283], [113.438834, -8.124407], [113.431062, -8.1291], [113.431953, -8.134755]]}}, {"type": "Feature", "properties": {"OBJECTID": 169055, "NAMOBJ": "", "FCODE": "60112", "REMARK": "Sungai Musiman"}, "geometry": {"type": "LineString", "coordinates": [[113.647296, -8.041838], [113.65166, -8.048087]]}}, {"type": "Feature", "properties": {"OBJECTID": 169057, "NAMOBJ": "", "FCODE": "60112", "REMARK": "Sungai Musiman"}, "geometry": {"type": "LineString", "coordinates": [[113.812923, -8.327104], [113.81126, -8.31977]]}}, {"type": "Feature", "properties": {"OBJECTID": 169069, "NAMOBJ": "", "FCODE": "60112", "REMARK": "Sungai Musiman"}, "geometry": {"type": "LineString", "coordinates": [[113.37956, -7.910047], [113.380083, -7.907516]]}}, {"type": "Feature", "properties": {"OBJECTID": 169070, "NAMOBJ": "", "FCODE": "60112", "REMARK": "Sungai Musiman"}, "geometry": {"type": "LineString", "coordinates": [[113.843601, -8.346285], [113.836487, -8.349986]]}}, {"type": "Feature", "properties": {"OBJECTID": 169071, "NAMOBJ": "", "FCODE": "60112", "REMARK": "Sungai Musiman"}, "geometry": {"type": "LineString", "coordinates": [[113.838984, -8.097807], [113.829166, -8.098775], [113.815169, -8.094341]]}}, {"type": "Feature", "properties": {"OBJECTID": 169080, "NAMOBJ": "", "FCODE": "60112", "REMARK": "Sungai Musiman"}, "geometry": {"type": "LineString", "coordinates": [[113.733466, -8.126572], [113.731126, -8.12334]]}}, {"type": "Feature", "properties": {"OBJECTID": 169081, "NAMOBJ": "", "FCODE": "60112", "REMARK": "Sungai Musiman"}, "geometry": {"type": "LineString", "coordinates": [[113.836414, -8.12531], [113.829072, -8.135971], [113.824039, -8.136964], [113.814778, -8.147901], [113.801616, -8.14921], [113.793187, -8.155719]]}}, {"type": "Feature", "properties": {"OBJECTID": 169084, "NAMOBJ": "", "FCODE": "60112", "REMARK": "Sungai Musiman"}, "geometry": {"type": "LineString", "coordinates": [[113.946114, -8.395423], [113.950024, -8.383126]]}}, {"type": "Feature", "properties": {"OBJECTID": 169088, "NAMOBJ": "", "FCODE": "60112", "REMARK": "Sungai Musiman"}, "geometry": {"type": "LineString", "coordinates": [[113.502585, -8.107742], [113.503973, -8.105821]]}}, {"type": "Feature", "properties": {"OBJECTID": 169091, "NAMOBJ": "", "FCODE": "60112", "REMARK": "Sungai Musiman"}, "geometry": {"type": "LineString", "coordinates": [[113.876684, -8.290082], [113.874045, -8.29462]]}}, {"type": "Feature", "properties": {"OBJECTID": 169100, "NAMOBJ": "", "FCODE": "60112", "REMARK": "Sungai Musiman"}, "geometry": {"type": "LineString", "coordinates": [[113.772662, -7.958144], [113.756166, -7.955424]]}}, {"type": "Feature", "properties": {"OBJECTID": 169109, "NAMOBJ": "", "FCODE": "60112", "REMARK": "Sungai Musiman"}, "geometry": {"type": "LineString", "coordinates": [[113.304772, -7.947485], [113.294041, -7.940079], [113.295392, -7.926837]]}}, {"type": "Feature", "properties": {"OBJECTID": 169112, "NAMOBJ": "", "FCODE": "60112", "REMARK": "Sungai Musiman"}, "geometry": {"type": "LineString", "coordinates": [[113.864925, -8.333589], [113.863987, -8.335704]]}}, {"type": "Feature", "properties": {"OBJECTID": 169124, "NAMOBJ": "", "FCODE": "60112", "REMARK": "Sungai Musiman"}, "geometry": {"type": "LineString", "coordinates": [[113.990313, -7.912743], [113.987795, -7.908217]]}}, {"type": "Feature", "properties": {"OBJECTID": 169136, "NAMOBJ": "", "FCODE": "60112", "REMARK": "Sungai Musiman"}, "geometry": {"type": "LineString", "coordinates": [[113.329387, -8.457784], [113.333747, -8.451343]]}}, {"type": "Feature", "properties": {"OBJECTID": 169144, "NAMOBJ": "", "FCODE": "60112", "REMARK": "Sungai Musiman"}, "geometry": {"type": "LineString", "coordinates": [[113.389258, -8.474909], [113.390675, -8.471827]]}}, {"type": "Feature", "properties": {"OBJECTID": 169158, "NAMOBJ": "", "FCODE": "60112", "REMARK": "Sungai Musiman"}, "geometry": {"type": "LineString", "coordinates": [[113.403157, -7.990846], [113.402408, -7.994379]]}}, {"type": "Feature", "properties": {"OBJECTID": 169167, "NAMOBJ": "", "FCODE": "60112", "REMARK": "Sungai Musiman"}, "geometry": {"type": "LineString", "coordinates": [[113.577465, -7.969413], [113.581382, -7.9726]]}}, {"type": "Feature", "properties": {"OBJECTID": 169174, "NAMOBJ": "", "FCODE": "60112", "REMARK": "Sungai Musiman"}, "geometry": {"type": "LineString", "coordinates": [[113.964621, -8.201731], [113.965496, -8.207545], [113.970622, -8.211418]]}}, {"type": "Feature", "properties": {"OBJECTID": 169178, "NAMOBJ": "", "FCODE": "60112", "REMARK": "Sungai Musiman"}, "geometry": {"type": "LineString", "coordinates": [[113.706106, -8.426722], [113.705373, -8.421154]]}}, {"type": "Feature", "properties": {"OBJECTID": 169179, "NAMOBJ": "", "FCODE": "60112", "REMARK": "Sungai Musiman"}, "geometry": {"type": "LineString", "coordinates": [[113.892988, -8.443832], [113.8919, -8.446155]]}}, {"type": "Feature", "properties": {"OBJECTID": 169198, "NAMOBJ": "", "FCODE": "60112", "REMARK": "Sungai Musiman"}, "geometry": {"type": "LineString", "coordinates": [[113.779478, -8.067967], [113.778937, -8.053078], [113.772723, -8.048198], [113.764232, -8.047226]]}}, {"type": "Feature", "properties": {"OBJECTID": 169208, "NAMOBJ": "", "FCODE": "60112", "REMARK": "Sungai Musiman"}, "geometry": {"type": "LineString", "coordinates": [[113.680339, -7.90171], [113.677425, -7.907542]]}}, {"type": "Feature", "properties": {"OBJECTID": 169211, "NAMOBJ": "", "FCODE": "60112", "REMARK": "Sungai Musiman"}, "geometry": {"type": "LineString", "coordinates": [[113.852083, -8.314486], [113.848132, -8.312089]]}}, {"type": "Feature", "properties": {"OBJECTID": 169213, "NAMOBJ": "", "FCODE": "60112", "REMARK": "Sungai Musiman"}, "geometry": {"type": "LineString", "coordinates": [[113.618233, -7.918357], [113.612922, -7.921907]]}}, {"type": "Feature", "properties": {"OBJECTID": 169218, "NAMOBJ": "", "FCODE": "60112", "REMARK": "Sungai Musiman"}, "geometry": {"type": "LineString", "coordinates": [[113.52801, -7.986222], [113.525514, -7.989128]]}}, {"type": "Feature", "properties": {"OBJECTID": 169220, "NAMOBJ": "", "FCODE": "60112", "REMARK": "Sungai Musiman"}, "geometry": {"type": "LineString", "coordinates": [[113.602373, -8.038124], [113.600551, -8.031759]]}}, {"type": "Feature", "properties": {"OBJECTID": 169222, "NAMOBJ": "", "FCODE": "60112", "REMARK": "Sungai Musiman"}, "geometry": {"type": "LineString", "coordinates": [[113.800503, -8.341023], [113.80992, -8.350802]]}}, {"type": "Feature", "properties": {"OBJECTID": 169238, "NAMOBJ": "", "FCODE": "60112", "REMARK": "Sungai Musiman"}, "geometry": {"type": "LineString", "coordinates": [[113.747733, -8.331877], [113.750465, -8.335259]]}}, {"type": "Feature", "properties": {"OBJECTID": 169242, "NAMOBJ": "", "FCODE": "60112", "REMARK": "Sungai Musiman"}, "geometry": {"type": "LineString", "coordinates": [[113.885658, -8.456653], [113.867033, -8.459242]]}}, {"type": "Feature", "properties": {"OBJECTID": 169243, "NAMOBJ": "", "FCODE": "60112", "REMARK": "Sungai Musiman"}, "geometry": {"type": "LineString", "coordinates": [[113.900406, -8.314872], [113.905517, -8.305841]]}}, {"type": "Feature", "properties": {"OBJECTID": 169246, "NAMOBJ": "", "FCODE": "60112", "REMARK": "Sungai Musiman"}, "geometry": {"type": "LineString", "coordinates": [[113.98723, -8.052425], [113.976404, -8.044753]]}}, {"type": "Feature", "properties": {"OBJECTID": 169251, "NAMOBJ": "", "FCODE": "60112", "REMARK": "Sungai Musiman"}, "geometry": {"type": "LineString", "coordinates": [[113.863316, -8.318345], [113.8641, -8.319739]]}}, {"type": "Feature", "properties": {"OBJECTID": 169254, "NAMOBJ": "", "FCODE": "60112", "REMARK": "Sungai Musiman"}, "geometry": {"type": "LineString", "coordinates": [[113.986754, -8.309395], [113.988473, -8.307797]]}}, {"type": "Feature", "properties": {"OBJECTID": 169255, "NAMOBJ": "", "FCODE": "60112", "REMARK": "Sungai Musiman"}, "geometry": {"type": "LineString", "coordinates": [[113.79641, -8.304829], [113.79051, -8.302188]]}}, {"type": "Feature", "properties": {"OBJECTID": 169256, "NAMOBJ": "", "FCODE": "60112", "REMARK": "Sungai Musiman"}, "geometry": {"type": "LineString", "coordinates": [[113.683023, -8.103413], [113.683373, -8.120291]]}}, {"type": "Feature", "properties": {"OBJECTID": 169273, "NAMOBJ": "", "FCODE": "60112", "REMARK": "Sungai Musiman"}, "geometry": {"type": "LineString", "coordinates": [[113.786385, -8.284305], [113.790684, -8.282167]]}}, {"type": "Feature", "properties": {"OBJECTID": 169274, "NAMOBJ": "", "FCODE": "60112", "REMARK": "Sungai Musiman"}, "geometry": {"type": "LineString", "coordinates": [[113.421498, -7.905184], [113.41982, -7.902098]]}}, {"type": "Feature", "properties": {"OBJECTID": 169280, "NAMOBJ": "", "FCODE": "60112", "REMARK": "Sungai Musiman"}, "geometry": {"type": "LineString", "coordinates": [[113.341777, -7.976692], [113.331439, -7.969136], [113.32149, -7.967846], [113.311627, -7.959708], [113.291148, -7.953617]]}}, {"type": "Feature", "properties": {"OBJECTID": 169283, "NAMOBJ": "", "FCODE": "60112", "REMARK": "Sungai Musiman"}, "geometry": {"type": "LineString", "coordinates": [[113.993097, -8.134776], [113.989003, -8.137159]]}}, {"type": "Feature", "properties": {"OBJECTID": 169285, "NAMOBJ": "", "FCODE": "60112", "REMARK": "Sungai Musiman"}, "geometry": {"type": "LineString", "coordinates": [[113.497566, -8.399999], [113.494171, -8.413372]]}}, {"type": "Feature", "properties": {"OBJECTID": 169287, "NAMOBJ": "", "FCODE": "60112", "REMARK": "Sungai Musiman"}, "geometry": {"type": "LineString", "coordinates": [[113.429025, -8.020089], [113.420651, -8.021946]]}}, {"type": "Feature", "properties": {"OBJECTID": 169306, "NAMOBJ": "", "FCODE": "60112", "REMARK": "Sungai Musiman"}, "geometry": {"type": "LineString", "coordinates": [[113.38345, -7.915581], [113.384719, -7.909996]]}}, {"type": "Feature", "properties": {"OBJECTID": 169322, "NAMOBJ": "", "FCODE": "60112", "REMARK": "Sungai Musiman"}, "geometry": {"type": "LineString", "coordinates": [[113.412941, -8.008292], [113.413468, -8.005257]]}}, {"type": "Feature", "properties": {"OBJECTID": 169325, "NAMOBJ": "", "FCODE": "60112", "REMARK": "Sungai Musiman"}, "geometry": {"type": "LineString", "coordinates": [[113.943607, -8.416615], [113.945439, -8.419304]]}}, {"type": "Feature", "properties": {"OBJECTID": 169328, "NAMOBJ": "", "FCODE": "60112", "REMARK": "Sungai Musiman"}, "geometry": {"type": "LineString", "coordinates": [[113.752478, -7.992792], [113.745095, -7.990808]]}}, {"type": "Feature", "properties": {"OBJECTID": 169338, "NAMOBJ": "", "FCODE": "60112", "REMARK": "Sungai Musiman"}, "geometry": {"type": "LineString", "coordinates": [[113.356764, -8.480593], [113.359569, -8.482302]]}}, {"type": "Feature", "properties": {"OBJECTID": 169351, "NAMOBJ": "", "FCODE": "60112", "REMARK": "Sungai Musiman"}, "geometry": {"type": "LineString", "coordinates": [[113.62727, -8.391602], [113.613868, -8.384393], [113.614788, -8.375]]}}, {"type": "Feature", "properties": {"OBJECTID": 169352, "NAMOBJ": "", "FCODE": "60112", "REMARK": "Sungai Musiman"}, "geometry": {"type": "LineString", "coordinates": [[113.334636, -8.053111], [113.33408, -8.058352]]}}, {"type": "Feature", "properties": {"OBJECTID": 169356, "NAMOBJ": "", "FCODE": "60112", "REMARK": "Sungai Musiman"}, "geometry": {"type": "LineString", "coordinates": [[113.765927, -8.297487], [113.761967, -8.293669]]}}, {"type": "Feature", "properties": {"OBJECTID": 169359, "NAMOBJ": "", "FCODE": "60112", "REMARK": "Sungai Musiman"}, "geometry": {"type": "LineString", "coordinates": [[113.863375, -7.916139], [113.863584, -7.901972]]}}, {"type": "Feature", "properties": {"OBJECTID": 169378, "NAMOBJ": "", "FCODE": "60112", "REMARK": "Sungai Musiman"}, "geometry": {"type": "LineString", "coordinates": [[113.675052, -7.986616], [113.675912, -7.991727]]}}, {"type": "Feature", "properties": {"OBJECTID": 169391, "NAMOBJ": "", "FCODE": "60112", "REMARK": "Sungai Musiman"}, "geometry": {"type": "LineString", "coordinates": [[113.378171, -8.46358], [113.379554, -8.470042]]}}, {"type": "Feature", "properties": {"OBJECTID": 169405, "NAMOBJ": "", "FCODE": "60112", "REMARK": "Sungai Musiman"}, "geometry": {"type": "LineString", "coordinates": [[113.390335, -8.038964], [113.388628, -8.038102]]}}, {"type": "Feature", "properties": {"OBJECTID": 169407, "NAMOBJ": "", "FCODE": "60112", "REMARK": "Sungai Musiman"}, "geometry": {"type": "LineString", "coordinates": [[113.339049, -8.475735], [113.343236, -8.472951]]}}, {"type": "Feature", "properties": {"OBJECTID": 169409, "NAMOBJ": "", "FCODE": "60112", "REMARK": "Sungai Musiman"}, "geometry": {"type": "LineString", "coordinates": [[113.460132, -7.945559], [113.456975, -7.939756]]}}, {"type": "Feature", "properties": {"OBJECTID": 169421, "NAMOBJ": "", "FCODE": "60112", "REMARK": "Sungai Musiman"}, "geometry": {"type": "LineString", "coordinates": [[113.407182, -7.907917], [113.412082, -7.913637], [113.412337, -7.918714]]}}, {"type": "Feature", "properties": {"OBJECTID": 169424, "NAMOBJ": "", "FCODE": "60112", "REMARK": "Sungai Musiman"}, "geometry": {"type": "LineString", "coordinates": [[113.444094, -8.01361], [113.446629, -8.012203]]}}, {"type": "Feature", "properties": {"OBJECTID": 169430, "NAMOBJ": "", "FCODE": "60112", "REMARK": "Sungai Musiman"}, "geometry": {"type": "LineString", "coordinates": [[113.713343, -8.263754], [113.721623, -8.271454]]}}, {"type": "Feature", "properties": {"OBJECTID": 169437, "NAMOBJ": "", "FCODE": "60112", "REMARK": "Sungai Musiman"}, "geometry": {"type": "LineString", "coordinates": [[113.555959, -8.040097], [113.560218, -8.033961]]}}, {"type": "Feature", "properties": {"OBJECTID": 169438, "NAMOBJ": "", "FCODE": "60112", "REMARK": "Sungai Musiman"}, "geometry": {"type": "LineString", "coordinates": [[113.542375, -8.109249], [113.543361, -8.105619]]}}, {"type": "Feature", "properties": {"OBJECTID": 169439, "NAMOBJ": "", "FCODE": "60112", "REMARK": "Sungai Musiman"}, "geometry": {"type": "LineString", "coordinates": [[113.854961, -8.295037], [113.858501, -8.294312]]}}, {"type": "Feature", "properties": {"OBJECTID": 173200, "NAMOBJ": "", "FCODE": "60112", "REMARK": "Sungai Musiman"}, "geometry": {"type": "LineString", "coordinates": [[113.609226, -8.13174], [113.613229, -8.132815]]}}, {"type": "Feature", "properties": {"OBJECTID": 173209, "NAMOBJ": "", "FCODE": "60112", "REMARK": "Sungai Musiman"}, "geometry": {"type": "LineString", "coordinates": [[113.828993, -8.32521], [113.827226, -8.327021]]}}, {"type": "Feature", "properties": {"OBJECTID": 173213, "NAMOBJ": "", "FCODE": "60112", "REMARK": "Sungai Musiman"}, "geometry": {"type": "LineString", "coordinates": [[113.574693, -8.036816], [113.570833, -8.038134]]}}, {"type": "Feature", "properties": {"OBJECTID": 173218, "NAMOBJ": "", "FCODE": "60112", "REMARK": "Sungai Musiman"}, "geometry": {"type": "LineString", "coordinates": [[113.965249, -8.238402], [113.971119, -8.253629]]}}, {"type": "Feature", "properties": {"OBJECTID": 173236, "NAMOBJ": "", "FCODE": "60112", "REMARK": "Sungai Musiman"}, "geometry": {"type": "LineString", "coordinates": [[113.86474, -8.374731], [113.864883, -8.371075]]}}, {"type": "Feature", "properties": {"OBJECTID": 173240, "NAMOBJ": "", "FCODE": "60112", "REMARK": "Sungai Musiman"}, "geometry": {"type": "LineString", "coordinates": [[113.752031, -8.370143], [113.753596, -8.376189]]}}, {"type": "Feature", "properties": {"OBJECTID": 173243, "NAMOBJ": "", "FCODE": "60112", "REMARK": "Sungai Musiman"}, "geometry": {"type": "LineString", "coordinates": [[113.941642, -8.144525], [113.948039, -8.14564]]}}, {"type": "Feature", "properties": {"OBJECTID": 173251, "NAMOBJ": "", "FCODE": "60112", "REMARK": "Sungai Musiman"}, "geometry": {"type": "LineString", "coordinates": [[113.561619, -8.40684], [113.56076, -8.40463]]}}, {"type": "Feature", "properties": {"OBJECTID": 173259, "NAMOBJ": "", "FCODE": "60112", "REMARK": "Sungai Musiman"}, "geometry": {"type": "LineString", "coordinates": [[113.974163, -8.337322], [113.974159, -8.330952]]}}, {"type": "Feature", "properties": {"OBJECTID": 173273, "NAMOBJ": "", "FCODE": "60112", "REMARK": "Sungai Musiman"}, "geometry": {"type": "LineString", "coordinates": [[113.363776, -7.916405], [113.361104, -7.913808]]}}, {"type": "Feature", "properties": {"OBJECTID": 173285, "NAMOBJ": "", "FCODE": "60112", "REMARK": "Sungai Musiman"}, "geometry": {"type": "LineString", "coordinates": [[113.712908, -8.353771], [113.716462, -8.352372], [113.718864, -8.356918]]}}, {"type": "Feature", "properties": {"OBJECTID": 173309, "NAMOBJ": "", "FCODE": "60112", "REMARK": "Sungai Musiman"}, "geometry": {"type": "LineString", "coordinates": [[113.674194, -8.070748], [113.673496, -8.075303]]}}, {"type": "Feature", "properties": {"OBJECTID": 173314, "NAMOBJ": "", "FCODE": "60112", "REMARK": "Sungai Musiman"}, "geometry": {"type": "LineString", "coordinates": [[113.896474, -8.218024], [113.909358, -8.224502], [113.913834, -8.22061]]}}, {"type": "Feature", "properties": {"OBJECTID": 173316, "NAMOBJ": "", "FCODE": "60112", "REMARK": "Sungai Musiman"}, "geometry": {"type": "LineString", "coordinates": [[113.984546, -8.330502], [113.985828, -8.327425]]}}, {"type": "Feature", "properties": {"OBJECTID": 173317, "NAMOBJ": "", "FCODE": "60112", "REMARK": "Sungai Musiman"}, "geometry": {"type": "LineString", "coordinates": [[113.963049, -8.159595], [113.947433, -8.167348]]}}, {"type": "Feature", "properties": {"OBJECTID": 173321, "NAMOBJ": "", "FCODE": "60112", "REMARK": "Sungai Musiman"}, "geometry": {"type": "LineString", "coordinates": [[113.864219, -8.178791], [113.896489, -8.19414], [113.920546, -8.186019], [113.92924, -8.18691], [113.930861, -8.19174], [113.934281, -8.19148], [113.953898, -8.179982]]}}, {"type": "Feature", "properties": {"OBJECTID": 173328, "NAMOBJ": "", "FCODE": "60112", "REMARK": "Sungai Musiman"}, "geometry": {"type": "LineString", "coordinates": [[113.988781, -7.92835], [113.990453, -7.92833]]}}, {"type": "Feature", "properties": {"OBJECTID": 173333, "NAMOBJ": "", "FCODE": "60112", "REMARK": "Sungai Musiman"}, "geometry": {"type": "LineString", "coordinates": [[113.381249, -8.467108], [113.38023, -8.465122]]}}, {"type": "Feature", "properties": {"OBJECTID": 173350, "NAMOBJ": "", "FCODE": "60112", "REMARK": "Sungai Musiman"}, "geometry": {"type": "LineString", "coordinates": [[113.676123, -8.40589], [113.674871, -8.407905]]}}, {"type": "Feature", "properties": {"OBJECTID": 173351, "NAMOBJ": "", "FCODE": "60112", "REMARK": "Sungai Musiman"}, "geometry": {"type": "LineString", "coordinates": [[113.470803, -8.111645], [113.464493, -8.124488]]}}, {"type": "Feature", "properties": {"OBJECTID": 173355, "NAMOBJ": "", "FCODE": "60112", "REMARK": "Sungai Musiman"}, "geometry": {"type": "LineString", "coordinates": [[113.873997, -8.351502], [113.871167, -8.349133]]}}, {"type": "Feature", "properties": {"OBJECTID": 173365, "NAMOBJ": "", "FCODE": "60112", "REMARK": "Sungai Musiman"}, "geometry": {"type": "LineString", "coordinates": [[113.914298, -8.433187], [113.91498, -8.432552]]}}, {"type": "Feature", "properties": {"OBJECTID": 173374, "NAMOBJ": "", "FCODE": "60112", "REMARK": "Sungai Musiman"}, "geometry": {"type": "LineString", "coordinates": [[113.880314, -8.414257], [113.859449, -8.409976], [113.852976, -8.401503], [113.844521, -8.402115], [113.840387, -8.39969], [113.846844, -8.394498], [113.844279, -8.384803], [113.846211, -8.380899]]}}, {"type": "Feature", "properties": {"OBJECTID": 173388, "NAMOBJ": "", "FCODE": "60112", "REMARK": "Sungai Musiman"}, "geometry": {"type": "LineString", "coordinates": [[113.888214, -8.108772], [113.881376, -8.104642], [113.876129, -8.106495], [113.870272, -8.104114]]}}, {"type": "Feature", "properties": {"OBJECTID": 173394, "NAMOBJ": "", "FCODE": "60112", "REMARK": "Sungai Musiman"}, "geometry": {"type": "LineString", "coordinates": [[113.814611, -8.355486], [113.815278, -8.360232]]}}, {"type": "Feature", "properties": {"OBJECTID": 173399, "NAMOBJ": "", "FCODE": "60112", "REMARK": "Sungai Musiman"}, "geometry": {"type": "LineString", "coordinates": [[113.669842, -8.017221], [113.665356, -8.016666]]}}, {"type": "Feature", "properties": {"OBJECTID": 173404, "NAMOBJ": "", "FCODE": "60112", "REMARK": "Sungai Musiman"}, "geometry": {"type": "LineString", "coordinates": [[113.678994, -8.363088], [113.679903, -8.366928]]}}, {"type": "Feature", "properties": {"OBJECTID": 173411, "NAMOBJ": "", "FCODE": "60112", "REMARK": "Sungai Musiman"}, "geometry": {"type": "LineString", "coordinates": [[113.79975, -8.030594], [113.801051, -8.047448], [113.797252, -8.054812]]}}, {"type": "Feature", "properties": {"OBJECTID": 173414, "NAMOBJ": "", "FCODE": "60112", "REMARK": "Sungai Musiman"}, "geometry": {"type": "LineString", "coordinates": [[113.869561, -8.312593], [113.866724, -8.310915], [113.859385, -8.316266]]}}, {"type": "Feature", "properties": {"OBJECTID": 173417, "NAMOBJ": "", "FCODE": "60112", "REMARK": "Sungai Musiman"}, "geometry": {"type": "LineString", "coordinates": [[113.940035, -8.148585], [113.935851, -8.14798], [113.912484, -8.159636]]}}, {"type": "Feature", "properties": {"OBJECTID": 173420, "NAMOBJ": "", "FCODE": "60112", "REMARK": "Sungai Musiman"}, "geometry": {"type": "LineString", "coordinates": [[113.763751, -8.269801], [113.758983, -8.267058]]}}, {"type": "Feature", "properties": {"OBJECTID": 173437, "NAMOBJ": "", "FCODE": "60112", "REMARK": "Sungai Musiman"}, "geometry": {"type": "LineString", "coordinates": [[114.000854, -8.491627], [113.992535, -8.49572]]}}, {"type": "Feature", "properties": {"OBJECTID": 173438, "NAMOBJ": "", "FCODE": "60112", "REMARK": "Sungai Musiman"}, "geometry": {"type": "LineString", "coordinates": [[113.753726, -7.947793], [113.749549, -7.947869]]}}, {"type": "Feature", "properties": {"OBJECTID": 173444, "NAMOBJ": "", "FCODE": "60112", "REMARK": "Sungai Musiman"}, "geometry": {"type": "LineString", "coordinates": [[113.785036, -8.261267], [113.779088, -8.263339]]}}, {"type": "Feature", "properties": {"OBJECTID": 173446, "NAMOBJ": "", "FCODE": "60112", "REMARK": "Sungai Musiman"}, "geometry": {"type": "LineString", "coordinates": [[113.460872, -8.060701], [113.457902, -8.065312]]}}, {"type": "Feature", "properties": {"OBJECTID": 173447, "NAMOBJ": "", "FCODE": "60112", "REMARK": "Sungai Musiman"}, "geometry": {"type": "LineString", "coordinates": [[113.359453, -8.029554], [113.357948, -8.026613]]}}, {"type": "Feature", "properties": {"OBJECTID": 173453, "NAMOBJ": "", "FCODE": "60112", "REMARK": "Sungai Musiman"}, "geometry": {"type": "LineString", "coordinates": [[113.43082, -8.125769], [113.424967, -8.128194], [113.423222, -8.131994]]}}, {"type": "Feature", "properties": {"OBJECTID": 173461, "NAMOBJ": "", "FCODE": "60112", "REMARK": "Sungai Musiman"}, "geometry": {"type": "LineString", "coordinates": [[113.599556, -7.921757], [113.596599, -7.919757]]}}, {"type": "Feature", "properties": {"OBJECTID": 173476, "NAMOBJ": "", "FCODE": "60112", "REMARK": "Sungai Musiman"}, "geometry": {"type": "LineString", "coordinates": [[114.003336, -8.032086], [113.999451, -8.022292], [113.981246, -8.011652]]}}, {"type": "Feature", "properties": {"OBJECTID": 173480, "NAMOBJ": "", "FCODE": "60112", "REMARK": "Sungai Musiman"}, "geometry": {"type": "LineString", "coordinates": [[113.336614, -8.489391], [113.334601, -8.501179]]}}, {"type": "Feature", "properties": {"OBJECTID": 173481, "NAMOBJ": "", "FCODE": "60112", "REMARK": "Sungai Musiman"}, "geometry": {"type": "LineString", "coordinates": [[113.454231, -8.074509], [113.454376, -8.077113]]}}, {"type": "Feature", "properties": {"OBJECTID": 173489, "NAMOBJ": "", "FCODE": "60112", "REMARK": "Sungai Musiman"}, "geometry": {"type": "LineString", "coordinates": [[113.999998, -8.167294], [113.999303, -8.167307]]}}, {"type": "Feature", "properties": {"OBJECTID": 173496, "NAMOBJ": "", "FCODE": "60112", "REMARK": "Sungai Musiman"}, "geometry": {"type": "LineString", "coordinates": [[113.691528, -8.035306], [113.695916, -8.034837]]}}, {"type": "Feature", "properties": {"OBJECTID": 173508, "NAMOBJ": "", "FCODE": "60112", "REMARK": "Sungai Musiman"}, "geometry": {"type": "LineString", "coordinates": [[113.853487, -8.424685], [113.858261, -8.418758]]}}, {"type": "Feature", "properties": {"OBJECTID": 173527, "NAMOBJ": "", "FCODE": "60112", "REMARK": "Sungai Musiman"}, "geometry": {"type": "LineString", "coordinates": [[113.900234, -8.283607], [113.903783, -8.29744], [113.915699, -8.306877], [113.916717, -8.313264], [113.926875, -8.32114]]}}, {"type": "Feature", "properties": {"OBJECTID": 173533, "NAMOBJ": "", "FCODE": "60112", "REMARK": "Sungai Musiman"}, "geometry": {"type": "LineString", "coordinates": [[113.803401, -8.28533], [113.801227, -8.279145]]}}, {"type": "Feature", "properties": {"OBJECTID": 173534, "NAMOBJ": "", "FCODE": "60112", "REMARK": "Sungai Musiman"}, "geometry": {"type": "LineString", "coordinates": [[113.699775, -8.000173], [113.70028, -7.994976]]}}, {"type": "Feature", "properties": {"OBJECTID": 173537, "NAMOBJ": "", "FCODE": "60112", "REMARK": "Sungai Musiman"}, "geometry": {"type": "LineString", "coordinates": [[113.974826, -8.387553], [113.977253, -8.385727]]}}, {"type": "Feature", "properties": {"OBJECTID": 173539, "NAMOBJ": "", "FCODE": "60112", "REMARK": "Sungai Musiman"}, "geometry": {"type": "LineString", "coordinates": [[113.942619, -8.11], [113.935691, -8.111282]]}}, {"type": "Feature", "properties": {"OBJECTID": 173546, "NAMOBJ": "", "FCODE": "60112", "REMARK": "Sungai Musiman"}, "geometry": {"type": "LineString", "coordinates": [[113.39568, -7.931318], [113.395053, -7.929233]]}}, {"type": "Feature", "properties": {"OBJECTID": 173551, "NAMOBJ": "", "FCODE": "60112", "REMARK": "Sungai Musiman"}, "geometry": {"type": "LineString", "coordinates": [[113.684175, -8.431744], [113.675598, -8.433157]]}}, {"type": "Feature", "properties": {"OBJECTID": 173556, "NAMOBJ": "", "FCODE": "60112", "REMARK": "Sungai Musiman"}, "geometry": {"type": "LineString", "coordinates": [[113.747443, -8.016671], [113.761685, -8.023167]]}}, {"type": "Feature", "properties": {"OBJECTID": 173562, "NAMOBJ": "", "FCODE": "60112", "REMARK": "Sungai Musiman"}, "geometry": {"type": "LineString", "coordinates": [[113.798128, -8.292188], [113.800009, -8.293425]]}}, {"type": "Feature", "properties": {"OBJECTID": 173566, "NAMOBJ": "", "FCODE": "60112", "REMARK": "Sungai Musiman"}, "geometry": {"type": "LineString", "coordinates": [[113.688817, -8.166806], [113.688941, -8.159062]]}}, {"type": "Feature", "properties": {"OBJECTID": 173567, "NAMOBJ": "", "FCODE": "60112", "REMARK": "Sungai Musiman"}, "geometry": {"type": "LineString", "coordinates": [[113.802211, -8.373547], [113.799789, -8.368652]]}}, {"type": "Feature", "properties": {"OBJECTID": 173571, "NAMOBJ": "", "FCODE": "60112", "REMARK": "Sungai Musiman"}, "geometry": {"type": "LineString", "coordinates": [[113.446097, -7.958246], [113.458211, -7.960372]]}}, {"type": "Feature", "properties": {"OBJECTID": 173588, "NAMOBJ": "", "FCODE": "60112", "REMARK": "Sungai Musiman"}, "geometry": {"type": "LineString", "coordinates": [[113.972051, -8.419427], [113.972323, -8.428404]]}}, {"type": "Feature", "properties": {"OBJECTID": 173594, "NAMOBJ": "", "FCODE": "60112", "REMARK": "Sungai Musiman"}, "geometry": {"type": "LineString", "coordinates": [[113.953675, -8.293281], [113.950148, -8.300308]]}}, {"type": "Feature", "properties": {"OBJECTID": 173606, "NAMOBJ": "", "FCODE": "60112", "REMARK": "Sungai Musiman"}, "geometry": {"type": "LineString", "coordinates": [[113.991231, -8.364288], [113.990408, -8.36362]]}}, {"type": "Feature", "properties": {"OBJECTID": 173618, "NAMOBJ": "", "FCODE": "60112", "REMARK": "Sungai Musiman"}, "geometry": {"type": "LineString", "coordinates": [[113.566542, -7.95411], [113.563031, -7.953022]]}}, {"type": "Feature", "properties": {"OBJECTID": 173624, "NAMOBJ": "", "FCODE": "60112", "REMARK": "Sungai Musiman"}, "geometry": {"type": "LineString", "coordinates": [[113.596697, -8.102016], [113.595767, -8.113383], [113.603667, -8.119703]]}}, {"type": "Feature", "properties": {"OBJECTID": 173637, "NAMOBJ": "", "FCODE": "60112", "REMARK": "Sungai Musiman"}, "geometry": {"type": "LineString", "coordinates": [[113.492175, -8.133781], [113.489109, -8.145953]]}}, {"type": "Feature", "properties": {"OBJECTID": 173638, "NAMOBJ": "", "FCODE": "60112", "REMARK": "Sungai Musiman"}, "geometry": {"type": "LineString", "coordinates": [[113.861521, -8.372846], [113.860647, -8.371655]]}}, {"type": "Feature", "properties": {"OBJECTID": 173639, "NAMOBJ": "", "FCODE": "60112", "REMARK": "Sungai Musiman"}, "geometry": {"type": "LineString", "coordinates": [[113.97788, -8.183344], [113.969844, -8.193398]]}}, {"type": "Feature", "properties": {"OBJECTID": 173645, "NAMOBJ": "", "FCODE": "60112", "REMARK": "Sungai Musiman"}, "geometry": {"type": "LineString", "coordinates": [[113.46366, -7.926373], [113.462204, -7.922559]]}}, {"type": "Feature", "properties": {"OBJECTID": 173655, "NAMOBJ": "", "FCODE": "60112", "REMARK": "Sungai Musiman"}, "geometry": {"type": "LineString", "coordinates": [[113.815031, -8.20927], [113.816964, -8.205479]]}}, {"type": "Feature", "properties": {"OBJECTID": 173659, "NAMOBJ": "", "FCODE": "60112", "REMARK": "Sungai Musiman"}, "geometry": {"type": "LineString", "coordinates": [[113.902537, -8.325547], [113.906317, -8.335992]]}}, {"type": "Feature", "properties": {"OBJECTID": 173665, "NAMOBJ": "", "FCODE": "60112", "REMARK": "Sungai Musiman"}, "geometry": {"type": "LineString", "coordinates": [[113.995756, -8.50163], [113.994438, -8.495908]]}}, {"type": "Feature", "properties": {"OBJECTID": 173678, "NAMOBJ": "", "FCODE": "60112", "REMARK": "Sungai Musiman"}, "geometry": {"type": "LineString", "coordinates": [[113.387961, -8.050944], [113.384969, -8.053122]]}}, {"type": "Feature", "properties": {"OBJECTID": 173680, "NAMOBJ": "", "FCODE": "60112", "REMARK": "Sungai Musiman"}, "geometry": {"type": "LineString", "coordinates": [[113.726866, -7.959804], [113.723265, -7.959413]]}}, {"type": "Feature", "properties": {"OBJECTID": 173683, "NAMOBJ": "", "FCODE": "60112", "REMARK": "Sungai Musiman"}, "geometry": {"type": "LineString", "coordinates": [[113.804629, -8.039618], [113.801051, -8.047448]]}}, {"type": "Feature", "properties": {"OBJECTID": 173689, "NAMOBJ": "", "FCODE": "60112", "REMARK": "Sungai Musiman"}, "geometry": {"type": "LineString", "coordinates": [[113.734582, -7.922586], [113.737778, -7.921573]]}}, {"type": "Feature", "properties": {"OBJECTID": 173690, "NAMOBJ": "", "FCODE": "60112", "REMARK": "Sungai Musiman"}, "geometry": {"type": "LineString", "coordinates": [[113.922671, -8.435447], [113.923642, -8.441631]]}}, {"type": "Feature", "properties": {"OBJECTID": 173691, "NAMOBJ": "", "FCODE": "60112", "REMARK": "Sungai Musiman"}, "geometry": {"type": "LineString", "coordinates": [[113.936941, -8.422008], [113.938769, -8.425415], [113.950683, -8.430265], [113.957074, -8.428562]]}}, {"type": "Feature", "properties": {"OBJECTID": 173692, "NAMOBJ": "", "FCODE": "60112", "REMARK": "Sungai Musiman"}, "geometry": {"type": "LineString", "coordinates": [[113.979365, -8.271828], [113.977751, -8.278296]]}}, {"type": "Feature", "properties": {"OBJECTID": 173695, "NAMOBJ": "", "FCODE": "60112", "REMARK": "Sungai Musiman"}, "geometry": {"type": "LineString", "coordinates": [[113.758533, -8.271436], [113.758683, -8.269601]]}}, {"type": "Feature", "properties": {"OBJECTID": 173708, "NAMOBJ": "", "FCODE": "60112", "REMARK": "Sungai Musiman"}, "geometry": {"type": "LineString", "coordinates": [[113.705419, -8.102235], [113.714346, -8.109013]]}}, {"type": "Feature", "properties": {"OBJECTID": 173710, "NAMOBJ": "", "FCODE": "60112", "REMARK": "Sungai Musiman"}, "geometry": {"type": "LineString", "coordinates": [[113.609445, -7.911388], [113.605927, -7.90974]]}}, {"type": "Feature", "properties": {"OBJECTID": 173713, "NAMOBJ": "", "FCODE": "60112", "REMARK": "Sungai Musiman"}, "geometry": {"type": "LineString", "coordinates": [[113.548813, -8.087018], [113.548625, -8.082072]]}}, {"type": "Feature", "properties": {"OBJECTID": 173716, "NAMOBJ": "", "FCODE": "60112", "REMARK": "Sungai Musiman"}, "geometry": {"type": "LineString", "coordinates": [[113.991423, -8.32581], [113.991649, -8.324796]]}}, {"type": "Feature", "properties": {"OBJECTID": 173717, "NAMOBJ": "", "FCODE": "60112", "REMARK": "Sungai Musiman"}, "geometry": {"type": "LineString", "coordinates": [[113.891493, -8.357146], [113.887527, -8.346291]]}}, {"type": "Feature", "properties": {"OBJECTID": 173721, "NAMOBJ": "", "FCODE": "60112", "REMARK": "Sungai Musiman"}, "geometry": {"type": "LineString", "coordinates": [[113.751569, -7.956253], [113.754918, -7.958924]]}}, {"type": "Feature", "properties": {"OBJECTID": 173722, "NAMOBJ": "", "FCODE": "60112", "REMARK": "Sungai Musiman"}, "geometry": {"type": "LineString", "coordinates": [[113.38519, -7.914228], [113.384497, -7.912191]]}}, {"type": "Feature", "properties": {"OBJECTID": 173723, "NAMOBJ": "", "FCODE": "60112", "REMARK": "Sungai Musiman"}, "geometry": {"type": "LineString", "coordinates": [[113.765495, -8.039686], [113.771978, -8.03834], [113.778242, -8.043354]]}}, {"type": "Feature", "properties": {"OBJECTID": 173724, "NAMOBJ": "", "FCODE": "60112", "REMARK": "Sungai Musiman"}, "geometry": {"type": "LineString", "coordinates": [[113.729863, -8.339561], [113.730016, -8.333287]]}}, {"type": "Feature", "properties": {"OBJECTID": 173726, "NAMOBJ": "", "FCODE": "60112", "REMARK": "Sungai Musiman"}, "geometry": {"type": "LineString", "coordinates": [[113.738132, -7.958393], [113.744526, -7.961085]]}}, {"type": "Feature", "properties": {"OBJECTID": 173729, "NAMOBJ": "", "FCODE": "60112", "REMARK": "Sungai Musiman"}, "geometry": {"type": "LineString", "coordinates": [[113.910979, -8.408837], [113.910759, -8.404551], [113.914863, -8.402824], [113.915374, -8.399483]]}}, {"type": "Feature", "properties": {"OBJECTID": 173759, "NAMOBJ": "", "FCODE": "60112", "REMARK": "Sungai Musiman"}, "geometry": {"type": "LineString", "coordinates": [[113.493493, -7.910045], [113.493337, -7.907878]]}}, {"type": "Feature", "properties": {"OBJECTID": 173765, "NAMOBJ": "", "FCODE": "60112", "REMARK": "Sungai Musiman"}, "geometry": {"type": "LineString", "coordinates": [[113.464759, -8.02149], [113.4586, -8.02143]]}}, {"type": "Feature", "properties": {"OBJECTID": 173769, "NAMOBJ": "", "FCODE": "60112", "REMARK": "Sungai Musiman"}, "geometry": {"type": "LineString", "coordinates": [[113.787177, -8.238721], [113.783581, -8.238309]]}}, {"type": "Feature", "properties": {"OBJECTID": 173781, "NAMOBJ": "", "FCODE": "60112", "REMARK": "Sungai Musiman"}, "geometry": {"type": "LineString", "coordinates": [[113.688239, -8.364181], [113.694937, -8.366285], [113.697044, -8.371598]]}}, {"type": "Feature", "properties": {"OBJECTID": 173803, "NAMOBJ": "", "FCODE": "60112", "REMARK": "Sungai Musiman"}, "geometry": {"type": "LineString", "coordinates": [[113.966371, -8.23856], [113.970807, -8.237291], [113.974191, -8.244476]]}}, {"type": "Feature", "properties": {"OBJECTID": 173804, "NAMOBJ": "", "FCODE": "60112", "REMARK": "Sungai Musiman"}, "geometry": {"type": "LineString", "coordinates": [[113.644229, -7.992535], [113.648088, -7.998069], [113.654843, -8.001107], [113.663931, -8.017984]]}}, {"type": "Feature", "properties": {"OBJECTID": 173806, "NAMOBJ": "", "FCODE": "60112", "REMARK": "Sungai Musiman"}, "geometry": {"type": "LineString", "coordinates": [[113.740481, -7.950538], [113.74006, -7.955488]]}}, {"type": "Feature", "properties": {"OBJECTID": 173831, "NAMOBJ": "", "FCODE": "60112", "REMARK": "Sungai Musiman"}, "geometry": {"type": "LineString", "coordinates": [[113.652589, -8.032118], [113.649375, -8.038728]]}}, {"type": "Feature", "properties": {"OBJECTID": 173832, "NAMOBJ": "", "FCODE": "60112", "REMARK": "Sungai Musiman"}, "geometry": {"type": "LineString", "coordinates": [[113.64502, -7.976686], [113.64363, -7.980655]]}}, {"type": "Feature", "properties": {"OBJECTID": 173841, "NAMOBJ": "", "FCODE": "60112", "REMARK": "Sungai Musiman"}, "geometry": {"type": "LineString", "coordinates": [[113.688271, -8.037922], [113.687684, -8.046069], [113.678595, -8.050875]]}}, {"type": "Feature", "properties": {"OBJECTID": 173850, "NAMOBJ": "", "FCODE": "60112", "REMARK": "Sungai Musiman"}, "geometry": {"type": "LineString", "coordinates": [[113.983099, -8.339605], [113.983491, -8.341908]]}}, {"type": "Feature", "properties": {"OBJECTID": 173856, "NAMOBJ": "", "FCODE": "60112", "REMARK": "Sungai Musiman"}, "geometry": {"type": "LineString", "coordinates": [[113.619352, -8.189117], [113.619129, -8.197136]]}}, {"type": "Feature", "properties": {"OBJECTID": 173860, "NAMOBJ": "", "FCODE": "60112", "REMARK": "Sungai Musiman"}, "geometry": {"type": "LineString", "coordinates": [[113.837912, -8.360297], [113.837847, -8.363536]]}}, {"type": "Feature", "properties": {"OBJECTID": 173865, "NAMOBJ": "", "FCODE": "60112", "REMARK": "Sungai Musiman"}, "geometry": {"type": "LineString", "coordinates": [[113.878269, -8.331477], [113.874289, -8.328517]]}}, {"type": "Feature", "properties": {"OBJECTID": 173874, "NAMOBJ": "", "FCODE": "60112", "REMARK": "Sungai Musiman"}, "geometry": {"type": "LineString", "coordinates": [[113.387298, -8.492305], [113.389575, -8.495605]]}}, {"type": "Feature", "properties": {"OBJECTID": 173879, "NAMOBJ": "", "FCODE": "60112", "REMARK": "Sungai Musiman"}, "geometry": {"type": "LineString", "coordinates": [[113.342637, -7.964468], [113.345152, -7.953759]]}}, {"type": "Feature", "properties": {"OBJECTID": 173885, "NAMOBJ": "", "FCODE": "60112", "REMARK": "Sungai Musiman"}, "geometry": {"type": "LineString", "coordinates": [[113.969776, -8.051247], [113.966648, -8.045963]]}}, {"type": "Feature", "properties": {"OBJECTID": 173889, "NAMOBJ": "", "FCODE": "60112", "REMARK": "Sungai Musiman"}, "geometry": {"type": "LineString", "coordinates": [[113.874898, -8.320242], [113.874455, -8.325786]]}}, {"type": "Feature", "properties": {"OBJECTID": 173891, "NAMOBJ": "", "FCODE": "60112", "REMARK": "Sungai Musiman"}, "geometry": {"type": "LineString", "coordinates": [[113.645376, -7.908928], [113.642087, -7.918391], [113.625493, -7.926558]]}}, {"type": "Feature", "properties": {"OBJECTID": 173898, "NAMOBJ": "", "FCODE": "60112", "REMARK": "Sungai Musiman"}, "geometry": {"type": "LineString", "coordinates": [[113.873564, -8.311421], [113.862107, -8.304652], [113.864611, -8.284697]]}}, {"type": "Feature", "properties": {"OBJECTID": 173904, "NAMOBJ": "", "FCODE": "60112", "REMARK": "Sungai Musiman"}, "geometry": {"type": "LineString", "coordinates": [[113.995872, -8.086461], [113.98154, -8.080802], [113.97495, -8.072479]]}}, {"type": "Feature", "properties": {"OBJECTID": 173906, "NAMOBJ": "", "FCODE": "60112", "REMARK": "Sungai Musiman"}, "geometry": {"type": "LineString", "coordinates": [[113.449982, -8.050008], [113.450026, -8.053062]]}}, {"type": "Feature", "properties": {"OBJECTID": 173911, "NAMOBJ": "", "FCODE": "60112", "REMARK": "Sungai Musiman"}, "geometry": {"type": "LineString", "coordinates": [[113.934731, -8.4419], [113.937458, -8.448505]]}}, {"type": "Feature", "properties": {"OBJECTID": 173912, "NAMOBJ": "", "FCODE": "60112", "REMARK": "Sungai Musiman"}, "geometry": {"type": "LineString", "coordinates": [[113.715865, -8.153299], [113.715865, -8.153299]]}}, {"type": "Feature", "properties": {"OBJECTID": 173916, "NAMOBJ": "", "FCODE": "60112", "REMARK": "Sungai Musiman"}, "geometry": {"type": "LineString", "coordinates": [[113.559923, -8.091586], [113.562581, -8.087753]]}}, {"type": "Feature", "properties": {"OBJECTID": 173921, "NAMOBJ": "", "FCODE": "60112", "REMARK": "Sungai Musiman"}, "geometry": {"type": "LineString", "coordinates": [[113.563849, -8.134121], [113.562352, -8.144966]]}}, {"type": "Feature", "properties": {"OBJECTID": 173925, "NAMOBJ": "", "FCODE": "60112", "REMARK": "Sungai Musiman"}, "geometry": {"type": "LineString", "coordinates": [[113.620576, -7.923119], [113.613091, -7.92232]]}}, {"type": "Feature", "properties": {"OBJECTID": 173931, "NAMOBJ": "", "FCODE": "60112", "REMARK": "Sungai Musiman"}, "geometry": {"type": "LineString", "coordinates": [[113.641903, -7.916831], [113.636324, -7.917792]]}}, {"type": "Feature", "properties": {"OBJECTID": 173932, "NAMOBJ": "", "FCODE": "60112", "REMARK": "Sungai Musiman"}, "geometry": {"type": "LineString", "coordinates": [[113.932709, -8.291586], [113.935551, -8.291993]]}}, {"type": "Feature", "properties": {"OBJECTID": 173943, "NAMOBJ": "", "FCODE": "60112", "REMARK": "Sungai Musiman"}, "geometry": {"type": "LineString", "coordinates": [[113.714366, -8.451672], [113.710752, -8.457733]]}}, {"type": "Feature", "properties": {"OBJECTID": 173949, "NAMOBJ": "", "FCODE": "60112", "REMARK": "Sungai Musiman"}, "geometry": {"type": "LineString", "coordinates": [[113.689055, -7.991707], [113.687448, -7.987129]]}}, {"type": "Feature", "properties": {"OBJECTID": 173950, "NAMOBJ": "", "FCODE": "60112", "REMARK": "Sungai Musiman"}, "geometry": {"type": "LineString", "coordinates": [[113.478402, -8.059077], [113.473155, -8.071578], [113.474728, -8.078037]]}}, {"type": "Feature", "properties": {"OBJECTID": 173975, "NAMOBJ": "", "FCODE": "60112", "REMARK": "Sungai Musiman"}, "geometry": {"type": "LineString", "coordinates": [[113.709073, -7.97608], [113.724773, -7.974269]]}}, {"type": "Feature", "properties": {"OBJECTID": 173983, "NAMOBJ": "", "FCODE": "60112", "REMARK": "Sungai Musiman"}, "geometry": {"type": "LineString", "coordinates": [[113.917497, -8.447653], [113.920206, -8.460934]]}}, {"type": "Feature", "properties": {"OBJECTID": 173986, "NAMOBJ": "", "FCODE": "60112", "REMARK": "Sungai Musiman"}, "geometry": {"type": "LineString", "coordinates": [[113.59499, -8.08621], [113.595039, -8.083397]]}}, {"type": "Feature", "properties": {"OBJECTID": 173990, "NAMOBJ": "", "FCODE": "60112", "REMARK": "Sungai Musiman"}, "geometry": {"type": "LineString", "coordinates": [[113.501469, -7.935941], [113.499395, -7.933004], [113.485469, -7.932596]]}}, {"type": "Feature", "properties": {"OBJECTID": 173991, "NAMOBJ": "", "FCODE": "60112", "REMARK": "Sungai Musiman"}, "geometry": {"type": "LineString", "coordinates": [[113.344878, -8.023838], [113.346917, -8.03238]]}}, {"type": "Feature", "properties": {"OBJECTID": 173993, "NAMOBJ": "", "FCODE": "60112", "REMARK": "Sungai Musiman"}, "geometry": {"type": "LineString", "coordinates": [[113.731636, -7.931439], [113.742124, -7.911816]]}}, {"type": "Feature", "properties": {"OBJECTID": 173998, "NAMOBJ": "", "FCODE": "60112", "REMARK": "Sungai Musiman"}, "geometry": {"type": "LineString", "coordinates": [[113.865288, -8.343461], [113.866797, -8.345551]]}}, {"type": "Feature", "properties": {"OBJECTID": 173999, "NAMOBJ": "", "FCODE": "60112", "REMARK": "Sungai Musiman"}, "geometry": {"type": "LineString", "coordinates": [[113.503514, -8.096443], [113.494364, -8.110483]]}}, {"type": "Feature", "properties": {"OBJECTID": 174004, "NAMOBJ": "", "FCODE": "60112", "REMARK": "Sungai Musiman"}, "geometry": {"type": "LineString", "coordinates": [[113.938998, -8.45397], [113.940579, -8.450354]]}}, {"type": "Feature", "properties": {"OBJECTID": 174005, "NAMOBJ": "", "FCODE": "60112", "REMARK": "Sungai Musiman"}, "geometry": {"type": "LineString", "coordinates": [[113.99528, -7.896468], [113.998979, -7.911577]]}}, {"type": "Feature", "properties": {"OBJECTID": 174008, "NAMOBJ": "", "FCODE": "60112", "REMARK": "Sungai Musiman"}, "geometry": {"type": "LineString", "coordinates": [[113.904529, -8.390472], [113.908013, -8.381369]]}}, {"type": "Feature", "properties": {"OBJECTID": 174010, "NAMOBJ": "", "FCODE": "60112", "REMARK": "Sungai Musiman"}, "geometry": {"type": "LineString", "coordinates": [[113.382743, -8.464756], [113.382033, -8.458698]]}}, {"type": "Feature", "properties": {"OBJECTID": 174015, "NAMOBJ": "", "FCODE": "60112", "REMARK": "Sungai Musiman"}, "geometry": {"type": "LineString", "coordinates": [[113.568484, -7.968802], [113.559804, -7.993797]]}}, {"type": "Feature", "properties": {"OBJECTID": 174017, "NAMOBJ": "", "FCODE": "60112", "REMARK": "Sungai Musiman"}, "geometry": {"type": "LineString", "coordinates": [[113.77947, -8.33465], [113.774821, -8.325595]]}}, {"type": "Feature", "properties": {"OBJECTID": 174018, "NAMOBJ": "", "FCODE": "60112", "REMARK": "Sungai Musiman"}, "geometry": {"type": "LineString", "coordinates": [[113.855409, -8.291046], [113.859579, -8.291537]]}}, {"type": "Feature", "properties": {"OBJECTID": 174023, "NAMOBJ": "", "FCODE": "60112", "REMARK": "Sungai Musiman"}, "geometry": {"type": "LineString", "coordinates": [[113.761187, -8.352073], [113.75699, -8.349646]]}}, {"type": "Feature", "properties": {"OBJECTID": 174038, "NAMOBJ": "", "FCODE": "60112", "REMARK": "Sungai Musiman"}, "geometry": {"type": "LineString", "coordinates": [[113.471111, -8.055589], [113.470475, -8.052391]]}}, {"type": "Feature", "properties": {"OBJECTID": 174048, "NAMOBJ": "", "FCODE": "60112", "REMARK": "Sungai Musiman"}, "geometry": {"type": "LineString", "coordinates": [[113.39479, -7.902798], [113.391634, -7.902393]]}}, {"type": "Feature", "properties": {"OBJECTID": 174064, "NAMOBJ": "", "FCODE": "60112", "REMARK": "Sungai Musiman"}, "geometry": {"type": "LineString", "coordinates": [[113.527196, -7.977555], [113.508276, -7.964385]]}}, {"type": "Feature", "properties": {"OBJECTID": 174070, "NAMOBJ": "", "FCODE": "60112", "REMARK": "Sungai Musiman"}, "geometry": {"type": "LineString", "coordinates": [[113.710615, -8.01549], [113.714389, -8.01509]]}}, {"type": "Feature", "properties": {"OBJECTID": 174082, "NAMOBJ": "", "FCODE": "60112", "REMARK": "Sungai Musiman"}, "geometry": {"type": "LineString", "coordinates": [[113.465093, -8.084789], [113.462175, -8.087356]]}}, {"type": "Feature", "properties": {"OBJECTID": 174091, "NAMOBJ": "", "FCODE": "60112", "REMARK": "Sungai Musiman"}, "geometry": {"type": "LineString", "coordinates": [[113.989449, -8.075327], [113.983284, -8.075102]]}}, {"type": "Feature", "properties": {"OBJECTID": 174114, "NAMOBJ": "", "FCODE": "60112", "REMARK": "Sungai Musiman"}, "geometry": {"type": "LineString", "coordinates": [[113.380861, -8.029959], [113.379471, -8.036646]]}}, {"type": "Feature", "properties": {"OBJECTID": 174122, "NAMOBJ": "", "FCODE": "60112", "REMARK": "Sungai Musiman"}, "geometry": {"type": "LineString", "coordinates": [[113.36192, -8.036633], [113.361952, -8.03332]]}}, {"type": "Feature", "properties": {"OBJECTID": 174134, "NAMOBJ": "", "FCODE": "60112", "REMARK": "Sungai Musiman"}, "geometry": {"type": "LineString", "coordinates": [[113.384001, -7.904321], [113.382445, -7.901188]]}}, {"type": "Feature", "properties": {"OBJECTID": 174143, "NAMOBJ": "", "FCODE": "60112", "REMARK": "Sungai Musiman"}, "geometry": {"type": "LineString", "coordinates": [[113.913748, -8.399539], [113.911447, -8.403752]]}}, {"type": "Feature", "properties": {"OBJECTID": 174149, "NAMOBJ": "", "FCODE": "60112", "REMARK": "Sungai Musiman"}, "geometry": {"type": "LineString", "coordinates": [[113.88473, -8.204545], [113.88228, -8.206556]]}}, {"type": "Feature", "properties": {"OBJECTID": 174152, "NAMOBJ": "", "FCODE": "60112", "REMARK": "Sungai Musiman"}, "geometry": {"type": "LineString", "coordinates": [[113.820815, -7.903585], [113.830959, -7.907877], [113.841232, -7.908314]]}}, {"type": "Feature", "properties": {"OBJECTID": 174166, "NAMOBJ": "", "FCODE": "60112", "REMARK": "Sungai Musiman"}, "geometry": {"type": "LineString", "coordinates": [[113.538797, -7.974046], [113.534749, -7.969837]]}}, {"type": "Feature", "properties": {"OBJECTID": 174167, "NAMOBJ": "", "FCODE": "60112", "REMARK": "Sungai Musiman"}, "geometry": {"type": "LineString", "coordinates": [[113.866883, -8.331727], [113.866078, -8.329693]]}}, {"type": "Feature", "properties": {"OBJECTID": 174168, "NAMOBJ": "", "FCODE": "60112", "REMARK": "Sungai Musiman"}, "geometry": {"type": "LineString", "coordinates": [[113.349597, -7.975251], [113.369544, -7.957796]]}}, {"type": "Feature", "properties": {"OBJECTID": 174170, "NAMOBJ": "", "FCODE": "60112", "REMARK": "Sungai Musiman"}, "geometry": {"type": "LineString", "coordinates": [[113.689003, -7.957055], [113.694848, -7.954597]]}}, {"type": "Feature", "properties": {"OBJECTID": 174172, "NAMOBJ": "", "FCODE": "60112", "REMARK": "Sungai Musiman"}, "geometry": {"type": "LineString", "coordinates": [[113.841772, -8.361813], [113.843227, -8.356115]]}}, {"type": "Feature", "properties": {"OBJECTID": 174175, "NAMOBJ": "", "FCODE": "60112", "REMARK": "Sungai Musiman"}, "geometry": {"type": "LineString", "coordinates": [[113.452236, -7.901724], [113.448223, -7.899497]]}}, {"type": "Feature", "properties": {"OBJECTID": 174184, "NAMOBJ": "", "FCODE": "60112", "REMARK": "Sungai Musiman"}, "geometry": {"type": "LineString", "coordinates": [[113.415235, -7.948425], [113.414689, -7.951234]]}}, {"type": "Feature", "properties": {"OBJECTID": 174190, "NAMOBJ": "", "FCODE": "60112", "REMARK": "Sungai Musiman"}, "geometry": {"type": "LineString", "coordinates": [[113.362988, -8.461025], [113.36845, -8.455689]]}}, {"type": "Feature", "properties": {"OBJECTID": 174196, "NAMOBJ": "", "FCODE": "60112", "REMARK": "Sungai Musiman"}, "geometry": {"type": "LineString", "coordinates": [[113.989208, -7.930064], [113.990022, -7.930458]]}}, {"type": "Feature", "properties": {"OBJECTID": 174201, "NAMOBJ": "", "FCODE": "60112", "REMARK": "Sungai Musiman"}, "geometry": {"type": "LineString", "coordinates": [[113.594166, -7.956469], [113.609639, -7.942562]]}}, {"type": "Feature", "properties": {"OBJECTID": 174202, "NAMOBJ": "", "FCODE": "60112", "REMARK": "Sungai Musiman"}, "geometry": {"type": "LineString", "coordinates": [[113.540958, -7.914189], [113.537185, -7.91328]]}}, {"type": "Feature", "properties": {"OBJECTID": 174208, "NAMOBJ": "", "FCODE": "60112", "REMARK": "Sungai Musiman"}, "geometry": {"type": "LineString", "coordinates": [[113.688497, -8.418788], [113.692713, -8.409917]]}}, {"type": "Feature", "properties": {"OBJECTID": 174211, "NAMOBJ": "", "FCODE": "60112", "REMARK": "Sungai Musiman"}, "geometry": {"type": "LineString", "coordinates": [[113.45205, -7.951557], [113.453773, -7.947088]]}}, {"type": "Feature", "properties": {"OBJECTID": 174213, "NAMOBJ": "", "FCODE": "60112", "REMARK": "Sungai Musiman"}, "geometry": {"type": "LineString", "coordinates": [[113.700644, -8.023982], [113.705633, -8.022956], [113.70732, -8.018939]]}}, {"type": "Feature", "properties": {"OBJECTID": 174240, "NAMOBJ": "", "FCODE": "60112", "REMARK": "Sungai Musiman"}, "geometry": {"type": "LineString", "coordinates": [[113.959688, -8.491305], [113.965049, -8.49824]]}}, {"type": "Feature", "properties": {"OBJECTID": 174243, "NAMOBJ": "", "FCODE": "60112", "REMARK": "Sungai Musiman"}, "geometry": {"type": "LineString", "coordinates": [[113.556164, -8.058994], [113.556571, -8.053668]]}}, {"type": "Feature", "properties": {"OBJECTID": 174249, "NAMOBJ": "", "FCODE": "60112", "REMARK": "Sungai Musiman"}, "geometry": {"type": "LineString", "coordinates": [[113.538157, -8.18125], [113.536979, -8.186836], [113.540425, -8.200953]]}}, {"type": "Feature", "properties": {"OBJECTID": 174253, "NAMOBJ": "", "FCODE": "60112", "REMARK": "Sungai Musiman"}, "geometry": {"type": "LineString", "coordinates": [[113.706992, -8.22196], [113.699517, -8.221987], [113.695349, -8.219042], [113.69316, -8.22188], [113.687318, -8.221588], [113.678086, -8.216398], [113.664728, -8.216333], [113.662133, -8.212922]]}}, {"type": "Feature", "properties": {"OBJECTID": 174258, "NAMOBJ": "", "FCODE": "60112", "REMARK": "Sungai Musiman"}, "geometry": {"type": "LineString", "coordinates": [[113.963236, -8.480511], [113.964581, -8.47735]]}}, {"type": "Feature", "properties": {"OBJECTID": 174261, "NAMOBJ": "", "FCODE": "60112", "REMARK": "Sungai Musiman"}, "geometry": {"type": "LineString", "coordinates": [[113.904049, -8.388722], [113.905389, -8.386848]]}}, {"type": "Feature", "properties": {"OBJECTID": 174262, "NAMOBJ": "", "FCODE": "60112", "REMARK": "Sungai Musiman"}, "geometry": {"type": "LineString", "coordinates": [[113.559721, -7.994022], [113.559804, -7.993797]]}}, {"type": "Feature", "properties": {"OBJECTID": 174263, "NAMOBJ": "", "FCODE": "60112", "REMARK": "Sungai Musiman"}, "geometry": {"type": "LineString", "coordinates": [[113.9935, -8.326442], [113.993901, -8.324725]]}}, {"type": "Feature", "properties": {"OBJECTID": 174264, "NAMOBJ": "", "FCODE": "60112", "REMARK": "Sungai Musiman"}, "geometry": {"type": "LineString", "coordinates": [[113.945239, -8.055373], [113.93892, -8.049206]]}}, {"type": "Feature", "properties": {"OBJECTID": 174269, "NAMOBJ": "", "FCODE": "60112", "REMARK": "Sungai Musiman"}, "geometry": {"type": "LineString", "coordinates": [[113.878649, -8.432345], [113.879138, -8.436249]]}}, {"type": "Feature", "properties": {"OBJECTID": 174276, "NAMOBJ": "", "FCODE": "60112", "REMARK": "Sungai Musiman"}, "geometry": {"type": "LineString", "coordinates": [[113.656884, -8.025268], [113.659607, -8.022497]]}}, {"type": "Feature", "properties": {"OBJECTID": 174288, "NAMOBJ": "", "FCODE": "60112", "REMARK": "Sungai Musiman"}, "geometry": {"type": "LineString", "coordinates": [[113.507348, -8.054116], [113.509358, -8.05364]]}}, {"type": "Feature", "properties": {"OBJECTID": 174291, "NAMOBJ": "", "FCODE": "60112", "REMARK": "Sungai Musiman"}, "geometry": {"type": "LineString", "coordinates": [[113.841539, -8.310933], [113.835551, -8.313014]]}}, {"type": "Feature", "properties": {"OBJECTID": 174297, "NAMOBJ": "", "FCODE": "60112", "REMARK": "Sungai Musiman"}, "geometry": {"type": "LineString", "coordinates": [[113.483166, -8.009107], [113.481813, -8.013499]]}}, {"type": "Feature", "properties": {"OBJECTID": 174302, "NAMOBJ": "", "FCODE": "60112", "REMARK": "Sungai Musiman"}, "geometry": {"type": "LineString", "coordinates": [[113.621282, -8.04521], [113.628117, -8.056469]]}}, {"type": "Feature", "properties": {"OBJECTID": 174307, "NAMOBJ": "", "FCODE": "60112", "REMARK": "Sungai Musiman"}, "geometry": {"type": "LineString", "coordinates": [[113.947242, -8.047115], [113.939788, -8.042769]]}}, {"type": "Feature", "properties": {"OBJECTID": 174308, "NAMOBJ": "", "FCODE": "60112", "REMARK": "Sungai Musiman"}, "geometry": {"type": "LineString", "coordinates": [[113.910425, -8.412779], [113.913454, -8.411009]]}}, {"type": "Feature", "properties": {"OBJECTID": 174333, "NAMOBJ": "", "FCODE": "60112", "REMARK": "Sungai Musiman"}, "geometry": {"type": "LineString", "coordinates": [[113.533335, -8.008853], [113.547213, -8.009985]]}}, {"type": "Feature", "properties": {"OBJECTID": 174347, "NAMOBJ": "", "FCODE": "60112", "REMARK": "Sungai Musiman"}, "geometry": {"type": "LineString", "coordinates": [[113.696808, -8.053778], [113.694104, -8.055629]]}}, {"type": "Feature", "properties": {"OBJECTID": 174348, "NAMOBJ": "", "FCODE": "60112", "REMARK": "Sungai Musiman"}, "geometry": {"type": "LineString", "coordinates": [[113.993133, -8.168432], [113.988424, -8.174193], [113.989352, -8.179096]]}}, {"type": "Feature", "properties": {"OBJECTID": 174351, "NAMOBJ": "", "FCODE": "60112", "REMARK": "Sungai Musiman"}, "geometry": {"type": "LineString", "coordinates": [[113.904693, -8.364912], [113.905725, -8.35691], [113.900886, -8.351328]]}}, {"type": "Feature", "properties": {"OBJECTID": 174362, "NAMOBJ": "", "FCODE": "60112", "REMARK": "Sungai Musiman"}, "geometry": {"type": "LineString", "coordinates": [[113.360274, -8.030019], [113.361976, -8.022783], [113.357334, -8.01399], [113.356118, -7.99458], [113.348019, -7.981585]]}}, {"type": "Feature", "properties": {"OBJECTID": 174375, "NAMOBJ": "", "FCODE": "60112", "REMARK": "Sungai Musiman"}, "geometry": {"type": "LineString", "coordinates": [[113.692615, -8.350338], [113.694419, -8.348483]]}}, {"type": "Feature", "properties": {"OBJECTID": 178012, "NAMOBJ": "", "FCODE": "60112", "REMARK": "Sungai Musiman"}, "geometry": {"type": "LineString", "coordinates": [[113.986706, -8.176806], [113.989067, -8.177592]]}}, {"type": "Feature", "properties": {"OBJECTID": 178013, "NAMOBJ": "", "FCODE": "60112", "REMARK": "Sungai Musiman"}, "geometry": {"type": "LineString", "coordinates": [[113.645846, -8.033787], [113.651183, -8.026247]]}}, {"type": "Feature", "properties": {"OBJECTID": 178014, "NAMOBJ": "", "FCODE": "60112", "REMARK": "Sungai Musiman"}, "geometry": {"type": "LineString", "coordinates": [[113.5355, -8.157325], [113.533982, -8.160323]]}}, {"type": "Feature", "properties": {"OBJECTID": 178021, "NAMOBJ": "", "FCODE": "60112", "REMARK": "Sungai Musiman"}, "geometry": {"type": "LineString", "coordinates": [[113.938863, -7.920441], [113.951245, -7.930326], [113.963036, -7.948938]]}}, {"type": "Feature", "properties": {"OBJECTID": 178032, "NAMOBJ": "", "FCODE": "60112", "REMARK": "Sungai Musiman"}, "geometry": {"type": "LineString", "coordinates": [[113.463766, -7.976705], [113.464244, -7.974604]]}}, {"type": "Feature", "properties": {"OBJECTID": 178033, "NAMOBJ": "", "FCODE": "60112", "REMARK": "Sungai Musiman"}, "geometry": {"type": "LineString", "coordinates": [[113.414303, -8.023466], [113.430407, -8.019093]]}}, {"type": "Feature", "properties": {"OBJECTID": 178035, "NAMOBJ": "", "FCODE": "60112", "REMARK": "Sungai Musiman"}, "geometry": {"type": "LineString", "coordinates": [[113.986038, -7.924538], [113.98794, -7.924098]]}}, {"type": "Feature", "properties": {"OBJECTID": 178037, "NAMOBJ": "", "FCODE": "60112", "REMARK": "Sungai Musiman"}, "geometry": {"type": "LineString", "coordinates": [[113.90734, -8.403544], [113.90755, -8.406964]]}}, {"type": "Feature", "properties": {"OBJECTID": 178043, "NAMOBJ": "", "FCODE": "60112", "REMARK": "Sungai Musiman"}, "geometry": {"type": "LineString", "coordinates": [[113.557083, -7.960939], [113.537054, -7.942863], [113.517356, -7.940245], [113.504711, -7.927174], [113.500002, -7.927429], [113.492236, -7.92202], [113.490554, -7.918593], [113.493254, -7.902854]]}}, {"type": "Feature", "properties": {"OBJECTID": 178044, "NAMOBJ": "", "FCODE": "60112", "REMARK": "Sungai Musiman"}, "geometry": {"type": "LineString", "coordinates": [[113.989646, -7.906256], [113.988821, -7.901676]]}}, {"type": "Feature", "properties": {"OBJECTID": 178045, "NAMOBJ": "", "FCODE": "60112", "REMARK": "Sungai Musiman"}, "geometry": {"type": "LineString", "coordinates": [[113.351937, -8.021417], [113.35552, -8.007462], [113.349238, -7.993159]]}}, {"type": "Feature", "properties": {"OBJECTID": 178046, "NAMOBJ": "", "FCODE": "60112", "REMARK": "Sungai Musiman"}, "geometry": {"type": "LineString", "coordinates": [[113.709528, -8.144632], [113.708204, -8.13474]]}}, {"type": "Feature", "properties": {"OBJECTID": 178048, "NAMOBJ": "", "FCODE": "60112", "REMARK": "Sungai Musiman"}, "geometry": {"type": "LineString", "coordinates": [[113.439303, -8.109667], [113.432737, -8.115207], [113.424346, -8.112821], [113.419499, -8.115279]]}}, {"type": "Feature", "properties": {"OBJECTID": 178057, "NAMOBJ": "", "FCODE": "60112", "REMARK": "Sungai Musiman"}, "geometry": {"type": "LineString", "coordinates": [[113.487598, -8.018957], [113.485475, -8.015188]]}}, {"type": "Feature", "properties": {"OBJECTID": 178058, "NAMOBJ": "", "FCODE": "60112", "REMARK": "Sungai Musiman"}, "geometry": {"type": "LineString", "coordinates": [[113.400444, -7.917937], [113.39917, -7.919901]]}}, {"type": "Feature", "properties": {"OBJECTID": 178060, "NAMOBJ": "", "FCODE": "60112", "REMARK": "Sungai Musiman"}, "geometry": {"type": "LineString", "coordinates": [[113.761638, -8.261131], [113.759332, -8.264847]]}}, {"type": "Feature", "properties": {"OBJECTID": 178073, "NAMOBJ": "", "FCODE": "60112", "REMARK": "Sungai Musiman"}, "geometry": {"type": "LineString", "coordinates": [[113.382073, -8.084796], [113.376951, -8.089872]]}}, {"type": "Feature", "properties": {"OBJECTID": 178076, "NAMOBJ": "", "FCODE": "60112", "REMARK": "Sungai Musiman"}, "geometry": {"type": "LineString", "coordinates": [[113.829726, -8.375], [113.828496, -8.374067]]}}, {"type": "Feature", "properties": {"OBJECTID": 178080, "NAMOBJ": "", "FCODE": "60112", "REMARK": "Sungai Musiman"}, "geometry": {"type": "LineString", "coordinates": [[113.685434, -8.354521], [113.687664, -8.345021], [113.684865, -8.336916]]}}, {"type": "Feature", "properties": {"OBJECTID": 178090, "NAMOBJ": "", "FCODE": "60112", "REMARK": "Sungai Musiman"}, "geometry": {"type": "LineString", "coordinates": [[113.973802, -8.351448], [113.975964, -8.355006]]}}, {"type": "Feature", "properties": {"OBJECTID": 178093, "NAMOBJ": "", "FCODE": "60112", "REMARK": "Sungai Musiman"}, "geometry": {"type": "LineString", "coordinates": [[113.809268, -8.231178], [113.817249, -8.230969]]}}, {"type": "Feature", "properties": {"OBJECTID": 178096, "NAMOBJ": "", "FCODE": "60112", "REMARK": "Sungai Musiman"}, "geometry": {"type": "LineString", "coordinates": [[113.388125, -7.930138], [113.378354, -7.931436]]}}, {"type": "Feature", "properties": {"OBJECTID": 178104, "NAMOBJ": "", "FCODE": "60112", "REMARK": "Sungai Musiman"}, "geometry": {"type": "LineString", "coordinates": [[113.705446, -8.061252], [113.708314, -8.060815]]}}, {"type": "Feature", "properties": {"OBJECTID": 178108, "NAMOBJ": "", "FCODE": "60112", "REMARK": "Sungai Musiman"}, "geometry": {"type": "LineString", "coordinates": [[113.657404, -8.041113], [113.662113, -8.045093]]}}, {"type": "Feature", "properties": {"OBJECTID": 178112, "NAMOBJ": "", "FCODE": "60112", "REMARK": "Sungai Musiman"}, "geometry": {"type": "LineString", "coordinates": [[113.451016, -8.002808], [113.455203, -7.998305]]}}, {"type": "Feature", "properties": {"OBJECTID": 178116, "NAMOBJ": "", "FCODE": "60112", "REMARK": "Sungai Musiman"}, "geometry": {"type": "LineString", "coordinates": [[113.818593, -8.148424], [113.809918, -8.160838], [113.813793, -8.164151]]}}, {"type": "Feature", "properties": {"OBJECTID": 178118, "NAMOBJ": "", "FCODE": "60112", "REMARK": "Sungai Musiman"}, "geometry": {"type": "LineString", "coordinates": [[113.438454, -8.006883], [113.436351, -8.003562]]}}, {"type": "Feature", "properties": {"OBJECTID": 178126, "NAMOBJ": "", "FCODE": "60112", "REMARK": "Sungai Musiman"}, "geometry": {"type": "LineString", "coordinates": [[113.99785, -8.033193], [113.991808, -8.024191]]}}, {"type": "Feature", "properties": {"OBJECTID": 178129, "NAMOBJ": "", "FCODE": "60112", "REMARK": "Sungai Musiman"}, "geometry": {"type": "LineString", "coordinates": [[113.455808, -7.922341], [113.452402, -7.912841]]}}, {"type": "Feature", "properties": {"OBJECTID": 178137, "NAMOBJ": "", "FCODE": "60112", "REMARK": "Sungai Musiman"}, "geometry": {"type": "LineString", "coordinates": [[113.824283, -8.213128], [113.822272, -8.22164]]}}, {"type": "Feature", "properties": {"OBJECTID": 178140, "NAMOBJ": "", "FCODE": "60112", "REMARK": "Sungai Musiman"}, "geometry": {"type": "LineString", "coordinates": [[113.370331, -7.910535], [113.370393, -7.908209]]}}, {"type": "Feature", "properties": {"OBJECTID": 178143, "NAMOBJ": "", "FCODE": "60112", "REMARK": "Sungai Musiman"}, "geometry": {"type": "LineString", "coordinates": [[113.486678, -8.143604], [113.484489, -8.149894]]}}, {"type": "Feature", "properties": {"OBJECTID": 178168, "NAMOBJ": "", "FCODE": "60112", "REMARK": "Sungai Musiman"}, "geometry": {"type": "LineString", "coordinates": [[113.782366, -8.224473], [113.772334, -8.21597]]}}, {"type": "Feature", "properties": {"OBJECTID": 178169, "NAMOBJ": "", "FCODE": "60112", "REMARK": "Sungai Musiman"}, "geometry": {"type": "LineString", "coordinates": [[113.784611, -8.266654], [113.779295, -8.267939]]}}, {"type": "Feature", "properties": {"OBJECTID": 178172, "NAMOBJ": "", "FCODE": "60112", "REMARK": "Sungai Musiman"}, "geometry": {"type": "LineString", "coordinates": [[113.805619, -8.217264], [113.806285, -8.220471]]}}, {"type": "Feature", "properties": {"OBJECTID": 178182, "NAMOBJ": "", "FCODE": "60112", "REMARK": "Sungai Musiman"}, "geometry": {"type": "LineString", "coordinates": [[114.001373, -8.428517], [113.996917, -8.410021]]}}, {"type": "Feature", "properties": {"OBJECTID": 178183, "NAMOBJ": "", "FCODE": "60112", "REMARK": "Sungai Musiman"}, "geometry": {"type": "LineString", "coordinates": [[113.643221, -8.108878], [113.643924, -8.118998], [113.639581, -8.131757]]}}, {"type": "Feature", "properties": {"OBJECTID": 178184, "NAMOBJ": "", "FCODE": "60112", "REMARK": "Sungai Musiman"}, "geometry": {"type": "LineString", "coordinates": [[113.863876, -8.233615], [113.871166, -8.231987]]}}, {"type": "Feature", "properties": {"OBJECTID": 178185, "NAMOBJ": "", "FCODE": "60112", "REMARK": "Sungai Musiman"}, "geometry": {"type": "LineString", "coordinates": [[113.916512, -8.403223], [113.914863, -8.402824]]}}, {"type": "Feature", "properties": {"OBJECTID": 178196, "NAMOBJ": "", "FCODE": "60112", "REMARK": "Sungai Musiman"}, "geometry": {"type": "LineString", "coordinates": [[113.371285, -8.091021], [113.37344, -8.089768]]}}, {"type": "Feature", "properties": {"OBJECTID": 178197, "NAMOBJ": "", "FCODE": "60112", "REMARK": "Sungai Musiman"}, "geometry": {"type": "LineString", "coordinates": [[113.71904, -8.359871], [113.710357, -8.356525]]}}, {"type": "Feature", "properties": {"OBJECTID": 178207, "NAMOBJ": "", "FCODE": "60112", "REMARK": "Sungai Musiman"}, "geometry": {"type": "LineString", "coordinates": [[113.550561, -8.41602], [113.552275, -8.419297]]}}, {"type": "Feature", "properties": {"OBJECTID": 178227, "NAMOBJ": "", "FCODE": "60112", "REMARK": "Sungai Musiman"}, "geometry": {"type": "LineString", "coordinates": [[113.374999, -8.462213], [113.37549, -8.461717]]}}, {"type": "Feature", "properties": {"OBJECTID": 178234, "NAMOBJ": "", "FCODE": "60112", "REMARK": "Sungai Musiman"}, "geometry": {"type": "LineString", "coordinates": [[113.896935, -8.155061], [113.888695, -8.157045], [113.886233, -8.160583]]}}, {"type": "Feature", "properties": {"OBJECTID": 178246, "NAMOBJ": "", "FCODE": "60112", "REMARK": "Sungai Musiman"}, "geometry": {"type": "LineString", "coordinates": [[113.478255, -8.026625], [113.474619, -8.029318], [113.470735, -8.027792], [113.467311, -8.032338], [113.458936, -8.034815], [113.458056, -8.039833]]}}, {"type": "Feature", "properties": {"OBJECTID": 178250, "NAMOBJ": "", "FCODE": "60112", "REMARK": "Sungai Musiman"}, "geometry": {"type": "LineString", "coordinates": [[113.831276, -8.375], [113.828751, -8.372972]]}}, {"type": "Feature", "properties": {"OBJECTID": 178251, "NAMOBJ": "", "FCODE": "60112", "REMARK": "Sungai Musiman"}, "geometry": {"type": "LineString", "coordinates": [[113.97053, -8.414625], [113.967427, -8.415073]]}}, {"type": "Feature", "properties": {"OBJECTID": 178252, "NAMOBJ": "", "FCODE": "60112", "REMARK": "Sungai Musiman"}, "geometry": {"type": "LineString", "coordinates": [[113.806787, -8.156519], [113.801457, -8.157184], [113.798992, -8.163765], [113.781582, -8.17094]]}}, {"type": "Feature", "properties": {"OBJECTID": 178281, "NAMOBJ": "", "FCODE": "60112", "REMARK": "Sungai Musiman"}, "geometry": {"type": "LineString", "coordinates": [[113.967147, -8.380678], [113.972072, -8.376418]]}}, {"type": "Feature", "properties": {"OBJECTID": 178293, "NAMOBJ": "", "FCODE": "60112", "REMARK": "Sungai Musiman"}, "geometry": {"type": "LineString", "coordinates": [[113.843558, -8.41008], [113.846698, -8.422987]]}}, {"type": "Feature", "properties": {"OBJECTID": 178296, "NAMOBJ": "", "FCODE": "60112", "REMARK": "Sungai Musiman"}, "geometry": {"type": "LineString", "coordinates": [[113.910313, -8.434805], [113.914298, -8.433187]]}}, {"type": "Feature", "properties": {"OBJECTID": 178300, "NAMOBJ": "", "FCODE": "60112", "REMARK": "Sungai Musiman"}, "geometry": {"type": "LineString", "coordinates": [[113.403002, -8.467248], [113.400332, -8.469221], [113.392092, -8.466507], [113.39168, -8.4613]]}}, {"type": "Feature", "properties": {"OBJECTID": 178311, "NAMOBJ": "", "FCODE": "60112", "REMARK": "Sungai Musiman"}, "geometry": {"type": "LineString", "coordinates": [[113.615061, -8.115207], [113.611976, -8.109608]]}}, {"type": "Feature", "properties": {"OBJECTID": 178313, "NAMOBJ": "", "FCODE": "60112", "REMARK": "Sungai Musiman"}, "geometry": {"type": "LineString", "coordinates": [[113.718395, -7.956705], [113.719254, -7.953749]]}}, {"type": "Feature", "properties": {"OBJECTID": 178314, "NAMOBJ": "", "FCODE": "60112", "REMARK": "Sungai Musiman"}, "geometry": {"type": "LineString", "coordinates": [[113.437436, -8.021781], [113.42922, -8.03621], [113.415203, -8.041118]]}}, {"type": "Feature", "properties": {"OBJECTID": 178318, "NAMOBJ": "", "FCODE": "60112", "REMARK": "Sungai Musiman"}, "geometry": {"type": "LineString", "coordinates": [[113.953243, -8.079862], [113.951618, -8.077494]]}}, {"type": "Feature", "properties": {"OBJECTID": 178324, "NAMOBJ": "", "FCODE": "60112", "REMARK": "Sungai Musiman"}, "geometry": {"type": "LineString", "coordinates": [[113.335462, -8.459337], [113.338149, -8.453328]]}}, {"type": "Feature", "properties": {"OBJECTID": 178327, "NAMOBJ": "", "FCODE": "60112", "REMARK": "Sungai Musiman"}, "geometry": {"type": "LineString", "coordinates": [[113.621206, -8.190993], [113.625231, -8.182253]]}}, {"type": "Feature", "properties": {"OBJECTID": 178334, "NAMOBJ": "", "FCODE": "60112", "REMARK": "Sungai Musiman"}, "geometry": {"type": "LineString", "coordinates": [[113.860075, -8.358785], [113.861668, -8.361475]]}}, {"type": "Feature", "properties": {"OBJECTID": 178338, "NAMOBJ": "", "FCODE": "60112", "REMARK": "Sungai Musiman"}, "geometry": {"type": "LineString", "coordinates": [[113.990446, -8.154333], [113.98282, -8.161457]]}}, {"type": "Feature", "properties": {"OBJECTID": 178345, "NAMOBJ": "", "FCODE": "60112", "REMARK": "Sungai Musiman"}, "geometry": {"type": "LineString", "coordinates": [[113.607162, -8.042074], [113.607444, -8.036234]]}}, {"type": "Feature", "properties": {"OBJECTID": 178365, "NAMOBJ": "", "FCODE": "60112", "REMARK": "Sungai Musiman"}, "geometry": {"type": "LineString", "coordinates": [[113.490049, -8.401841], [113.488184, -8.399136]]}}, {"type": "Feature", "properties": {"OBJECTID": 178372, "NAMOBJ": "", "FCODE": "60112", "REMARK": "Sungai Musiman"}, "geometry": {"type": "LineString", "coordinates": [[113.918433, -8.434164], [113.918579, -8.432038]]}}, {"type": "Feature", "properties": {"OBJECTID": 178373, "NAMOBJ": "", "FCODE": "60112", "REMARK": "Sungai Musiman"}, "geometry": {"type": "LineString", "coordinates": [[113.711939, -7.935205], [113.715134, -7.933692]]}}, {"type": "Feature", "properties": {"OBJECTID": 178376, "NAMOBJ": "", "FCODE": "60112", "REMARK": "Sungai Musiman"}, "geometry": {"type": "LineString", "coordinates": [[113.531408, -8.418047], [113.532387, -8.419659]]}}, {"type": "Feature", "properties": {"OBJECTID": 178389, "NAMOBJ": "", "FCODE": "60112", "REMARK": "Sungai Musiman"}, "geometry": {"type": "LineString", "coordinates": [[113.999354, -8.157825], [113.994015, -8.164845]]}}, {"type": "Feature", "properties": {"OBJECTID": 178396, "NAMOBJ": "", "FCODE": "60112", "REMARK": "Sungai Musiman"}, "geometry": {"type": "LineString", "coordinates": [[113.422232, -8.049278], [113.418178, -8.054079]]}}, {"type": "Feature", "properties": {"OBJECTID": 178400, "NAMOBJ": "", "FCODE": "60112", "REMARK": "Sungai Musiman"}, "geometry": {"type": "LineString", "coordinates": [[113.957771, -8.402893], [113.958373, -8.401097]]}}, {"type": "Feature", "properties": {"OBJECTID": 178439, "NAMOBJ": "", "FCODE": "60112", "REMARK": "Sungai Musiman"}, "geometry": {"type": "LineString", "coordinates": [[113.966626, -8.402723], [113.968495, -8.412046], [113.961831, -8.424039]]}}, {"type": "Feature", "properties": {"OBJECTID": 178447, "NAMOBJ": "", "FCODE": "60112", "REMARK": "Sungai Musiman"}, "geometry": {"type": "LineString", "coordinates": [[113.813015, -8.342784], [113.81096, -8.339512]]}}, {"type": "Feature", "properties": {"OBJECTID": 178450, "NAMOBJ": "", "FCODE": "60112", "REMARK": "Sungai Musiman"}, "geometry": {"type": "LineString", "coordinates": [[113.806819, -8.190947], [113.805751, -8.194999], [113.800048, -8.194812]]}}, {"type": "Feature", "properties": {"OBJECTID": 178459, "NAMOBJ": "", "FCODE": "60112", "REMARK": "Sungai Musiman"}, "geometry": {"type": "LineString", "coordinates": [[113.973739, -8.024236], [113.971479, -8.021298]]}}, {"type": "Feature", "properties": {"OBJECTID": 178466, "NAMOBJ": "", "FCODE": "60112", "REMARK": "Sungai Musiman"}, "geometry": {"type": "LineString", "coordinates": [[113.954976, -8.402473], [113.95363, -8.40811]]}}, {"type": "Feature", "properties": {"OBJECTID": 178476, "NAMOBJ": "", "FCODE": "60112", "REMARK": "Sungai Musiman"}, "geometry": {"type": "LineString", "coordinates": [[113.479439, -8.112178], [113.476882, -8.119516], [113.473256, -8.121844]]}}, {"type": "Feature", "properties": {"OBJECTID": 178483, "NAMOBJ": "", "FCODE": "60112", "REMARK": "Sungai Musiman"}, "geometry": {"type": "LineString", "coordinates": [[113.342266, -7.951653], [113.339671, -7.946417]]}}, {"type": "Feature", "properties": {"OBJECTID": 178490, "NAMOBJ": "", "FCODE": "60112", "REMARK": "Sungai Musiman"}, "geometry": {"type": "LineString", "coordinates": [[113.984088, -8.132848], [113.981743, -8.134823]]}}, {"type": "Feature", "properties": {"OBJECTID": 178500, "NAMOBJ": "", "FCODE": "60112", "REMARK": "Sungai Musiman"}, "geometry": {"type": "LineString", "coordinates": [[113.872021, -8.287637], [113.871466, -8.291236]]}}, {"type": "Feature", "properties": {"OBJECTID": 178501, "NAMOBJ": "", "FCODE": "60112", "REMARK": "Sungai Musiman"}, "geometry": {"type": "LineString", "coordinates": [[113.804066, -8.260706], [113.786444, -8.258262]]}}, {"type": "Feature", "properties": {"OBJECTID": 178503, "NAMOBJ": "", "FCODE": "60112", "REMARK": "Sungai Musiman"}, "geometry": {"type": "LineString", "coordinates": [[113.956757, -8.207959], [113.954352, -8.21744]]}}, {"type": "Feature", "properties": {"OBJECTID": 178510, "NAMOBJ": "", "FCODE": "60112", "REMARK": "Sungai Musiman"}, "geometry": {"type": "LineString", "coordinates": [[113.679865, -7.93916], [113.686683, -7.927804], [113.685673, -7.919892]]}}, {"type": "Feature", "properties": {"OBJECTID": 178511, "NAMOBJ": "", "FCODE": "60112", "REMARK": "Sungai Musiman"}, "geometry": {"type": "LineString", "coordinates": [[113.708071, -8.076599], [113.708036, -8.080669]]}}, {"type": "Feature", "properties": {"OBJECTID": 178513, "NAMOBJ": "", "FCODE": "60112", "REMARK": "Sungai Musiman"}, "geometry": {"type": "LineString", "coordinates": [[113.81792, -8.089995], [113.813529, -8.093858]]}}, {"type": "Feature", "properties": {"OBJECTID": 178520, "NAMOBJ": "", "FCODE": "60112", "REMARK": "Sungai Musiman"}, "geometry": {"type": "LineString", "coordinates": [[113.573907, -7.931551], [113.570676, -7.929024]]}}, {"type": "Feature", "properties": {"OBJECTID": 178522, "NAMOBJ": "", "FCODE": "60112", "REMARK": "Sungai Musiman"}, "geometry": {"type": "LineString", "coordinates": [[113.5413, -7.977964], [113.529055, -7.966596], [113.499781, -7.961939], [113.493836, -7.956261], [113.491417, -7.94416]]}}, {"type": "Feature", "properties": {"OBJECTID": 178526, "NAMOBJ": "", "FCODE": "60112", "REMARK": "Sungai Musiman"}, "geometry": {"type": "LineString", "coordinates": [[113.30746, -7.918944], [113.305054, -7.917425]]}}, {"type": "Feature", "properties": {"OBJECTID": 178528, "NAMOBJ": "", "FCODE": "60112", "REMARK": "Sungai Musiman"}, "geometry": {"type": "LineString", "coordinates": [[113.989182, -7.931656], [113.99101, -7.930172]]}}, {"type": "Feature", "properties": {"OBJECTID": 178531, "NAMOBJ": "", "FCODE": "60112", "REMARK": "Sungai Musiman"}, "geometry": {"type": "LineString", "coordinates": [[113.906168, -8.351582], [113.900612, -8.34699]]}}, {"type": "Feature", "properties": {"OBJECTID": 178543, "NAMOBJ": "", "FCODE": "60112", "REMARK": "Sungai Musiman"}, "geometry": {"type": "LineString", "coordinates": [[113.90032, -8.372663], [113.902124, -8.365663], [113.89762, -8.360424]]}}, {"type": "Feature", "properties": {"OBJECTID": 178551, "NAMOBJ": "", "FCODE": "60112", "REMARK": "Sungai Musiman"}, "geometry": {"type": "LineString", "coordinates": [[113.505533, -7.941509], [113.500178, -7.942872]]}}, {"type": "Feature", "properties": {"OBJECTID": 178558, "NAMOBJ": "", "FCODE": "60112", "REMARK": "Sungai Musiman"}, "geometry": {"type": "LineString", "coordinates": [[113.516972, -8.036139], [113.51764, -8.038272]]}}, {"type": "Feature", "properties": {"OBJECTID": 178559, "NAMOBJ": "", "FCODE": "60112", "REMARK": "Sungai Musiman"}, "geometry": {"type": "LineString", "coordinates": [[113.536448, -8.010508], [113.538353, -8.011686]]}}, {"type": "Feature", "properties": {"OBJECTID": 178566, "NAMOBJ": "", "FCODE": "60112", "REMARK": "Sungai Musiman"}, "geometry": {"type": "LineString", "coordinates": [[113.742256, -8.309907], [113.743159, -8.312392]]}}, {"type": "Feature", "properties": {"OBJECTID": 178571, "NAMOBJ": "", "FCODE": "60112", "REMARK": "Sungai Musiman"}, "geometry": {"type": "LineString", "coordinates": [[113.998677, -8.461688], [113.997145, -8.467054]]}}, {"type": "Feature", "properties": {"OBJECTID": 178589, "NAMOBJ": "", "FCODE": "60112", "REMARK": "Sungai Musiman"}, "geometry": {"type": "LineString", "coordinates": [[113.567783, -7.992127], [113.559721, -7.994022]]}}, {"type": "Feature", "properties": {"OBJECTID": 178590, "NAMOBJ": "", "FCODE": "60112", "REMARK": "Sungai Musiman"}, "geometry": {"type": "LineString", "coordinates": [[113.544261, -8.004678], [113.549522, -8.008529]]}}, {"type": "Feature", "properties": {"OBJECTID": 178594, "NAMOBJ": "", "FCODE": "60112", "REMARK": "Sungai Musiman"}, "geometry": {"type": "LineString", "coordinates": [[113.96941, -8.40651], [113.968465, -8.40946]]}}, {"type": "Feature", "properties": {"OBJECTID": 178596, "NAMOBJ": "", "FCODE": "60112", "REMARK": "Sungai Musiman"}, "geometry": {"type": "LineString", "coordinates": [[113.929066, -8.287108], [113.926684, -8.278845], [113.921292, -8.273778]]}}, {"type": "Feature", "properties": {"OBJECTID": 178598, "NAMOBJ": "", "FCODE": "60112", "REMARK": "Sungai Musiman"}, "geometry": {"type": "LineString", "coordinates": [[113.991252, -7.914792], [113.991072, -7.91559]]}}, {"type": "Feature", "properties": {"OBJECTID": 178599, "NAMOBJ": "", "FCODE": "60112", "REMARK": "Sungai Musiman"}, "geometry": {"type": "LineString", "coordinates": [[113.979059, -8.188247], [113.985026, -8.177836]]}}, {"type": "Feature", "properties": {"OBJECTID": 178601, "NAMOBJ": "", "FCODE": "60112", "REMARK": "Sungai Musiman"}, "geometry": {"type": "LineString", "coordinates": [[113.798009, -8.284305], [113.801127, -8.288591]]}}, {"type": "Feature", "properties": {"OBJECTID": 178606, "NAMOBJ": "", "FCODE": "60112", "REMARK": "Sungai Musiman"}, "geometry": {"type": "LineString", "coordinates": [[113.980315, -7.918815], [113.982153, -7.918177]]}}, {"type": "Feature", "properties": {"OBJECTID": 178615, "NAMOBJ": "", "FCODE": "60112", "REMARK": "Sungai Musiman"}, "geometry": {"type": "LineString", "coordinates": [[113.915677, -8.442464], [113.914907, -8.447857]]}}, {"type": "Feature", "properties": {"OBJECTID": 178624, "NAMOBJ": "", "FCODE": "60112", "REMARK": "Sungai Musiman"}, "geometry": {"type": "LineString", "coordinates": [[113.399181, -8.468988], [113.395038, -8.469834]]}}, {"type": "Feature", "properties": {"OBJECTID": 178625, "NAMOBJ": "", "FCODE": "60112", "REMARK": "Sungai Musiman"}, "geometry": {"type": "LineString", "coordinates": [[113.488676, -8.010086], [113.485167, -8.012854]]}}, {"type": "Feature", "properties": {"OBJECTID": 178628, "NAMOBJ": "", "FCODE": "60112", "REMARK": "Sungai Musiman"}, "geometry": {"type": "LineString", "coordinates": [[113.832074, -8.343485], [113.832394, -8.345488]]}}, {"type": "Feature", "properties": {"OBJECTID": 178640, "NAMOBJ": "", "FCODE": "60112", "REMARK": "Sungai Musiman"}, "geometry": {"type": "LineString", "coordinates": [[113.417115, -8.05086], [113.412689, -8.0578]]}}, {"type": "Feature", "properties": {"OBJECTID": 178642, "NAMOBJ": "", "FCODE": "60112", "REMARK": "Sungai Musiman"}, "geometry": {"type": "LineString", "coordinates": [[113.941714, -8.384975], [113.944388, -8.383032]]}}, {"type": "Feature", "properties": {"OBJECTID": 178645, "NAMOBJ": "", "FCODE": "60112", "REMARK": "Sungai Musiman"}, "geometry": {"type": "LineString", "coordinates": [[113.837008, -8.299114], [113.838627, -8.301677]]}}, {"type": "Feature", "properties": {"OBJECTID": 178648, "NAMOBJ": "", "FCODE": "60112", "REMARK": "Sungai Musiman"}, "geometry": {"type": "LineString", "coordinates": [[113.957222, -8.346359], [113.961534, -8.348209]]}}, {"type": "Feature", "properties": {"OBJECTID": 178653, "NAMOBJ": "", "FCODE": "60112", "REMARK": "Sungai Musiman"}, "geometry": {"type": "LineString", "coordinates": [[113.90649, -8.424738], [113.908455, -8.430307]]}}, {"type": "Feature", "properties": {"OBJECTID": 178654, "NAMOBJ": "", "FCODE": "60112", "REMARK": "Sungai Musiman"}, "geometry": {"type": "LineString", "coordinates": [[113.984061, -8.339195], [113.985984, -8.343826]]}}, {"type": "Feature", "properties": {"OBJECTID": 178658, "NAMOBJ": "", "FCODE": "60112", "REMARK": "Sungai Musiman"}, "geometry": {"type": "LineString", "coordinates": [[113.501825, -7.904716], [113.498539, -7.906522]]}}, {"type": "Feature", "properties": {"OBJECTID": 178659, "NAMOBJ": "", "FCODE": "60112", "REMARK": "Sungai Musiman"}, "geometry": {"type": "LineString", "coordinates": [[113.704615, -8.139507], [113.703381, -8.129059]]}}, {"type": "Feature", "properties": {"OBJECTID": 178661, "NAMOBJ": "", "FCODE": "60112", "REMARK": "Sungai Musiman"}, "geometry": {"type": "LineString", "coordinates": [[113.395242, -8.022757], [113.392338, -8.025855]]}}, {"type": "Feature", "properties": {"OBJECTID": 178674, "NAMOBJ": "", "FCODE": "60112", "REMARK": "Sungai Musiman"}, "geometry": {"type": "LineString", "coordinates": [[113.954686, -8.375547], [113.953782, -8.372937]]}}, {"type": "Feature", "properties": {"OBJECTID": 178677, "NAMOBJ": "", "FCODE": "60112", "REMARK": "Sungai Musiman"}, "geometry": {"type": "LineString", "coordinates": [[113.964735, -8.233873], [113.954939, -8.238098], [113.952524, -8.235925]]}}, {"type": "Feature", "properties": {"OBJECTID": 178697, "NAMOBJ": "", "FCODE": "60112", "REMARK": "Sungai Musiman"}, "geometry": {"type": "LineString", "coordinates": [[113.745549, -8.327638], [113.747325, -8.322169]]}}, {"type": "Feature", "properties": {"OBJECTID": 178701, "NAMOBJ": "", "FCODE": "60112", "REMARK": "Sungai Musiman"}, "geometry": {"type": "LineString", "coordinates": [[113.893255, -8.390043], [113.890505, -8.391002]]}}, {"type": "Feature", "properties": {"OBJECTID": 178703, "NAMOBJ": "", "FCODE": "60112", "REMARK": "Sungai Musiman"}, "geometry": {"type": "LineString", "coordinates": [[113.708868, -8.023263], [113.7112, -8.018828]]}}, {"type": "Feature", "properties": {"OBJECTID": 178706, "NAMOBJ": "", "FCODE": "60112", "REMARK": "Sungai Musiman"}, "geometry": {"type": "LineString", "coordinates": [[113.673549, -8.032497], [113.677724, -8.035392], [113.678741, -8.041442]]}}, {"type": "Feature", "properties": {"OBJECTID": 178719, "NAMOBJ": "", "FCODE": "60112", "REMARK": "Sungai Musiman"}, "geometry": {"type": "LineString", "coordinates": [[113.783005, -8.149361], [113.76559, -8.154219]]}}, {"type": "Feature", "properties": {"OBJECTID": 178725, "NAMOBJ": "", "FCODE": "60112", "REMARK": "Sungai Musiman"}, "geometry": {"type": "LineString", "coordinates": [[113.515689, -8.072208], [113.513298, -8.069651]]}}, {"type": "Feature", "properties": {"OBJECTID": 178728, "NAMOBJ": "", "FCODE": "60112", "REMARK": "Sungai Musiman"}, "geometry": {"type": "LineString", "coordinates": [[113.396362, -8.028168], [113.395496, -8.030621]]}}, {"type": "Feature", "properties": {"OBJECTID": 178731, "NAMOBJ": "", "FCODE": "60112", "REMARK": "Sungai Musiman"}, "geometry": {"type": "LineString", "coordinates": [[113.570264, -8.119145], [113.570006, -8.115875]]}}, {"type": "Feature", "properties": {"OBJECTID": 178733, "NAMOBJ": "", "FCODE": "60112", "REMARK": "Sungai Musiman"}, "geometry": {"type": "LineString", "coordinates": [[113.699068, -8.057882], [113.699414, -8.063589]]}}, {"type": "Feature", "properties": {"OBJECTID": 178739, "NAMOBJ": "", "FCODE": "60112", "REMARK": "Sungai Musiman"}, "geometry": {"type": "LineString", "coordinates": [[113.685519, -8.35136], [113.678185, -8.34383]]}}, {"type": "Feature", "properties": {"OBJECTID": 178745, "NAMOBJ": "", "FCODE": "60112", "REMARK": "Sungai Musiman"}, "geometry": {"type": "LineString", "coordinates": [[113.5355, -8.107383], [113.540244, -8.102456]]}}, {"type": "Feature", "properties": {"OBJECTID": 178748, "NAMOBJ": "", "FCODE": "60112", "REMARK": "Sungai Musiman"}, "geometry": {"type": "LineString", "coordinates": [[113.471386, -7.939634], [113.466379, -7.942049]]}}, {"type": "Feature", "properties": {"OBJECTID": 178752, "NAMOBJ": "", "FCODE": "60112", "REMARK": "Sungai Musiman"}, "geometry": {"type": "LineString", "coordinates": [[113.941044, -8.126131], [113.953733, -8.126569]]}}, {"type": "Feature", "properties": {"OBJECTID": 178764, "NAMOBJ": "", "FCODE": "60112", "REMARK": "Sungai Musiman"}, "geometry": {"type": "LineString", "coordinates": [[113.782215, -8.26009], [113.78456, -8.260188]]}}, {"type": "Feature", "properties": {"OBJECTID": 178769, "NAMOBJ": "", "FCODE": "60112", "REMARK": "Sungai Musiman"}, "geometry": {"type": "LineString", "coordinates": [[113.830605, -8.314582], [113.829445, -8.312513]]}}, {"type": "Feature", "properties": {"OBJECTID": 178774, "NAMOBJ": "", "FCODE": "60112", "REMARK": "Sungai Musiman"}, "geometry": {"type": "LineString", "coordinates": [[113.703062, -8.352458], [113.704262, -8.351112]]}}, {"type": "Feature", "properties": {"OBJECTID": 178777, "NAMOBJ": "", "FCODE": "60112", "REMARK": "Sungai Musiman"}, "geometry": {"type": "LineString", "coordinates": [[113.425015, -7.995818], [113.420378, -7.993252]]}}, {"type": "Feature", "properties": {"OBJECTID": 178788, "NAMOBJ": "", "FCODE": "60112", "REMARK": "Sungai Musiman"}, "geometry": {"type": "LineString", "coordinates": [[113.988659, -8.388368], [113.98664, -8.391906]]}}, {"type": "Feature", "properties": {"OBJECTID": 178790, "NAMOBJ": "", "FCODE": "60112", "REMARK": "Sungai Musiman"}, "geometry": {"type": "LineString", "coordinates": [[113.950385, -8.444553], [113.947068, -8.446998]]}}, {"type": "Feature", "properties": {"OBJECTID": 178801, "NAMOBJ": "", "FCODE": "60112", "REMARK": "Sungai Musiman"}, "geometry": {"type": "LineString", "coordinates": [[113.933939, -8.42488], [113.925718, -8.420589], [113.923678, -8.416608]]}}, {"type": "Feature", "properties": {"OBJECTID": 178826, "NAMOBJ": "", "FCODE": "60112", "REMARK": "Sungai Musiman"}, "geometry": {"type": "LineString", "coordinates": [[113.513912, -8.056523], [113.514071, -8.053823]]}}, {"type": "Feature", "properties": {"OBJECTID": 178827, "NAMOBJ": "", "FCODE": "60112", "REMARK": "Sungai Musiman"}, "geometry": {"type": "LineString", "coordinates": [[113.875703, -8.221689], [113.873856, -8.220464]]}}, {"type": "Feature", "properties": {"OBJECTID": 178831, "NAMOBJ": "", "FCODE": "60112", "REMARK": "Sungai Musiman"}, "geometry": {"type": "LineString", "coordinates": [[113.429851, -8.08305], [113.426351, -8.089832]]}}, {"type": "Feature", "properties": {"OBJECTID": 178853, "NAMOBJ": "", "FCODE": "60112", "REMARK": "Sungai Musiman"}, "geometry": {"type": "LineString", "coordinates": [[113.310182, -8.488958], [113.305822, -8.484875], [113.310107, -8.477238]]}}, {"type": "Feature", "properties": {"OBJECTID": 178859, "NAMOBJ": "", "FCODE": "60112", "REMARK": "Sungai Musiman"}, "geometry": {"type": "LineString", "coordinates": [[113.421872, -7.949193], [113.418395, -7.948752]]}}, {"type": "Feature", "properties": {"OBJECTID": 178864, "NAMOBJ": "", "FCODE": "60112", "REMARK": "Sungai Musiman"}, "geometry": {"type": "LineString", "coordinates": [[113.756063, -8.063651], [113.763486, -8.085602], [113.768996, -8.088935]]}}, {"type": "Feature", "properties": {"OBJECTID": 178866, "NAMOBJ": "", "FCODE": "60112", "REMARK": "Sungai Musiman"}, "geometry": {"type": "LineString", "coordinates": [[113.96456, -8.225592], [113.953726, -8.235974], [113.944499, -8.234914]]}}, {"type": "Feature", "properties": {"OBJECTID": 178874, "NAMOBJ": "", "FCODE": "60112", "REMARK": "Sungai Musiman"}, "geometry": {"type": "LineString", "coordinates": [[113.502445, -8.078012], [113.499792, -8.093291]]}}, {"type": "Feature", "properties": {"OBJECTID": 178883, "NAMOBJ": "", "FCODE": "60112", "REMARK": "Sungai Musiman"}, "geometry": {"type": "LineString", "coordinates": [[113.753956, -7.954555], [113.756029, -7.951276]]}}, {"type": "Feature", "properties": {"OBJECTID": 178893, "NAMOBJ": "", "FCODE": "60112", "REMARK": "Sungai Musiman"}, "geometry": {"type": "LineString", "coordinates": [[113.846825, -8.222272], [113.842035, -8.226408]]}}, {"type": "Feature", "properties": {"OBJECTID": 178898, "NAMOBJ": "", "FCODE": "60112", "REMARK": "Sungai Musiman"}, "geometry": {"type": "LineString", "coordinates": [[113.766688, -8.446849], [113.766607, -8.441924]]}}, {"type": "Feature", "properties": {"OBJECTID": 178912, "NAMOBJ": "", "FCODE": "60112", "REMARK": "Sungai Musiman"}, "geometry": {"type": "LineString", "coordinates": [[113.787788, -8.229796], [113.78394, -8.22957]]}}, {"type": "Feature", "properties": {"OBJECTID": 178914, "NAMOBJ": "", "FCODE": "60112", "REMARK": "Sungai Musiman"}, "geometry": {"type": "LineString", "coordinates": [[113.631745, -8.085406], [113.631272, -8.092817], [113.636406, -8.099775]]}}, {"type": "Feature", "properties": {"OBJECTID": 178918, "NAMOBJ": "", "FCODE": "60112", "REMARK": "Sungai Musiman"}, "geometry": {"type": "LineString", "coordinates": [[113.438801, -7.998554], [113.436086, -7.995441]]}}, {"type": "Feature", "properties": {"OBJECTID": 178930, "NAMOBJ": "", "FCODE": "60112", "REMARK": "Sungai Musiman"}, "geometry": {"type": "LineString", "coordinates": [[113.359521, -7.922903], [113.360665, -7.919839]]}}, {"type": "Feature", "properties": {"OBJECTID": 178937, "NAMOBJ": "", "FCODE": "60112", "REMARK": "Sungai Musiman"}, "geometry": {"type": "LineString", "coordinates": [[113.682318, -8.359953], [113.683595, -8.362035]]}}, {"type": "Feature", "properties": {"OBJECTID": 178947, "NAMOBJ": "", "FCODE": "60112", "REMARK": "Sungai Musiman"}, "geometry": {"type": "LineString", "coordinates": [[113.572273, -8.136855], [113.573656, -8.147999], [113.579693, -8.15229], [113.57964, -8.158852], [113.588787, -8.166774]]}}, {"type": "Feature", "properties": {"OBJECTID": 178954, "NAMOBJ": "", "FCODE": "60112", "REMARK": "Sungai Musiman"}, "geometry": {"type": "LineString", "coordinates": [[113.953071, -8.376642], [113.952335, -8.375]]}}, {"type": "Feature", "properties": {"OBJECTID": 178955, "NAMOBJ": "", "FCODE": "60112", "REMARK": "Sungai Musiman"}, "geometry": {"type": "LineString", "coordinates": [[113.483704, -8.134588], [113.481269, -8.138438]]}}, {"type": "Feature", "properties": {"OBJECTID": 178959, "NAMOBJ": "", "FCODE": "60112", "REMARK": "Sungai Musiman"}, "geometry": {"type": "LineString", "coordinates": [[113.996883, -8.049315], [113.990946, -8.040411]]}}, {"type": "Feature", "properties": {"OBJECTID": 178965, "NAMOBJ": "", "FCODE": "60112", "REMARK": "Sungai Musiman"}, "geometry": {"type": "LineString", "coordinates": [[113.496303, -8.375155], [113.499562, -8.377628], [113.499231, -8.382102]]}}, {"type": "Feature", "properties": {"OBJECTID": 178968, "NAMOBJ": "", "FCODE": "60112", "REMARK": "Sungai Musiman"}, "geometry": {"type": "LineString", "coordinates": [[113.646311, -8.43864], [113.645745, -8.438145]]}}, {"type": "Feature", "properties": {"OBJECTID": 178969, "NAMOBJ": "", "FCODE": "60112", "REMARK": "Sungai Musiman"}, "geometry": {"type": "LineString", "coordinates": [[113.781438, -8.251196], [113.775277, -8.250805]]}}, {"type": "Feature", "properties": {"OBJECTID": 178976, "NAMOBJ": "", "FCODE": "60112", "REMARK": "Sungai Musiman"}, "geometry": {"type": "LineString", "coordinates": [[113.540105, -7.957005], [113.52979, -7.957012], [113.514064, -7.948691], [113.501716, -7.9472]]}}, {"type": "Feature", "properties": {"OBJECTID": 178981, "NAMOBJ": "", "FCODE": "60112", "REMARK": "Sungai Musiman"}, "geometry": {"type": "LineString", "coordinates": [[113.988214, -8.391619], [113.99241, -8.386242]]}}, {"type": "Feature", "properties": {"OBJECTID": 178983, "NAMOBJ": "", "FCODE": "60112", "REMARK": "Sungai Musiman"}, "geometry": {"type": "LineString", "coordinates": [[113.918917, -8.068175], [113.920498, -8.071502], [113.927564, -8.071266]]}}, {"type": "Feature", "properties": {"OBJECTID": 178990, "NAMOBJ": "", "FCODE": "60112", "REMARK": "Sungai Musiman"}, "geometry": {"type": "LineString", "coordinates": [[113.573561, -7.927365], [113.567405, -7.923105], [113.55931, -7.910062]]}}, {"type": "Feature", "properties": {"OBJECTID": 179003, "NAMOBJ": "", "FCODE": "60112", "REMARK": "Sungai Musiman"}, "geometry": {"type": "LineString", "coordinates": [[113.994613, -7.930773], [113.994312, -7.932749]]}}, {"type": "Feature", "properties": {"OBJECTID": 179005, "NAMOBJ": "", "FCODE": "60112", "REMARK": "Sungai Musiman"}, "geometry": {"type": "LineString", "coordinates": [[113.912959, -8.441398], [113.91615, -8.438101], [113.914695, -8.436315]]}}, {"type": "Feature", "properties": {"OBJECTID": 179011, "NAMOBJ": "", "FCODE": "60112", "REMARK": "Sungai Musiman"}, "geometry": {"type": "LineString", "coordinates": [[113.954429, -8.069532], [113.943693, -8.06083]]}}, {"type": "Feature", "properties": {"OBJECTID": 179013, "NAMOBJ": "", "FCODE": "60112", "REMARK": "Sungai Musiman"}, "geometry": {"type": "LineString", "coordinates": [[113.380106, -8.47034], [113.376078, -8.473755]]}}, {"type": "Feature", "properties": {"OBJECTID": 182780, "NAMOBJ": "", "FCODE": "60112", "REMARK": "Sungai Musiman"}, "geometry": {"type": "LineString", "coordinates": [[113.799472, -8.307363], [113.804463, -8.309198]]}}, {"type": "Feature", "properties": {"OBJECTID": 182787, "NAMOBJ": "", "FCODE": "60112", "REMARK": "Sungai Musiman"}, "geometry": {"type": "LineString", "coordinates": [[113.939765, -8.361352], [113.93991, -8.3667], [113.94635, -8.37178]]}}, {"type": "Feature", "properties": {"OBJECTID": 182791, "NAMOBJ": "", "FCODE": "60112", "REMARK": "Sungai Musiman"}, "geometry": {"type": "LineString", "coordinates": [[113.518113, -8.115728], [113.520862, -8.115088]]}}, {"type": "Feature", "properties": {"OBJECTID": 182915, "NAMOBJ": "", "FCODE": "60112", "REMARK": "Sungai Musiman"}, "geometry": {"type": "LineString", "coordinates": [[113.686412, -8.099517], [113.685241, -8.091064]]}}, {"type": "Feature", "properties": {"OBJECTID": 182924, "NAMOBJ": "", "FCODE": "60112", "REMARK": "Sungai Musiman"}, "geometry": {"type": "LineString", "coordinates": [[114.001141, -8.163637], [113.988416, -8.182671], [113.974034, -8.192838], [113.9594, -8.195284], [113.954768, -8.191127]]}}, {"type": "Feature", "properties": {"OBJECTID": 182926, "NAMOBJ": "", "FCODE": "60112", "REMARK": "Sungai Musiman"}, "geometry": {"type": "LineString", "coordinates": [[113.730113, -8.060854], [113.728793, -8.057715], [113.731438, -8.055117]]}}, {"type": "Feature", "properties": {"OBJECTID": 182933, "NAMOBJ": "", "FCODE": "60112", "REMARK": "Sungai Musiman"}, "geometry": {"type": "LineString", "coordinates": [[113.385515, -7.914982], [113.387196, -7.914195]]}}, {"type": "Feature", "properties": {"OBJECTID": 182936, "NAMOBJ": "", "FCODE": "60112", "REMARK": "Sungai Musiman"}, "geometry": {"type": "LineString", "coordinates": [[113.518115, -8.400173], [113.518104, -8.404346], [113.511081, -8.410789]]}}, {"type": "Feature", "properties": {"OBJECTID": 182952, "NAMOBJ": "", "FCODE": "60112", "REMARK": "Sungai Musiman"}, "geometry": {"type": "LineString", "coordinates": [[113.642106, -8.463521], [113.652402, -8.456665], [113.666322, -8.45702]]}}, {"type": "Feature", "properties": {"OBJECTID": 182959, "NAMOBJ": "", "FCODE": "60112", "REMARK": "Sungai Musiman"}, "geometry": {"type": "LineString", "coordinates": [[113.575034, -8.102745], [113.577489, -8.11439], [113.595874, -8.143626]]}}, {"type": "Feature", "properties": {"OBJECTID": 182960, "NAMOBJ": "", "FCODE": "60112", "REMARK": "Sungai Musiman"}, "geometry": {"type": "LineString", "coordinates": [[113.473775, -8.12444], [113.468166, -8.125646], [113.464736, -8.132933]]}}, {"type": "Feature", "properties": {"OBJECTID": 182973, "NAMOBJ": "", "FCODE": "60112", "REMARK": "Sungai Musiman"}, "geometry": {"type": "LineString", "coordinates": [[113.483561, -8.026519], [113.478146, -8.030013]]}}, {"type": "Feature", "properties": {"OBJECTID": 182975, "NAMOBJ": "", "FCODE": "60112", "REMARK": "Sungai Musiman"}, "geometry": {"type": "LineString", "coordinates": [[113.991579, -8.356961], [114.00341, -8.35587]]}}, {"type": "Feature", "properties": {"OBJECTID": 182978, "NAMOBJ": "", "FCODE": "60112", "REMARK": "Sungai Musiman"}, "geometry": {"type": "LineString", "coordinates": [[113.604809, -7.939007], [113.608355, -7.937489]]}}, {"type": "Feature", "properties": {"OBJECTID": 182985, "NAMOBJ": "", "FCODE": "60112", "REMARK": "Sungai Musiman"}, "geometry": {"type": "LineString", "coordinates": [[113.985609, -8.057191], [113.983518, -8.05405]]}}, {"type": "Feature", "properties": {"OBJECTID": 182989, "NAMOBJ": "", "FCODE": "60112", "REMARK": "Sungai Musiman"}, "geometry": {"type": "LineString", "coordinates": [[113.580269, -7.908751], [113.584405, -7.909201]]}}, {"type": "Feature", "properties": {"OBJECTID": 182993, "NAMOBJ": "", "FCODE": "60112", "REMARK": "Sungai Musiman"}, "geometry": {"type": "LineString", "coordinates": [[113.699089, -8.000384], [113.694902, -8.00367]]}}, {"type": "Feature", "properties": {"OBJECTID": 183002, "NAMOBJ": "", "FCODE": "60112", "REMARK": "Sungai Musiman"}, "geometry": {"type": "LineString", "coordinates": [[113.444325, -8.061354], [113.446491, -8.06207]]}}, {"type": "Feature", "properties": {"OBJECTID": 183004, "NAMOBJ": "", "FCODE": "60112", "REMARK": "Sungai Musiman"}, "geometry": {"type": "LineString", "coordinates": [[113.387186, -8.018289], [113.38673, -8.020535]]}}, {"type": "Feature", "properties": {"OBJECTID": 183124, "NAMOBJ": "", "FCODE": "60112", "REMARK": "Sungai Musiman"}, "geometry": {"type": "LineString", "coordinates": [[113.398643, -8.035908], [113.392901, -8.035055], [113.385124, -8.038653], [113.371957, -8.051816]]}}, {"type": "Feature", "properties": {"OBJECTID": 183130, "NAMOBJ": "", "FCODE": "60112", "REMARK": "Sungai Musiman"}, "geometry": {"type": "LineString", "coordinates": [[113.995973, -8.409108], [114.000631, -8.40467]]}}, {"type": "Feature", "properties": {"OBJECTID": 183143, "NAMOBJ": "", "FCODE": "60112", "REMARK": "Sungai Musiman"}, "geometry": {"type": "LineString", "coordinates": [[113.879019, -8.452544], [113.876162, -8.444654]]}}, {"type": "Feature", "properties": {"OBJECTID": 183165, "NAMOBJ": "", "FCODE": "60112", "REMARK": "Sungai Musiman"}, "geometry": {"type": "LineString", "coordinates": [[113.947938, -8.218346], [113.946821, -8.224221]]}}, {"type": "Feature", "properties": {"OBJECTID": 183169, "NAMOBJ": "", "FCODE": "60112", "REMARK": "Sungai Musiman"}, "geometry": {"type": "LineString", "coordinates": [[113.962065, -8.246413], [113.968989, -8.258785]]}}, {"type": "Feature", "properties": {"OBJECTID": 183175, "NAMOBJ": "", "FCODE": "60112", "REMARK": "Sungai Musiman"}, "geometry": {"type": "LineString", "coordinates": [[113.731936, -8.307961], [113.730099, -8.291329]]}}, {"type": "Feature", "properties": {"OBJECTID": 183190, "NAMOBJ": "", "FCODE": "60112", "REMARK": "Sungai Musiman"}, "geometry": {"type": "LineString", "coordinates": [[113.980965, -8.059603], [113.977168, -8.058043]]}}, {"type": "Feature", "properties": {"OBJECTID": 183211, "NAMOBJ": "", "FCODE": "60112", "REMARK": "Sungai Musiman"}, "geometry": {"type": "LineString", "coordinates": [[113.856126, -8.364747], [113.857801, -8.367306]]}}, {"type": "Feature", "properties": {"OBJECTID": 183321, "NAMOBJ": "", "FCODE": "60112", "REMARK": "Sungai Musiman"}, "geometry": {"type": "LineString", "coordinates": [[113.889649, -8.22412], [113.874048, -8.228198]]}}, {"type": "Feature", "properties": {"OBJECTID": 183328, "NAMOBJ": "", "FCODE": "60112", "REMARK": "Sungai Musiman"}, "geometry": {"type": "LineString", "coordinates": [[113.407934, -8.031269], [113.407041, -8.033186]]}}, {"type": "Feature", "properties": {"OBJECTID": 183331, "NAMOBJ": "", "FCODE": "60112", "REMARK": "Sungai Musiman"}, "geometry": {"type": "LineString", "coordinates": [[113.702981, -8.038728], [113.701135, -8.042845]]}}, {"type": "Feature", "properties": {"OBJECTID": 183336, "NAMOBJ": "", "FCODE": "60112", "REMARK": "Sungai Musiman"}, "geometry": {"type": "LineString", "coordinates": [[113.756397, -7.968744], [113.739196, -7.956994]]}}, {"type": "Feature", "properties": {"OBJECTID": 183346, "NAMOBJ": "", "FCODE": "60112", "REMARK": "Sungai Musiman"}, "geometry": {"type": "LineString", "coordinates": [[113.913477, -8.444635], [113.914436, -8.448845]]}}, {"type": "Feature", "properties": {"OBJECTID": 183359, "NAMOBJ": "", "FCODE": "60112", "REMARK": "Sungai Musiman"}, "geometry": {"type": "LineString", "coordinates": [[113.959482, -8.338892], [113.95852, -8.344686]]}}, {"type": "Feature", "properties": {"OBJECTID": 183368, "NAMOBJ": "", "FCODE": "60112", "REMARK": "Sungai Musiman"}, "geometry": {"type": "LineString", "coordinates": [[113.515797, -7.972998], [113.494587, -7.963539], [113.492509, -7.957007]]}}, {"type": "Feature", "properties": {"OBJECTID": 183372, "NAMOBJ": "", "FCODE": "60112", "REMARK": "Sungai Musiman"}, "geometry": {"type": "LineString", "coordinates": [[113.817237, -8.33096], [113.811687, -8.331048]]}}, {"type": "Feature", "properties": {"OBJECTID": 183377, "NAMOBJ": "", "FCODE": "60112", "REMARK": "Sungai Musiman"}, "geometry": {"type": "LineString", "coordinates": [[113.828374, -8.337041], [113.827798, -8.339465]]}}, {"type": "Feature", "properties": {"OBJECTID": 183382, "NAMOBJ": "", "FCODE": "60112", "REMARK": "Sungai Musiman"}, "geometry": {"type": "LineString", "coordinates": [[113.778091, -8.241023], [113.775084, -8.239059]]}}, {"type": "Feature", "properties": {"OBJECTID": 183388, "NAMOBJ": "", "FCODE": "60112", "REMARK": "Sungai Musiman"}, "geometry": {"type": "LineString", "coordinates": [[113.811791, -8.297687], [113.809332, -8.296339]]}}, {"type": "Feature", "properties": {"OBJECTID": 183390, "NAMOBJ": "", "FCODE": "60112", "REMARK": "Sungai Musiman"}, "geometry": {"type": "LineString", "coordinates": [[113.403055, -8.043042], [113.402956, -8.045965]]}}, {"type": "Feature", "properties": {"OBJECTID": 183616, "NAMOBJ": "", "FCODE": "60112", "REMARK": "Sungai Musiman"}, "geometry": {"type": "LineString", "coordinates": [[113.368915, -8.468976], [113.374607, -8.471087], [113.378, -8.469402], [113.388012, -8.476004], [113.403707, -8.472137]]}}, {"type": "Feature", "properties": {"OBJECTID": 183636, "NAMOBJ": "", "FCODE": "60112", "REMARK": "Sungai Musiman"}, "geometry": {"type": "LineString", "coordinates": [[113.555363, -7.986821], [113.555957, -7.992359], [113.547948, -7.997265]]}}, {"type": "Feature", "properties": {"OBJECTID": 183638, "NAMOBJ": "", "FCODE": "60112", "REMARK": "Sungai Musiman"}, "geometry": {"type": "LineString", "coordinates": [[113.396494, -8.490735], [113.397555, -8.488678]]}}, {"type": "Feature", "properties": {"OBJECTID": 183642, "NAMOBJ": "", "FCODE": "60112", "REMARK": "Sungai Musiman"}, "geometry": {"type": "LineString", "coordinates": [[113.959684, -8.389946], [113.957984, -8.385261]]}}, {"type": "Feature", "properties": {"OBJECTID": 183655, "NAMOBJ": "", "FCODE": "60112", "REMARK": "Sungai Musiman"}, "geometry": {"type": "LineString", "coordinates": [[113.983818, -7.929328], [113.979805, -7.927623]]}}, {"type": "Feature", "properties": {"OBJECTID": 183663, "NAMOBJ": "", "FCODE": "60112", "REMARK": "Sungai Musiman"}, "geometry": {"type": "LineString", "coordinates": [[113.490001, -8.393321], [113.488838, -8.397045]]}}, {"type": "Feature", "properties": {"OBJECTID": 183671, "NAMOBJ": "", "FCODE": "60112", "REMARK": "Sungai Musiman"}, "geometry": {"type": "LineString", "coordinates": [[113.294667, -8.494866], [113.297443, -8.493381], [113.298217, -8.487275], [113.303983, -8.483412], [113.304463, -8.4733], [113.310732, -8.47317], [113.306208, -8.464804], [113.307747, -8.458356]]}}, {"type": "Feature", "properties": {"OBJECTID": 183674, "NAMOBJ": "", "FCODE": "60112", "REMARK": "Sungai Musiman"}, "geometry": {"type": "LineString", "coordinates": [[113.999999, -8.036734], [113.987782, -8.026005]]}}, {"type": "Feature", "properties": {"OBJECTID": 183676, "NAMOBJ": "", "FCODE": "60112", "REMARK": "Sungai Musiman"}, "geometry": {"type": "LineString", "coordinates": [[113.784079, -8.2963], [113.789504, -8.297931]]}}, {"type": "Feature", "properties": {"OBJECTID": 183682, "NAMOBJ": "", "FCODE": "60112", "REMARK": "Sungai Musiman"}, "geometry": {"type": "LineString", "coordinates": [[113.360888, -8.49343], [113.36032, -8.498076]]}}, {"type": "Feature", "properties": {"OBJECTID": 183684, "NAMOBJ": "", "FCODE": "60112", "REMARK": "Sungai Musiman"}, "geometry": {"type": "LineString", "coordinates": [[113.397871, -7.946054], [113.398407, -7.943001]]}}, {"type": "Feature", "properties": {"OBJECTID": 183690, "NAMOBJ": "", "FCODE": "60112", "REMARK": "Sungai Musiman"}, "geometry": {"type": "LineString", "coordinates": [[113.703767, -8.033495], [113.711195, -8.034979]]}}, {"type": "Feature", "properties": {"OBJECTID": 183695, "NAMOBJ": "", "FCODE": "60112", "REMARK": "Sungai Musiman"}, "geometry": {"type": "LineString", "coordinates": [[113.722692, -8.066579], [113.726642, -8.068894]]}}, {"type": "Feature", "properties": {"OBJECTID": 183709, "NAMOBJ": "", "FCODE": "60112", "REMARK": "Sungai Musiman"}, "geometry": {"type": "LineString", "coordinates": [[113.955112, -8.333425], [113.966118, -8.326752]]}}, {"type": "Feature", "properties": {"OBJECTID": 183817, "NAMOBJ": "", "FCODE": "60112", "REMARK": "Sungai Musiman"}, "geometry": {"type": "LineString", "coordinates": [[113.674718, -8.404613], [113.673002, -8.402838]]}}, {"type": "Feature", "properties": {"OBJECTID": 183821, "NAMOBJ": "", "FCODE": "60112", "REMARK": "Sungai Musiman"}, "geometry": {"type": "LineString", "coordinates": [[113.399631, -7.916161], [113.395963, -7.916942]]}}, {"type": "Feature", "properties": {"OBJECTID": 183826, "NAMOBJ": "", "FCODE": "60112", "REMARK": "Sungai Musiman"}, "geometry": {"type": "LineString", "coordinates": [[113.994429, -8.11818], [113.983181, -8.114292]]}}, {"type": "Feature", "properties": {"OBJECTID": 183832, "NAMOBJ": "", "FCODE": "60112", "REMARK": "Sungai Musiman"}, "geometry": {"type": "LineString", "coordinates": [[113.784573, -8.324433], [113.782433, -8.31903]]}}, {"type": "Feature", "properties": {"OBJECTID": 183833, "NAMOBJ": "", "FCODE": "60112", "REMARK": "Sungai Musiman"}, "geometry": {"type": "LineString", "coordinates": [[113.851713, -8.32655], [113.851185, -8.323873]]}}, {"type": "Feature", "properties": {"OBJECTID": 183835, "NAMOBJ": "", "FCODE": "60112", "REMARK": "Sungai Musiman"}, "geometry": {"type": "LineString", "coordinates": [[113.529999, -8.052341], [113.534016, -8.043541]]}}, {"type": "Feature", "properties": {"OBJECTID": 183857, "NAMOBJ": "", "FCODE": "60112", "REMARK": "Sungai Musiman"}, "geometry": {"type": "LineString", "coordinates": [[113.811858, -7.972477], [113.809379, -7.980817], [113.800354, -7.984496], [113.793889, -7.983877]]}}, {"type": "Feature", "properties": {"OBJECTID": 183866, "NAMOBJ": "", "FCODE": "60112", "REMARK": "Sungai Musiman"}, "geometry": {"type": "LineString", "coordinates": [[113.713949, -8.123418], [113.714068, -8.115693]]}}, {"type": "Feature", "properties": {"OBJECTID": 183881, "NAMOBJ": "", "FCODE": "60112", "REMARK": "Sungai Musiman"}, "geometry": {"type": "LineString", "coordinates": [[113.918229, -8.453161], [113.915522, -8.45666]]}}, {"type": "Feature", "properties": {"OBJECTID": 183892, "NAMOBJ": "", "FCODE": "60112", "REMARK": "Sungai Musiman"}, "geometry": {"type": "LineString", "coordinates": [[113.990423, -8.061705], [113.980064, -8.05686]]}}, {"type": "Feature", "properties": {"OBJECTID": 183894, "NAMOBJ": "", "FCODE": "60112", "REMARK": "Sungai Musiman"}, "geometry": {"type": "LineString", "coordinates": [[113.51973, -8.380478], [113.524288, -8.385917]]}}, {"type": "Feature", "properties": {"OBJECTID": 183895, "NAMOBJ": "", "FCODE": "60112", "REMARK": "Sungai Musiman"}, "geometry": {"type": "LineString", "coordinates": [[113.411441, -8.007625], [113.411072, -8.004853]]}}, {"type": "Feature", "properties": {"OBJECTID": 183896, "NAMOBJ": "", "FCODE": "60112", "REMARK": "Sungai Musiman"}, "geometry": {"type": "LineString", "coordinates": [[113.69699, -8.045287], [113.697495, -8.041944]]}}, {"type": "Feature", "properties": {"OBJECTID": 183898, "NAMOBJ": "", "FCODE": "60112", "REMARK": "Sungai Musiman"}, "geometry": {"type": "LineString", "coordinates": [[113.505606, -8.375], [113.506573, -8.384661], [113.499711, -8.392145]]}}, {"type": "Feature", "properties": {"OBJECTID": 183900, "NAMOBJ": "", "FCODE": "60112", "REMARK": "Sungai Musiman"}, "geometry": {"type": "LineString", "coordinates": [[113.997686, -7.9393], [113.995768, -7.939332]]}}, {"type": "Feature", "properties": {"OBJECTID": 187618, "NAMOBJ": "", "FCODE": "60112", "REMARK": "Sungai Musiman"}, "geometry": {"type": "LineString", "coordinates": [[113.850692, -8.317812], [113.852083, -8.314486]]}}, {"type": "Feature", "properties": {"OBJECTID": 187619, "NAMOBJ": "", "FCODE": "60112", "REMARK": "Sungai Musiman"}, "geometry": {"type": "LineString", "coordinates": [[113.908262, -7.956653], [113.913921, -7.966294]]}}, {"type": "Feature", "properties": {"OBJECTID": 187626, "NAMOBJ": "", "FCODE": "60112", "REMARK": "Sungai Musiman"}, "geometry": {"type": "LineString", "coordinates": [[113.841824, -7.903581], [113.83563, -7.900263]]}}, {"type": "Feature", "properties": {"OBJECTID": 187636, "NAMOBJ": "", "FCODE": "60112", "REMARK": "Sungai Musiman"}, "geometry": {"type": "LineString", "coordinates": [[113.566254, -7.968253], [113.558721, -7.973653], [113.559864, -7.986812], [113.555732, -7.996347]]}}, {"type": "Feature", "properties": {"OBJECTID": 187638, "NAMOBJ": "", "FCODE": "60112", "REMARK": "Sungai Musiman"}, "geometry": {"type": "LineString", "coordinates": [[113.985985, -8.02897], [113.972767, -8.022354], [113.964527, -8.013946], [113.95997, -8.014173]]}}, {"type": "Feature", "properties": {"OBJECTID": 187639, "NAMOBJ": "", "FCODE": "60112", "REMARK": "Sungai Musiman"}, "geometry": {"type": "LineString", "coordinates": [[113.999281, -8.060507], [113.993465, -8.05882]]}}, {"type": "Feature", "properties": {"OBJECTID": 187651, "NAMOBJ": "", "FCODE": "60112", "REMARK": "Sungai Musiman"}, "geometry": {"type": "LineString", "coordinates": [[113.379984, -7.901371], [113.378519, -7.897424]]}}, {"type": "Feature", "properties": {"OBJECTID": 187664, "NAMOBJ": "", "FCODE": "60112", "REMARK": "Sungai Musiman"}, "geometry": {"type": "LineString", "coordinates": [[113.302949, -7.923858], [113.294659, -7.924839]]}}, {"type": "Feature", "properties": {"OBJECTID": 187671, "NAMOBJ": "", "FCODE": "60112", "REMARK": "Sungai Musiman"}, "geometry": {"type": "LineString", "coordinates": [[113.994286, -8.041265], [113.982368, -8.031271]]}}, {"type": "Feature", "properties": {"OBJECTID": 187674, "NAMOBJ": "", "FCODE": "60112", "REMARK": "Sungai Musiman"}, "geometry": {"type": "LineString", "coordinates": [[113.932663, -8.281901], [113.926349, -8.278749]]}}, {"type": "Feature", "properties": {"OBJECTID": 187687, "NAMOBJ": "", "FCODE": "60112", "REMARK": "Sungai Musiman"}, "geometry": {"type": "LineString", "coordinates": [[113.994529, -8.276313], [113.999173, -8.288803], [114.007758, -8.298461], [114.011462, -8.299183], [114.013685, -8.304389]]}}, {"type": "Feature", "properties": {"OBJECTID": 187704, "NAMOBJ": "", "FCODE": "60112", "REMARK": "Sungai Musiman"}, "geometry": {"type": "LineString", "coordinates": [[113.674212, -7.999025], [113.678652, -8.008006]]}}, {"type": "Feature", "properties": {"OBJECTID": 187712, "NAMOBJ": "", "FCODE": "60112", "REMARK": "Sungai Musiman"}, "geometry": {"type": "LineString", "coordinates": [[113.396169, -8.078751], [113.393668, -8.085535]]}}, {"type": "Feature", "properties": {"OBJECTID": 187917, "NAMOBJ": "", "FCODE": "60112", "REMARK": "Sungai Musiman"}, "geometry": {"type": "LineString", "coordinates": [[113.58189, -8.07964], [113.581683, -8.072378]]}}, {"type": "Feature", "properties": {"OBJECTID": 187918, "NAMOBJ": "", "FCODE": "60112", "REMARK": "Sungai Musiman"}, "geometry": {"type": "LineString", "coordinates": [[113.937919, -8.266395], [113.946283, -8.284262], [113.944626, -8.296352], [113.955653, -8.305874], [113.959722, -8.305332]]}}, {"type": "Feature", "properties": {"OBJECTID": 187926, "NAMOBJ": "", "FCODE": "60112", "REMARK": "Sungai Musiman"}, "geometry": {"type": "LineString", "coordinates": [[113.986114, -7.922042], [113.986016, -7.921459]]}}, {"type": "Feature", "properties": {"OBJECTID": 187927, "NAMOBJ": "", "FCODE": "60112", "REMARK": "Sungai Musiman"}, "geometry": {"type": "LineString", "coordinates": [[113.951685, -8.134378], [113.944778, -8.140594]]}}, {"type": "Feature", "properties": {"OBJECTID": 187928, "NAMOBJ": "", "FCODE": "60112", "REMARK": "Sungai Musiman"}, "geometry": {"type": "LineString", "coordinates": [[113.739675, -8.160466], [113.741876, -8.164106]]}}, {"type": "Feature", "properties": {"OBJECTID": 187946, "NAMOBJ": "", "FCODE": "60112", "REMARK": "Sungai Musiman"}, "geometry": {"type": "LineString", "coordinates": [[113.367264, -8.480436], [113.361557, -8.46849]]}}, {"type": "Feature", "properties": {"OBJECTID": 187956, "NAMOBJ": "", "FCODE": "60112", "REMARK": "Sungai Musiman"}, "geometry": {"type": "LineString", "coordinates": [[113.838556, -8.365091], [113.846842, -8.351848]]}}, {"type": "Feature", "properties": {"OBJECTID": 187962, "NAMOBJ": "", "FCODE": "60112", "REMARK": "Sungai Musiman"}, "geometry": {"type": "LineString", "coordinates": [[113.517456, -8.383797], [113.515593, -8.394519]]}}, {"type": "Feature", "properties": {"OBJECTID": 187966, "NAMOBJ": "", "FCODE": "60112", "REMARK": "Sungai Musiman"}, "geometry": {"type": "LineString", "coordinates": [[113.989466, -8.40086], [113.9942, -8.400991]]}}, {"type": "Feature", "properties": {"OBJECTID": 187978, "NAMOBJ": "", "FCODE": "60112", "REMARK": "Sungai Musiman"}, "geometry": {"type": "LineString", "coordinates": [[113.96573, -8.234006], [113.974002, -8.238147], [113.974059, -8.250377]]}}, {"type": "Feature", "properties": {"OBJECTID": 187985, "NAMOBJ": "", "FCODE": "60112", "REMARK": "Sungai Musiman"}, "geometry": {"type": "LineString", "coordinates": [[113.506105, -8.028662], [113.500418, -8.032677]]}}, {"type": "Feature", "properties": {"OBJECTID": 187986, "NAMOBJ": "", "FCODE": "60112", "REMARK": "Sungai Musiman"}, "geometry": {"type": "LineString", "coordinates": [[113.470684, -8.077043], [113.466301, -8.090322], [113.459254, -8.09737]]}}, {"type": "Feature", "properties": {"OBJECTID": 187991, "NAMOBJ": "", "FCODE": "60112", "REMARK": "Sungai Musiman"}, "geometry": {"type": "LineString", "coordinates": [[113.513973, -7.907978], [113.512697, -7.904967]]}}, {"type": "Feature", "properties": {"OBJECTID": 187993, "NAMOBJ": "", "FCODE": "60112", "REMARK": "Sungai Musiman"}, "geometry": {"type": "LineString", "coordinates": [[113.505305, -7.909694], [113.502271, -7.912241]]}}, {"type": "Feature", "properties": {"OBJECTID": 187997, "NAMOBJ": "", "FCODE": "60112", "REMARK": "Sungai Musiman"}, "geometry": {"type": "LineString", "coordinates": [[113.727521, -7.964734], [113.733343, -7.962709]]}}, {"type": "Feature", "properties": {"OBJECTID": 188005, "NAMOBJ": "", "FCODE": "60112", "REMARK": "Sungai Musiman"}, "geometry": {"type": "LineString", "coordinates": [[113.755818, -8.209744], [113.766024, -8.204323], [113.773779, -8.206645]]}}, {"type": "Feature", "properties": {"OBJECTID": 188007, "NAMOBJ": "", "FCODE": "60112", "REMARK": "Sungai Musiman"}, "geometry": {"type": "LineString", "coordinates": [[113.402497, -7.900037], [113.402739, -7.893831]]}}, {"type": "Feature", "properties": {"OBJECTID": 188009, "NAMOBJ": "", "FCODE": "60112", "REMARK": "Sungai Musiman"}, "geometry": {"type": "LineString", "coordinates": [[113.440015, -8.074903], [113.438557, -8.078594]]}}, {"type": "Feature", "properties": {"OBJECTID": 188011, "NAMOBJ": "", "FCODE": "60112", "REMARK": "Sungai Musiman"}, "geometry": {"type": "LineString", "coordinates": [[113.652769, -7.990666], [113.662652, -7.995484]]}}, {"type": "Feature", "properties": {"OBJECTID": 188013, "NAMOBJ": "", "FCODE": "60112", "REMARK": "Sungai Musiman"}, "geometry": {"type": "LineString", "coordinates": [[113.696447, -8.066644], [113.69482, -8.070983]]}}, {"type": "Feature", "properties": {"OBJECTID": 188122, "NAMOBJ": "", "FCODE": "60112", "REMARK": "Sungai Musiman"}, "geometry": {"type": "LineString", "coordinates": [[113.553484, -8.067384], [113.555309, -8.064377]]}}, {"type": "Feature", "properties": {"OBJECTID": 188129, "NAMOBJ": "", "FCODE": "60112", "REMARK": "Sungai Musiman"}, "geometry": {"type": "LineString", "coordinates": [[113.957586, -8.016235], [113.954442, -8.012766]]}}, {"type": "Feature", "properties": {"OBJECTID": 188130, "NAMOBJ": "", "FCODE": "60112", "REMARK": "Sungai Musiman"}, "geometry": {"type": "LineString", "coordinates": [[113.957001, -8.473768], [113.962579, -8.47691]]}}, {"type": "Feature", "properties": {"OBJECTID": 188133, "NAMOBJ": "", "FCODE": "60112", "REMARK": "Sungai Musiman"}, "geometry": {"type": "LineString", "coordinates": [[113.616964, -8.010482], [113.608826, -8.007475], [113.610206, -7.997605]]}}, {"type": "Feature", "properties": {"OBJECTID": 188140, "NAMOBJ": "", "FCODE": "60112", "REMARK": "Sungai Musiman"}, "geometry": {"type": "LineString", "coordinates": [[113.369114, -7.919127], [113.36674, -7.915866]]}}, {"type": "Feature", "properties": {"OBJECTID": 188145, "NAMOBJ": "", "FCODE": "60112", "REMARK": "Sungai Musiman"}, "geometry": {"type": "LineString", "coordinates": [[113.783065, -8.058656], [113.794489, -8.044799]]}}, {"type": "Feature", "properties": {"OBJECTID": 188146, "NAMOBJ": "", "FCODE": "60112", "REMARK": "Sungai Musiman"}, "geometry": {"type": "LineString", "coordinates": [[113.620698, -8.190614], [113.621206, -8.190993]]}}, {"type": "Feature", "properties": {"OBJECTID": 188153, "NAMOBJ": "", "FCODE": "60112", "REMARK": "Sungai Musiman"}, "geometry": {"type": "LineString", "coordinates": [[113.764736, -8.2991], [113.748221, -8.290165]]}}, {"type": "Feature", "properties": {"OBJECTID": 188158, "NAMOBJ": "", "FCODE": "60112", "REMARK": "Sungai Musiman"}, "geometry": {"type": "LineString", "coordinates": [[113.41855, -8.03567], [113.416523, -8.036494]]}}, {"type": "Feature", "properties": {"OBJECTID": 188165, "NAMOBJ": "", "FCODE": "60112", "REMARK": "Sungai Musiman"}, "geometry": {"type": "LineString", "coordinates": [[113.840384, -8.251264], [113.836622, -8.255125], [113.821965, -8.249587], [113.80023, -8.263456], [113.794337, -8.270348], [113.783259, -8.272829]]}}, {"type": "Feature", "properties": {"OBJECTID": 188166, "NAMOBJ": "", "FCODE": "60112", "REMARK": "Sungai Musiman"}, "geometry": {"type": "LineString", "coordinates": [[113.813054, -8.255082], [113.797531, -8.257823], [113.790436, -8.255411]]}}, {"type": "Feature", "properties": {"OBJECTID": 188188, "NAMOBJ": "", "FCODE": "60112", "REMARK": "Sungai Musiman"}, "geometry": {"type": "LineString", "coordinates": [[113.539931, -8.053228], [113.541192, -8.051628]]}}, {"type": "Feature", "properties": {"OBJECTID": 188191, "NAMOBJ": "", "FCODE": "60112", "REMARK": "Sungai Musiman"}, "geometry": {"type": "LineString", "coordinates": [[113.395873, -8.045566], [113.393721, -8.046198]]}}, {"type": "Feature", "properties": {"OBJECTID": 188199, "NAMOBJ": "", "FCODE": "60112", "REMARK": "Sungai Musiman"}, "geometry": {"type": "LineString", "coordinates": [[113.605313, -7.935999], [113.604972, -7.932557]]}}, {"type": "Feature", "properties": {"OBJECTID": 188200, "NAMOBJ": "", "FCODE": "60112", "REMARK": "Sungai Musiman"}, "geometry": {"type": "LineString", "coordinates": [[113.990432, -8.418961], [113.987846, -8.418301]]}}, {"type": "Feature", "properties": {"OBJECTID": 188201, "NAMOBJ": "", "FCODE": "60112", "REMARK": "Sungai Musiman"}, "geometry": {"type": "LineString", "coordinates": [[113.711263, -7.932014], [113.707555, -7.927226]]}}, {"type": "Feature", "properties": {"OBJECTID": 188211, "NAMOBJ": "", "FCODE": "60112", "REMARK": "Sungai Musiman"}, "geometry": {"type": "LineString", "coordinates": [[113.869664, -8.304678], [113.868959, -8.301711]]}}, {"type": "Feature", "properties": {"OBJECTID": 188314, "NAMOBJ": "", "FCODE": "60112", "REMARK": "Sungai Musiman"}, "geometry": {"type": "LineString", "coordinates": [[113.991559, -7.936975], [113.992553, -7.936198]]}}, {"type": "Feature", "properties": {"OBJECTID": 188316, "NAMOBJ": "", "FCODE": "60112", "REMARK": "Sungai Musiman"}, "geometry": {"type": "LineString", "coordinates": [[113.370608, -7.939014], [113.369678, -7.935825]]}}, {"type": "Feature", "properties": {"OBJECTID": 188322, "NAMOBJ": "", "FCODE": "60112", "REMARK": "Sungai Musiman"}, "geometry": {"type": "LineString", "coordinates": [[113.941563, -8.09322], [113.929267, -8.090941], [113.925396, -8.094318]]}}, {"type": "Feature", "properties": {"OBJECTID": 188327, "NAMOBJ": "", "FCODE": "60112", "REMARK": "Sungai Musiman"}, "geometry": {"type": "LineString", "coordinates": [[113.720748, -7.936836], [113.718985, -7.922421]]}}, {"type": "Feature", "properties": {"OBJECTID": 188328, "NAMOBJ": "", "FCODE": "60112", "REMARK": "Sungai Musiman"}, "geometry": {"type": "LineString", "coordinates": [[113.675758, -7.963069], [113.672813, -7.96221], [113.670478, -7.96512]]}}, {"type": "Feature", "properties": {"OBJECTID": 188329, "NAMOBJ": "", "FCODE": "60112", "REMARK": "Sungai Musiman"}, "geometry": {"type": "LineString", "coordinates": [[113.826288, -8.216574], [113.824321, -8.212282]]}}, {"type": "Feature", "properties": {"OBJECTID": 188335, "NAMOBJ": "", "FCODE": "60112", "REMARK": "Sungai Musiman"}, "geometry": {"type": "LineString", "coordinates": [[113.556835, -7.981003], [113.558859, -7.98242]]}}, {"type": "Feature", "properties": {"OBJECTID": 188350, "NAMOBJ": "", "FCODE": "60112", "REMARK": "Sungai Musiman"}, "geometry": {"type": "LineString", "coordinates": [[113.795321, -8.201267], [113.796317, -8.196814]]}}, {"type": "Feature", "properties": {"OBJECTID": 188353, "NAMOBJ": "", "FCODE": "60112", "REMARK": "Sungai Musiman"}, "geometry": {"type": "LineString", "coordinates": [[113.876966, -8.373006], [113.874276, -8.372641]]}}, {"type": "Feature", "properties": {"OBJECTID": 188359, "NAMOBJ": "", "FCODE": "60112", "REMARK": "Sungai Musiman"}, "geometry": {"type": "LineString", "coordinates": [[113.987559, -8.147799], [113.983294, -8.146991]]}}, {"type": "Feature", "properties": {"OBJECTID": 188360, "NAMOBJ": "", "FCODE": "60112", "REMARK": "Sungai Musiman"}, "geometry": {"type": "LineString", "coordinates": [[113.530905, -8.042471], [113.531666, -8.04851]]}}, {"type": "Feature", "properties": {"OBJECTID": 188362, "NAMOBJ": "", "FCODE": "60112", "REMARK": "Sungai Musiman"}, "geometry": {"type": "LineString", "coordinates": [[113.927336, -8.342602], [113.925018, -8.346095]]}}, {"type": "Feature", "properties": {"OBJECTID": 188365, "NAMOBJ": "", "FCODE": "60112", "REMARK": "Sungai Musiman"}, "geometry": {"type": "LineString", "coordinates": [[113.594995, -7.900284], [113.596774, -7.897947]]}}, {"type": "Feature", "properties": {"OBJECTID": 188366, "NAMOBJ": "", "FCODE": "60112", "REMARK": "Sungai Musiman"}, "geometry": {"type": "LineString", "coordinates": [[113.600675, -7.941219], [113.600654, -7.937309]]}}, {"type": "Feature", "properties": {"OBJECTID": 188368, "NAMOBJ": "", "FCODE": "60112", "REMARK": "Sungai Musiman"}, "geometry": {"type": "LineString", "coordinates": [[113.981549, -7.942906], [113.971498, -7.93265], [113.959793, -7.908377]]}}, {"type": "Feature", "properties": {"OBJECTID": 188373, "NAMOBJ": "", "FCODE": "60112", "REMARK": "Sungai Musiman"}, "geometry": {"type": "LineString", "coordinates": [[113.557455, -8.038907], [113.559485, -8.036567]]}}, {"type": "Feature", "properties": {"OBJECTID": 188374, "NAMOBJ": "", "FCODE": "60112", "REMARK": "Sungai Musiman"}, "geometry": {"type": "LineString", "coordinates": [[113.757381, -8.013269], [113.772648, -8.008322], [113.791594, -8.00793]]}}, {"type": "Feature", "properties": {"OBJECTID": 188376, "NAMOBJ": "", "FCODE": "60112", "REMARK": "Sungai Musiman"}, "geometry": {"type": "LineString", "coordinates": [[113.365383, -8.004132], [113.371044, -8.023239]]}}, {"type": "Feature", "properties": {"OBJECTID": 188377, "NAMOBJ": "", "FCODE": "60112", "REMARK": "Sungai Musiman"}, "geometry": {"type": "LineString", "coordinates": [[113.722391, -8.352506], [113.713107, -8.342626], [113.701228, -8.352351]]}}, {"type": "Feature", "properties": {"OBJECTID": 188383, "NAMOBJ": "", "FCODE": "60112", "REMARK": "Sungai Musiman"}, "geometry": {"type": "LineString", "coordinates": [[113.878726, -8.416517], [113.877758, -8.424912]]}}, {"type": "Feature", "properties": {"OBJECTID": 188386, "NAMOBJ": "", "FCODE": "60112", "REMARK": "Sungai Musiman"}, "geometry": {"type": "LineString", "coordinates": [[113.797435, -8.382797], [113.800295, -8.387697]]}}, {"type": "Feature", "properties": {"OBJECTID": 188387, "NAMOBJ": "", "FCODE": "60112", "REMARK": "Sungai Musiman"}, "geometry": {"type": "LineString", "coordinates": [[113.942417, -7.98679], [113.947669, -7.985106], [113.947493, -7.979184]]}}, {"type": "Feature", "properties": {"OBJECTID": 188410, "NAMOBJ": "", "FCODE": "60112", "REMARK": "Sungai Musiman"}, "geometry": {"type": "LineString", "coordinates": [[113.923696, -8.394218], [113.927857, -8.397457]]}}, {"type": "Feature", "properties": {"OBJECTID": 188520, "NAMOBJ": "", "FCODE": "60112", "REMARK": "Sungai Musiman"}, "geometry": {"type": "LineString", "coordinates": [[113.516288, -7.944529], [113.510601, -7.93946], [113.509624, -7.933698], [113.500199, -7.927474]]}}, {"type": "Feature", "properties": {"OBJECTID": 188523, "NAMOBJ": "", "FCODE": "60112", "REMARK": "Sungai Musiman"}, "geometry": {"type": "LineString", "coordinates": [[113.810634, -8.176993], [113.798643, -8.178913], [113.799528, -8.176961]]}}, {"type": "Feature", "properties": {"OBJECTID": 188527, "NAMOBJ": "", "FCODE": "60112", "REMARK": "Sungai Musiman"}, "geometry": {"type": "LineString", "coordinates": [[113.957467, -8.060914], [113.956391, -8.058624]]}}, {"type": "Feature", "properties": {"OBJECTID": 188529, "NAMOBJ": "", "FCODE": "60112", "REMARK": "Sungai Musiman"}, "geometry": {"type": "LineString", "coordinates": [[114.018432, -8.196299], [114.009647, -8.213623], [113.999024, -8.217912]]}}, {"type": "Feature", "properties": {"OBJECTID": 188531, "NAMOBJ": "", "FCODE": "60112", "REMARK": "Sungai Musiman"}, "geometry": {"type": "LineString", "coordinates": [[113.921473, -8.434942], [113.926488, -8.429368], [113.922258, -8.422207]]}}, {"type": "Feature", "properties": {"OBJECTID": 188538, "NAMOBJ": "", "FCODE": "60112", "REMARK": "Sungai Musiman"}, "geometry": {"type": "LineString", "coordinates": [[113.439122, -8.113447], [113.433867, -8.114192]]}}, {"type": "Feature", "properties": {"OBJECTID": 188540, "NAMOBJ": "", "FCODE": "60112", "REMARK": "Sungai Musiman"}, "geometry": {"type": "LineString", "coordinates": [[113.838087, -8.317098], [113.84599, -8.321638], [113.848829, -8.326559], [113.856041, -8.32549]]}}, {"type": "Feature", "properties": {"OBJECTID": 188544, "NAMOBJ": "", "FCODE": "60112", "REMARK": "Sungai Musiman"}, "geometry": {"type": "LineString", "coordinates": [[113.488203, -8.072893], [113.483988, -8.07489]]}}, {"type": "Feature", "properties": {"OBJECTID": 188547, "NAMOBJ": "", "FCODE": "60112", "REMARK": "Sungai Musiman"}, "geometry": {"type": "LineString", "coordinates": [[113.518622, -8.398882], [113.514926, -8.398881], [113.508727, -8.404659]]}}, {"type": "Feature", "properties": {"OBJECTID": 188552, "NAMOBJ": "", "FCODE": "60112", "REMARK": "Sungai Musiman"}, "geometry": {"type": "LineString", "coordinates": [[113.936859, -8.33203], [113.936749, -8.337863]]}}, {"type": "Feature", "properties": {"OBJECTID": 188557, "NAMOBJ": "", "FCODE": "60112", "REMARK": "Sungai Musiman"}, "geometry": {"type": "LineString", "coordinates": [[113.67558, -8.358447], [113.672897, -8.360269]]}}, {"type": "Feature", "properties": {"OBJECTID": 188558, "NAMOBJ": "", "FCODE": "60112", "REMARK": "Sungai Musiman"}, "geometry": {"type": "LineString", "coordinates": [[113.549562, -8.426198], [113.549619, -8.42424]]}}, {"type": "Feature", "properties": {"OBJECTID": 188561, "NAMOBJ": "", "FCODE": "60112", "REMARK": "Sungai Musiman"}, "geometry": {"type": "LineString", "coordinates": [[113.981194, -8.343296], [113.983639, -8.341956], [113.988397, -8.3457]]}}, {"type": "Feature", "properties": {"OBJECTID": 188562, "NAMOBJ": "", "FCODE": "60112", "REMARK": "Sungai Musiman"}, "geometry": {"type": "LineString", "coordinates": [[113.687413, -8.016788], [113.689986, -8.011636]]}}, {"type": "Feature", "properties": {"OBJECTID": 188565, "NAMOBJ": "", "FCODE": "60112", "REMARK": "Sungai Musiman"}, "geometry": {"type": "LineString", "coordinates": [[113.71651, -8.301793], [113.713051, -8.301176]]}}, {"type": "Feature", "properties": {"OBJECTID": 188576, "NAMOBJ": "", "FCODE": "60112", "REMARK": "Sungai Musiman"}, "geometry": {"type": "LineString", "coordinates": [[113.980211, -8.417883], [113.979106, -8.419317]]}}, {"type": "Feature", "properties": {"OBJECTID": 188579, "NAMOBJ": "", "FCODE": "60112", "REMARK": "Sungai Musiman"}, "geometry": {"type": "LineString", "coordinates": [[113.81891, -8.033695], [113.816963, -8.025452]]}}, {"type": "Feature", "properties": {"OBJECTID": 188581, "NAMOBJ": "", "FCODE": "60112", "REMARK": "Sungai Musiman"}, "geometry": {"type": "LineString", "coordinates": [[113.510048, -7.94467], [113.50699, -7.948631]]}}, {"type": "Feature", "properties": {"OBJECTID": 188590, "NAMOBJ": "", "FCODE": "60112", "REMARK": "Sungai Musiman"}, "geometry": {"type": "LineString", "coordinates": [[113.943751, -8.394017], [113.940709, -8.395496]]}}, {"type": "Feature", "properties": {"OBJECTID": 192394, "NAMOBJ": "", "FCODE": "60112", "REMARK": "Sungai Musiman"}, "geometry": {"type": "LineString", "coordinates": [[113.575772, -7.956317], [113.572654, -7.951751]]}}, {"type": "Feature", "properties": {"OBJECTID": 192399, "NAMOBJ": "", "FCODE": "60112", "REMARK": "Sungai Musiman"}, "geometry": {"type": "LineString", "coordinates": [[113.571185, -8.002538], [113.569655, -8.001164]]}}, {"type": "Feature", "properties": {"OBJECTID": 192406, "NAMOBJ": "", "FCODE": "60112", "REMARK": "Sungai Musiman"}, "geometry": {"type": "LineString", "coordinates": [[113.728463, -8.276189], [113.743284, -8.265965], [113.75423, -8.244427], [113.761154, -8.241527], [113.7687, -8.242138]]}}, {"type": "Feature", "properties": {"OBJECTID": 192409, "NAMOBJ": "", "FCODE": "60112", "REMARK": "Sungai Musiman"}, "geometry": {"type": "LineString", "coordinates": [[113.73805, -8.372612], [113.736453, -8.369134]]}}, {"type": "Feature", "properties": {"OBJECTID": 192514, "NAMOBJ": "", "FCODE": "60112", "REMARK": "Sungai Musiman"}, "geometry": {"type": "LineString", "coordinates": [[113.849543, -7.989323], [113.854839, -7.99161]]}}, {"type": "Feature", "properties": {"OBJECTID": 192515, "NAMOBJ": "", "FCODE": "60112", "REMARK": "Sungai Musiman"}, "geometry": {"type": "LineString", "coordinates": [[113.995445, -8.133341], [113.981083, -8.137851]]}}, {"type": "Feature", "properties": {"OBJECTID": 192547, "NAMOBJ": "", "FCODE": "60112", "REMARK": "Sungai Musiman"}, "geometry": {"type": "LineString", "coordinates": [[113.497342, -8.102728], [113.494993, -8.106658]]}}, {"type": "Feature", "properties": {"OBJECTID": 192550, "NAMOBJ": "", "FCODE": "60112", "REMARK": "Sungai Musiman"}, "geometry": {"type": "LineString", "coordinates": [[113.861521, -8.372846], [113.860914, -8.375]]}}, {"type": "Feature", "properties": {"OBJECTID": 192556, "NAMOBJ": "", "FCODE": "60112", "REMARK": "Sungai Musiman"}, "geometry": {"type": "LineString", "coordinates": [[113.336786, -8.46057], [113.340499, -8.4566]]}}, {"type": "Feature", "properties": {"OBJECTID": 192571, "NAMOBJ": "", "FCODE": "60112", "REMARK": "Sungai Musiman"}, "geometry": {"type": "LineString", "coordinates": [[113.544428, -7.968292], [113.541046, -7.965058]]}}, {"type": "Feature", "properties": {"OBJECTID": 192574, "NAMOBJ": "", "FCODE": "60112", "REMARK": "Sungai Musiman"}, "geometry": {"type": "LineString", "coordinates": [[113.545917, -8.141204], [113.542983, -8.149072], [113.54477, -8.163938]]}}, {"type": "Feature", "properties": {"OBJECTID": 192580, "NAMOBJ": "", "FCODE": "60112", "REMARK": "Sungai Musiman"}, "geometry": {"type": "LineString", "coordinates": [[113.625529, -8.035151], [113.617742, -8.032086]]}}, {"type": "Feature", "properties": {"OBJECTID": 192587, "NAMOBJ": "", "FCODE": "60112", "REMARK": "Sungai Musiman"}, "geometry": {"type": "LineString", "coordinates": [[113.602207, -7.975066], [113.603508, -7.9813]]}}, {"type": "Feature", "properties": {"OBJECTID": 192588, "NAMOBJ": "", "FCODE": "60112", "REMARK": "Sungai Musiman"}, "geometry": {"type": "LineString", "coordinates": [[113.422411, -7.94695], [113.406842, -7.956108]]}}, {"type": "Feature", "properties": {"OBJECTID": 192592, "NAMOBJ": "", "FCODE": "60112", "REMARK": "Sungai Musiman"}, "geometry": {"type": "LineString", "coordinates": [[113.851335, -8.345927], [113.850543, -8.342646]]}}, {"type": "Feature", "properties": {"OBJECTID": 192602, "NAMOBJ": "", "FCODE": "60112", "REMARK": "Sungai Musiman"}, "geometry": {"type": "LineString", "coordinates": [[113.556575, -8.032579], [113.548997, -8.044821], [113.545791, -8.065362], [113.547094, -8.076109], [113.542958, -8.09426], [113.531592, -8.113468], [113.526082, -8.118073]]}}, {"type": "Feature", "properties": {"OBJECTID": 192607, "NAMOBJ": "", "FCODE": "60112", "REMARK": "Sungai Musiman"}, "geometry": {"type": "LineString", "coordinates": [[113.633563, -7.988233], [113.631647, -7.987451]]}}, {"type": "Feature", "properties": {"OBJECTID": 192821, "NAMOBJ": "", "FCODE": "60112", "REMARK": "Sungai Musiman"}, "geometry": {"type": "LineString", "coordinates": [[113.61218, -8.086076], [113.613925, -8.074949], [113.609848, -8.063309]]}}, {"type": "Feature", "properties": {"OBJECTID": 192829, "NAMOBJ": "", "FCODE": "60112", "REMARK": "Sungai Musiman"}, "geometry": {"type": "LineString", "coordinates": [[113.648439, -7.901999], [113.663403, -7.893005]]}}, {"type": "Feature", "properties": {"OBJECTID": 192860, "NAMOBJ": "", "FCODE": "60112", "REMARK": "Sungai Musiman"}, "geometry": {"type": "LineString", "coordinates": [[113.514658, -8.08793], [113.514081, -8.080884]]}}, {"type": "Feature", "properties": {"OBJECTID": 192863, "NAMOBJ": "", "FCODE": "60112", "REMARK": "Sungai Musiman"}, "geometry": {"type": "LineString", "coordinates": [[113.543208, -8.114212], [113.54183, -8.104958]]}}, {"type": "Feature", "properties": {"OBJECTID": 192868, "NAMOBJ": "", "FCODE": "60112", "REMARK": "Sungai Musiman"}, "geometry": {"type": "LineString", "coordinates": [[113.8827, -8.272643], [113.875962, -8.276596], [113.869745, -8.28559]]}}, {"type": "Feature", "properties": {"OBJECTID": 192871, "NAMOBJ": "", "FCODE": "60112", "REMARK": "Sungai Musiman"}, "geometry": {"type": "LineString", "coordinates": [[113.872488, -8.428694], [113.871669, -8.434387]]}}, {"type": "Feature", "properties": {"OBJECTID": 192874, "NAMOBJ": "", "FCODE": "60112", "REMARK": "Sungai Musiman"}, "geometry": {"type": "LineString", "coordinates": [[113.939337, -8.383335], [113.940584, -8.374717]]}}, {"type": "Feature", "properties": {"OBJECTID": 192877, "NAMOBJ": "", "FCODE": "60112", "REMARK": "Sungai Musiman"}, "geometry": {"type": "LineString", "coordinates": [[113.494699, -8.37905], [113.495106, -8.372886]]}}, {"type": "Feature", "properties": {"OBJECTID": 192886, "NAMOBJ": "", "FCODE": "60112", "REMARK": "Sungai Musiman"}, "geometry": {"type": "LineString", "coordinates": [[113.533729, -7.901044], [113.525542, -7.895504], [113.524606, -7.891692]]}}, {"type": "Feature", "properties": {"OBJECTID": 192891, "NAMOBJ": "", "FCODE": "60112", "REMARK": "Sungai Musiman"}, "geometry": {"type": "LineString", "coordinates": [[113.917319, -8.414811], [113.918268, -8.413105]]}}, {"type": "Feature", "properties": {"OBJECTID": 192905, "NAMOBJ": "", "FCODE": "60112", "REMARK": "Sungai Musiman"}, "geometry": {"type": "LineString", "coordinates": [[113.871638, -8.459099], [113.876589, -8.466005]]}}, {"type": "Feature", "properties": {"OBJECTID": 192908, "NAMOBJ": "", "FCODE": "60112", "REMARK": "Sungai Musiman"}, "geometry": {"type": "LineString", "coordinates": [[113.68275, -8.057349], [113.684666, -8.059359]]}}, {"type": "Feature", "properties": {"OBJECTID": 192910, "NAMOBJ": "", "FCODE": "60112", "REMARK": "Sungai Musiman"}, "geometry": {"type": "LineString", "coordinates": [[113.337445, -7.900116], [113.338254, -7.889114]]}}, {"type": "Feature", "properties": {"OBJECTID": 193017, "NAMOBJ": "", "FCODE": "60112", "REMARK": "Sungai Musiman"}, "geometry": {"type": "LineString", "coordinates": [[113.895737, -8.478534], [113.899012, -8.479747]]}}, {"type": "Feature", "properties": {"OBJECTID": 193018, "NAMOBJ": "", "FCODE": "60112", "REMARK": "Sungai Musiman"}, "geometry": {"type": "LineString", "coordinates": [[113.816749, -8.216122], [113.819892, -8.210642], [113.817155, -8.205795]]}}, {"type": "Feature", "properties": {"OBJECTID": 193025, "NAMOBJ": "", "FCODE": "60112", "REMARK": "Sungai Musiman"}, "geometry": {"type": "LineString", "coordinates": [[113.996329, -8.32527], [113.993914, -8.324139]]}}, {"type": "Feature", "properties": {"OBJECTID": 193026, "NAMOBJ": "", "FCODE": "60112", "REMARK": "Sungai Musiman"}, "geometry": {"type": "LineString", "coordinates": [[113.56995, -8.11939], [113.570462, -8.11319]]}}, {"type": "Feature", "properties": {"OBJECTID": 193035, "NAMOBJ": "", "FCODE": "60112", "REMARK": "Sungai Musiman"}, "geometry": {"type": "LineString", "coordinates": [[113.632746, -8.39743], [113.61523, -8.400416], [113.612887, -8.407173], [113.619426, -8.412049], [113.618206, -8.416242], [113.613516, -8.424307], [113.605867, -8.422879]]}}, {"type": "Feature", "properties": {"OBJECTID": 193056, "NAMOBJ": "", "FCODE": "60112", "REMARK": "Sungai Musiman"}, "geometry": {"type": "LineString", "coordinates": [[113.628493, -8.094973], [113.62705, -8.099494]]}}, {"type": "Feature", "properties": {"OBJECTID": 193074, "NAMOBJ": "", "FCODE": "60112", "REMARK": "Sungai Musiman"}, "geometry": {"type": "LineString", "coordinates": [[113.833672, -8.325117], [113.833359, -8.328797]]}}, {"type": "Feature", "properties": {"OBJECTID": 193084, "NAMOBJ": "", "FCODE": "60112", "REMARK": "Sungai Musiman"}, "geometry": {"type": "LineString", "coordinates": [[113.475304, -7.917163], [113.467941, -7.922812]]}}, {"type": "Feature", "properties": {"OBJECTID": 193097, "NAMOBJ": "", "FCODE": "60112", "REMARK": "Sungai Musiman"}, "geometry": {"type": "LineString", "coordinates": [[113.996183, -8.055785], [113.990756, -8.051564]]}}, {"type": "Feature", "properties": {"OBJECTID": 193235, "NAMOBJ": "", "FCODE": "60112", "REMARK": "Sungai Musiman"}, "geometry": {"type": "LineString", "coordinates": [[113.371125, -8.070475], [113.37485, -8.07933]]}}, {"type": "Feature", "properties": {"OBJECTID": 193241, "NAMOBJ": "", "FCODE": "60112", "REMARK": "Sungai Musiman"}, "geometry": {"type": "LineString", "coordinates": [[113.430922, -8.069234], [113.429169, -8.081847], [113.424097, -8.085636], [113.41747, -8.084436]]}}, {"type": "Feature", "properties": {"OBJECTID": 193248, "NAMOBJ": "", "FCODE": "60112", "REMARK": "Sungai Musiman"}, "geometry": {"type": "LineString", "coordinates": [[113.940938, -8.257195], [113.939674, -8.258939]]}}, {"type": "Feature", "properties": {"OBJECTID": 193251, "NAMOBJ": "", "FCODE": "60112", "REMARK": "Sungai Musiman"}, "geometry": {"type": "LineString", "coordinates": [[113.775013, -8.228236], [113.777771, -8.229071]]}}, {"type": "Feature", "properties": {"OBJECTID": 193271, "NAMOBJ": "", "FCODE": "60112", "REMARK": "Sungai Musiman"}, "geometry": {"type": "LineString", "coordinates": [[113.413294, -7.91629], [113.41194, -7.914361]]}}, {"type": "Feature", "properties": {"OBJECTID": 193272, "NAMOBJ": "", "FCODE": "60112", "REMARK": "Sungai Musiman"}, "geometry": {"type": "LineString", "coordinates": [[113.900392, -8.404744], [113.905338, -8.403768]]}}, {"type": "Feature", "properties": {"OBJECTID": 193279, "NAMOBJ": "", "FCODE": "60112", "REMARK": "Sungai Musiman"}, "geometry": {"type": "LineString", "coordinates": [[113.615423, -7.947586], [113.614029, -7.944397]]}}, {"type": "Feature", "properties": {"OBJECTID": 193283, "NAMOBJ": "", "FCODE": "60112", "REMARK": "Sungai Musiman"}, "geometry": {"type": "LineString", "coordinates": [[113.675803, -7.97775], [113.67168, -7.980321]]}}, {"type": "Feature", "properties": {"OBJECTID": 193284, "NAMOBJ": "", "FCODE": "60112", "REMARK": "Sungai Musiman"}, "geometry": {"type": "LineString", "coordinates": [[113.907146, -8.132241], [113.909307, -8.135127], [113.914501, -8.134095], [113.917756, -8.136682]]}}, {"type": "Feature", "properties": {"OBJECTID": 193288, "NAMOBJ": "", "FCODE": "60112", "REMARK": "Sungai Musiman"}, "geometry": {"type": "LineString", "coordinates": [[113.445887, -7.943539], [113.447867, -7.940801]]}}, {"type": "Feature", "properties": {"OBJECTID": 193297, "NAMOBJ": "", "FCODE": "60112", "REMARK": "Sungai Musiman"}, "geometry": {"type": "LineString", "coordinates": [[113.432026, -8.028907], [113.427851, -8.032157], [113.416726, -8.033624], [113.413358, -8.0467]]}}, {"type": "Feature", "properties": {"OBJECTID": 193304, "NAMOBJ": "", "FCODE": "60112", "REMARK": "Sungai Musiman"}, "geometry": {"type": "LineString", "coordinates": [[113.572294, -8.112913], [113.569849, -8.103496]]}}, {"type": "Feature", "properties": {"OBJECTID": 193306, "NAMOBJ": "", "FCODE": "60112", "REMARK": "Sungai Musiman"}, "geometry": {"type": "LineString", "coordinates": [[113.903577, -8.181184], [113.892614, -8.182257], [113.890241, -8.184955]]}}, {"type": "Feature", "properties": {"OBJECTID": 193307, "NAMOBJ": "", "FCODE": "60112", "REMARK": "Sungai Musiman"}, "geometry": {"type": "LineString", "coordinates": [[113.960243, -8.387731], [113.966814, -8.389801]]}}, {"type": "Feature", "properties": {"OBJECTID": 197309, "NAMOBJ": "", "FCODE": "60112", "REMARK": "Sungai Musiman"}, "geometry": {"type": "LineString", "coordinates": [[113.974126, -8.370263], [113.974698, -8.37383]]}}, {"type": "Feature", "properties": {"OBJECTID": 197516, "NAMOBJ": "", "FCODE": "60112", "REMARK": "Sungai Musiman"}, "geometry": {"type": "LineString", "coordinates": [[113.487282, -8.378336], [113.489178, -8.373709], [113.485385, -8.371926]]}}, {"type": "Feature", "properties": {"OBJECTID": 197523, "NAMOBJ": "", "FCODE": "60112", "REMARK": "Sungai Musiman"}, "geometry": {"type": "LineString", "coordinates": [[113.940084, -8.116621], [113.916876, -8.116941], [113.912371, -8.119193], [113.905761, -8.116057]]}}, {"type": "Feature", "properties": {"OBJECTID": 197527, "NAMOBJ": "", "FCODE": "60112", "REMARK": "Sungai Musiman"}, "geometry": {"type": "LineString", "coordinates": [[113.847104, -8.393415], [113.85224, -8.399287]]}}, {"type": "Feature", "properties": {"OBJECTID": 197530, "NAMOBJ": "", "FCODE": "60112", "REMARK": "Sungai Musiman"}, "geometry": {"type": "LineString", "coordinates": [[113.989017, -8.211794], [113.988178, -8.213043]]}}, {"type": "Feature", "properties": {"OBJECTID": 197531, "NAMOBJ": "", "FCODE": "60112", "REMARK": "Sungai Musiman"}, "geometry": {"type": "LineString", "coordinates": [[114.00399, -8.142356], [113.993851, -8.149167], [113.97041, -8.155399], [113.958163, -8.165646], [113.946387, -8.167759]]}}, {"type": "Feature", "properties": {"OBJECTID": 197532, "NAMOBJ": "", "FCODE": "60112", "REMARK": "Sungai Musiman"}, "geometry": {"type": "LineString", "coordinates": [[113.875306, -8.208574], [113.872958, -8.209973]]}}, {"type": "Feature", "properties": {"OBJECTID": 197537, "NAMOBJ": "", "FCODE": "60112", "REMARK": "Sungai Musiman"}, "geometry": {"type": "LineString", "coordinates": [[113.870084, -8.340973], [113.865668, -8.339667]]}}, {"type": "Feature", "properties": {"OBJECTID": 197540, "NAMOBJ": "", "FCODE": "60112", "REMARK": "Sungai Musiman"}, "geometry": {"type": "LineString", "coordinates": [[113.871026, -8.325947], [113.873052, -8.329479]]}}, {"type": "Feature", "properties": {"OBJECTID": 197542, "NAMOBJ": "", "FCODE": "60112", "REMARK": "Sungai Musiman"}, "geometry": {"type": "LineString", "coordinates": [[113.804558, -8.06399], [113.812129, -8.059569]]}}, {"type": "Feature", "properties": {"OBJECTID": 197550, "NAMOBJ": "", "FCODE": "60112", "REMARK": "Sungai Musiman"}, "geometry": {"type": "LineString", "coordinates": [[113.886531, -8.473728], [113.895694, -8.468316]]}}, {"type": "Feature", "properties": {"OBJECTID": 197554, "NAMOBJ": "", "FCODE": "60112", "REMARK": "Sungai Musiman"}, "geometry": {"type": "LineString", "coordinates": [[113.551697, -8.127589], [113.55291, -8.142988], [113.548778, -8.151958]]}}, {"type": "Feature", "properties": {"OBJECTID": 197559, "NAMOBJ": "", "FCODE": "60112", "REMARK": "Sungai Musiman"}, "geometry": {"type": "LineString", "coordinates": [[113.473218, -8.039376], [113.472074, -8.045849]]}}, {"type": "Feature", "properties": {"OBJECTID": 197566, "NAMOBJ": "", "FCODE": "60112", "REMARK": "Sungai Musiman"}, "geometry": {"type": "LineString", "coordinates": [[113.792789, -8.035337], [113.777672, -8.031803]]}}, {"type": "Feature", "properties": {"OBJECTID": 197567, "NAMOBJ": "", "FCODE": "60112", "REMARK": "Sungai Musiman"}, "geometry": {"type": "LineString", "coordinates": [[113.550367, -8.096121], [113.548581, -8.090279], [113.551469, -8.077555]]}}, {"type": "Feature", "properties": {"OBJECTID": 197568, "NAMOBJ": "", "FCODE": "60112", "REMARK": "Sungai Musiman"}, "geometry": {"type": "LineString", "coordinates": [[113.83644, -8.296904], [113.835767, -8.302286]]}}, {"type": "Feature", "properties": {"OBJECTID": 197582, "NAMOBJ": "", "FCODE": "60112", "REMARK": "Sungai Musiman"}, "geometry": {"type": "LineString", "coordinates": [[113.789203, -8.040564], [113.787537, -8.044359]]}}, {"type": "Feature", "properties": {"OBJECTID": 197588, "NAMOBJ": "", "FCODE": "60112", "REMARK": "Sungai Musiman"}, "geometry": {"type": "LineString", "coordinates": [[113.983486, -7.90561], [113.978189, -7.888467]]}}, {"type": "Feature", "properties": {"OBJECTID": 197593, "NAMOBJ": "", "FCODE": "60112", "REMARK": "Sungai Musiman"}, "geometry": {"type": "LineString", "coordinates": [[113.893986, -8.478888], [113.892924, -8.474996]]}}, {"type": "Feature", "properties": {"OBJECTID": 197596, "NAMOBJ": "", "FCODE": "60112", "REMARK": "Sungai Musiman"}, "geometry": {"type": "LineString", "coordinates": [[113.723927, -8.012718], [113.729348, -8.019094]]}}, {"type": "Feature", "properties": {"OBJECTID": 197598, "NAMOBJ": "", "FCODE": "60112", "REMARK": "Sungai Musiman"}, "geometry": {"type": "LineString", "coordinates": [[113.956795, -8.225946], [113.951575, -8.218735]]}}, {"type": "Feature", "properties": {"OBJECTID": 197605, "NAMOBJ": "", "FCODE": "60112", "REMARK": "Sungai Musiman"}, "geometry": {"type": "LineString", "coordinates": [[113.987382, -8.335909], [113.988946, -8.347227], [113.994391, -8.348565]]}}, {"type": "Feature", "properties": {"OBJECTID": 197623, "NAMOBJ": "", "FCODE": "60112", "REMARK": "Sungai Musiman"}, "geometry": {"type": "LineString", "coordinates": [[113.978292, -8.133574], [113.976465, -8.133697]]}}, {"type": "Feature", "properties": {"OBJECTID": 197628, "NAMOBJ": "", "FCODE": "60112", "REMARK": "Sungai Musiman"}, "geometry": {"type": "LineString", "coordinates": [[113.876408, -8.090082], [113.86917, -8.090111]]}}, {"type": "Feature", "properties": {"OBJECTID": 197630, "NAMOBJ": "", "FCODE": "60112", "REMARK": "Sungai Musiman"}, "geometry": {"type": "LineString", "coordinates": [[113.482529, -7.927955], [113.480705, -7.925296], [113.472771, -7.931352]]}}, {"type": "Feature", "properties": {"OBJECTID": 197634, "NAMOBJ": "", "FCODE": "60112", "REMARK": "Sungai Musiman"}, "geometry": {"type": "LineString", "coordinates": [[113.819402, -8.335573], [113.821652, -8.33256]]}}, {"type": "Feature", "properties": {"OBJECTID": 197641, "NAMOBJ": "", "FCODE": "60112", "REMARK": "Sungai Musiman"}, "geometry": {"type": "LineString", "coordinates": [[113.471869, -7.899969], [113.466697, -7.899826], [113.465255, -7.889527]]}}, {"type": "Feature", "properties": {"OBJECTID": 197643, "NAMOBJ": "", "FCODE": "60112", "REMARK": "Sungai Musiman"}, "geometry": {"type": "LineString", "coordinates": [[113.9881, -8.355525], [113.990236, -8.350697], [113.998959, -8.352336]]}}, {"type": "Feature", "properties": {"OBJECTID": 197647, "NAMOBJ": "", "FCODE": "60112", "REMARK": "Sungai Musiman"}, "geometry": {"type": "LineString", "coordinates": [[113.935947, -8.39979], [113.937319, -8.393217]]}}, {"type": "Feature", "properties": {"OBJECTID": 197652, "NAMOBJ": "", "FCODE": "60112", "REMARK": "Sungai Musiman"}, "geometry": {"type": "LineString", "coordinates": [[113.505287, -7.995593], [113.49915, -7.994519]]}}, {"type": "Feature", "properties": {"OBJECTID": 197660, "NAMOBJ": "", "FCODE": "60112", "REMARK": "Sungai Musiman"}, "geometry": {"type": "LineString", "coordinates": [[113.585061, -8.030123], [113.584832, -8.02371]]}}, {"type": "Feature", "properties": {"OBJECTID": 197668, "NAMOBJ": "", "FCODE": "60112", "REMARK": "Sungai Musiman"}, "geometry": {"type": "LineString", "coordinates": [[113.871779, -8.310165], [113.87394, -8.309196]]}}, {"type": "Feature", "properties": {"OBJECTID": 197673, "NAMOBJ": "", "FCODE": "60112", "REMARK": "Sungai Musiman"}, "geometry": {"type": "LineString", "coordinates": [[113.509743, -8.03673], [113.512844, -8.038056]]}}, {"type": "Feature", "properties": {"OBJECTID": 197681, "NAMOBJ": "", "FCODE": "60112", "REMARK": "Sungai Musiman"}, "geometry": {"type": "LineString", "coordinates": [[113.740941, -7.950849], [113.7396, -7.945924]]}}, {"type": "Feature", "properties": {"OBJECTID": 197693, "NAMOBJ": "", "FCODE": "60112", "REMARK": "Sungai Musiman"}, "geometry": {"type": "LineString", "coordinates": [[113.571284, -8.111264], [113.569729, -8.108501]]}}, {"type": "Feature", "properties": {"OBJECTID": 197695, "NAMOBJ": "", "FCODE": "60112", "REMARK": "Sungai Musiman"}, "geometry": {"type": "LineString", "coordinates": [[113.907718, -8.421912], [113.904699, -8.416955]]}}, {"type": "Feature", "properties": {"OBJECTID": 197699, "NAMOBJ": "", "FCODE": "60112", "REMARK": "Sungai Musiman"}, "geometry": {"type": "LineString", "coordinates": [[113.862597, -8.340961], [113.862642, -8.342641]]}}, {"type": "Feature", "properties": {"OBJECTID": 197821, "NAMOBJ": "", "FCODE": "60112", "REMARK": "Sungai Musiman"}, "geometry": {"type": "LineString", "coordinates": [[113.686539, -8.370734], [113.687777, -8.376087]]}}, {"type": "Feature", "properties": {"OBJECTID": 197822, "NAMOBJ": "", "FCODE": "60112", "REMARK": "Sungai Musiman"}, "geometry": {"type": "LineString", "coordinates": [[113.774973, -8.280346], [113.770297, -8.285143]]}}, {"type": "Feature", "properties": {"OBJECTID": 197827, "NAMOBJ": "", "FCODE": "60112", "REMARK": "Sungai Musiman"}, "geometry": {"type": "LineString", "coordinates": [[113.849366, -8.303871], [113.845848, -8.303776]]}}, {"type": "Feature", "properties": {"OBJECTID": 197829, "NAMOBJ": "", "FCODE": "60112", "REMARK": "Sungai Musiman"}, "geometry": {"type": "LineString", "coordinates": [[113.452162, -8.045244], [113.453693, -8.044674]]}}, {"type": "Feature", "properties": {"OBJECTID": 197841, "NAMOBJ": "", "FCODE": "60112", "REMARK": "Sungai Musiman"}, "geometry": {"type": "LineString", "coordinates": [[113.37418, -8.477546], [113.373056, -8.482097], [113.379335, -8.488957], [113.379712, -8.495008]]}}, {"type": "Feature", "properties": {"OBJECTID": 197843, "NAMOBJ": "", "FCODE": "60112", "REMARK": "Sungai Musiman"}, "geometry": {"type": "LineString", "coordinates": [[113.664269, -8.463493], [113.655863, -8.464212], [113.647204, -8.459974]]}}, {"type": "Feature", "properties": {"OBJECTID": 197848, "NAMOBJ": "", "FCODE": "60112", "REMARK": "Sungai Musiman"}, "geometry": {"type": "LineString", "coordinates": [[113.71087, -8.06595], [113.713974, -8.065775]]}}, {"type": "Feature", "properties": {"OBJECTID": 197850, "NAMOBJ": "", "FCODE": "60112", "REMARK": "Sungai Musiman"}, "geometry": {"type": "LineString", "coordinates": [[113.625356, -8.139937], [113.627296, -8.132305]]}}, {"type": "Feature", "properties": {"OBJECTID": 197854, "NAMOBJ": "", "FCODE": "60112", "REMARK": "Sungai Musiman"}, "geometry": {"type": "LineString", "coordinates": [[113.46957, -7.904026], [113.465366, -7.905757]]}}, {"type": "Feature", "properties": {"OBJECTID": 197859, "NAMOBJ": "", "FCODE": "60112", "REMARK": "Sungai Musiman"}, "geometry": {"type": "LineString", "coordinates": [[113.565007, -8.00155], [113.565151, -8.003009]]}}, {"type": "Feature", "properties": {"OBJECTID": 197860, "NAMOBJ": "", "FCODE": "60112", "REMARK": "Sungai Musiman"}, "geometry": {"type": "LineString", "coordinates": [[113.985111, -8.103806], [113.978671, -8.102334]]}}, {"type": "Feature", "properties": {"OBJECTID": 197864, "NAMOBJ": "", "FCODE": "60112", "REMARK": "Sungai Musiman"}, "geometry": {"type": "LineString", "coordinates": [[113.371953, -7.885568], [113.371566, -7.890544], [113.376933, -7.892949], [113.378553, -7.897515], [113.394641, -7.912533]]}}, {"type": "Feature", "properties": {"OBJECTID": 197866, "NAMOBJ": "", "FCODE": "60112", "REMARK": "Sungai Musiman"}, "geometry": {"type": "LineString", "coordinates": [[113.542027, -8.019303], [113.556709, -8.024375]]}}, {"type": "Feature", "properties": {"OBJECTID": 197874, "NAMOBJ": "", "FCODE": "60112", "REMARK": "Sungai Musiman"}, "geometry": {"type": "LineString", "coordinates": [[113.735771, -7.945068], [113.739266, -7.950092]]}}, {"type": "Feature", "properties": {"OBJECTID": 197886, "NAMOBJ": "", "FCODE": "60112", "REMARK": "Sungai Musiman"}, "geometry": {"type": "LineString", "coordinates": [[113.692473, -8.039639], [113.69903, -8.040217]]}}, {"type": "Feature", "properties": {"OBJECTID": 197890, "NAMOBJ": "", "FCODE": "60112", "REMARK": "Sungai Musiman"}, "geometry": {"type": "LineString", "coordinates": [[113.840751, -8.354435], [113.8431, -8.352961]]}}, {"type": "Feature", "properties": {"OBJECTID": 197902, "NAMOBJ": "", "FCODE": "60112", "REMARK": "Sungai Musiman"}, "geometry": {"type": "LineString", "coordinates": [[113.710805, -8.050652], [113.71437, -8.052185]]}}, {"type": "Feature", "properties": {"OBJECTID": 197911, "NAMOBJ": "", "FCODE": "60112", "REMARK": "Sungai Musiman"}, "geometry": {"type": "LineString", "coordinates": [[113.391868, -8.007096], [113.394319, -8.009341]]}}, {"type": "Feature", "properties": {"OBJECTID": 197912, "NAMOBJ": "", "FCODE": "60112", "REMARK": "Sungai Musiman"}, "geometry": {"type": "LineString", "coordinates": [[113.483858, -8.019043], [113.481084, -8.017278], [113.482056, -8.013721]]}}, {"type": "Feature", "properties": {"OBJECTID": 198016, "NAMOBJ": "", "FCODE": "60112", "REMARK": "Sungai Musiman"}, "geometry": {"type": "LineString", "coordinates": [[113.954987, -8.127554], [113.945364, -8.128865], [113.940516, -8.125463]]}}, {"type": "Feature", "properties": {"OBJECTID": 198018, "NAMOBJ": "", "FCODE": "60112", "REMARK": "Sungai Musiman"}, "geometry": {"type": "LineString", "coordinates": [[113.488292, -7.963866], [113.482231, -7.952509], [113.472755, -7.948496], [113.466186, -7.941869], [113.462775, -7.942398], [113.440589, -7.931043]]}}, {"type": "Feature", "properties": {"OBJECTID": 198019, "NAMOBJ": "", "FCODE": "60112", "REMARK": "Sungai Musiman"}, "geometry": {"type": "LineString", "coordinates": [[113.988696, -8.355881], [113.988146, -8.364408]]}}, {"type": "Feature", "properties": {"OBJECTID": 198025, "NAMOBJ": "", "FCODE": "60112", "REMARK": "Sungai Musiman"}, "geometry": {"type": "LineString", "coordinates": [[113.80881, -8.31779], [113.811606, -8.314451]]}}, {"type": "Feature", "properties": {"OBJECTID": 198032, "NAMOBJ": "", "FCODE": "60112", "REMARK": "Sungai Musiman"}, "geometry": {"type": "LineString", "coordinates": [[113.73279, -7.960989], [113.726054, -7.962288]]}}, {"type": "Feature", "properties": {"OBJECTID": 198038, "NAMOBJ": "", "FCODE": "60112", "REMARK": "Sungai Musiman"}, "geometry": {"type": "LineString", "coordinates": [[113.550836, -7.949672], [113.545148, -7.937821]]}}, {"type": "Feature", "properties": {"OBJECTID": 198046, "NAMOBJ": "", "FCODE": "60112", "REMARK": "Sungai Musiman"}, "geometry": {"type": "LineString", "coordinates": [[113.700447, -8.069773], [113.702924, -8.082034], [113.699281, -8.088135]]}}, {"type": "Feature", "properties": {"OBJECTID": 198060, "NAMOBJ": "", "FCODE": "60112", "REMARK": "Sungai Musiman"}, "geometry": {"type": "LineString", "coordinates": [[113.884693, -8.459705], [113.88191, -8.457782]]}}, {"type": "Feature", "properties": {"OBJECTID": 198063, "NAMOBJ": "", "FCODE": "60112", "REMARK": "Sungai Musiman"}, "geometry": {"type": "LineString", "coordinates": [[113.979226, -8.03491], [113.973174, -8.027794]]}}, {"type": "Feature", "properties": {"OBJECTID": 198064, "NAMOBJ": "", "FCODE": "60112", "REMARK": "Sungai Musiman"}, "geometry": {"type": "LineString", "coordinates": [[113.636131, -8.131097], [113.635623, -8.12938]]}}, {"type": "Feature", "properties": {"OBJECTID": 198087, "NAMOBJ": "", "FCODE": "60112", "REMARK": "Sungai Musiman"}, "geometry": {"type": "LineString", "coordinates": [[113.990793, -8.354466], [113.995676, -8.35182]]}}, {"type": "Feature", "properties": {"OBJECTID": 198094, "NAMOBJ": "", "FCODE": "60112", "REMARK": "Sungai Musiman"}, "geometry": {"type": "LineString", "coordinates": [[113.443571, -8.025131], [113.434966, -8.036611]]}}, {"type": "Feature", "properties": {"OBJECTID": 198096, "NAMOBJ": "", "FCODE": "60112", "REMARK": "Sungai Musiman"}, "geometry": {"type": "LineString", "coordinates": [[113.982842, -8.149686], [113.979966, -8.149609]]}}, {"type": "Feature", "properties": {"OBJECTID": 198097, "NAMOBJ": "", "FCODE": "60112", "REMARK": "Sungai Musiman"}, "geometry": {"type": "LineString", "coordinates": [[113.964192, -8.405247], [113.966929, -8.407004]]}}, {"type": "Feature", "properties": {"OBJECTID": 198322, "NAMOBJ": "", "FCODE": "60112", "REMARK": "Sungai Musiman"}, "geometry": {"type": "LineString", "coordinates": [[113.850129, -8.358922], [113.854459, -8.360705]]}}, {"type": "Feature", "properties": {"OBJECTID": 198323, "NAMOBJ": "", "FCODE": "60112", "REMARK": "Sungai Musiman"}, "geometry": {"type": "LineString", "coordinates": [[113.996495, -8.412286], [113.992316, -8.424589]]}}, {"type": "Feature", "properties": {"OBJECTID": 198329, "NAMOBJ": "", "FCODE": "60112", "REMARK": "Sungai Musiman"}, "geometry": {"type": "LineString", "coordinates": [[113.64241, -7.963078], [113.638643, -7.971557]]}}, {"type": "Feature", "properties": {"OBJECTID": 198335, "NAMOBJ": "", "FCODE": "60112", "REMARK": "Sungai Musiman"}, "geometry": {"type": "LineString", "coordinates": [[113.969743, -8.359051], [113.957612, -8.361073]]}}, {"type": "Feature", "properties": {"OBJECTID": 198348, "NAMOBJ": "", "FCODE": "60112", "REMARK": "Sungai Musiman"}, "geometry": {"type": "LineString", "coordinates": [[113.686318, -8.420283], [113.685819, -8.416592]]}}, {"type": "Feature", "properties": {"OBJECTID": 198370, "NAMOBJ": "", "FCODE": "60112", "REMARK": "Sungai Musiman"}, "geometry": {"type": "LineString", "coordinates": [[113.455193, -7.961814], [113.45129, -7.961498]]}}, {"type": "Feature", "properties": {"OBJECTID": 198371, "NAMOBJ": "", "FCODE": "60112", "REMARK": "Sungai Musiman"}, "geometry": {"type": "LineString", "coordinates": [[113.737108, -8.060243], [113.740541, -8.06062]]}}, {"type": "Feature", "properties": {"OBJECTID": 198377, "NAMOBJ": "", "FCODE": "60112", "REMARK": "Sungai Musiman"}, "geometry": {"type": "LineString", "coordinates": [[113.909413, -8.420682], [113.907244, -8.419662]]}}, {"type": "Feature", "properties": {"OBJECTID": 198378, "NAMOBJ": "", "FCODE": "60112", "REMARK": "Sungai Musiman"}, "geometry": {"type": "LineString", "coordinates": [[113.828693, -8.284392], [113.824897, -8.276128]]}}, {"type": "Feature", "properties": {"OBJECTID": 198387, "NAMOBJ": "", "FCODE": "60112", "REMARK": "Sungai Musiman"}, "geometry": {"type": "LineString", "coordinates": [[113.488022, -7.906896], [113.489892, -7.897297]]}}, {"type": "Feature", "properties": {"OBJECTID": 198403, "NAMOBJ": "", "FCODE": "60112", "REMARK": "Sungai Musiman"}, "geometry": {"type": "LineString", "coordinates": [[113.996876, -7.920244], [113.997905, -7.920294]]}}, {"type": "Feature", "properties": {"OBJECTID": 198404, "NAMOBJ": "", "FCODE": "60112", "REMARK": "Sungai Musiman"}, "geometry": {"type": "LineString", "coordinates": [[113.407971, -8.492152], [113.406856, -8.489551]]}}, {"type": "Feature", "properties": {"OBJECTID": 198412, "NAMOBJ": "", "FCODE": "60112", "REMARK": "Sungai Musiman"}, "geometry": {"type": "LineString", "coordinates": [[113.446948, -7.953117], [113.442353, -7.957497]]}}, {"type": "Feature", "properties": {"OBJECTID": 198413, "NAMOBJ": "", "FCODE": "60112", "REMARK": "Sungai Musiman"}, "geometry": {"type": "LineString", "coordinates": [[113.843904, -8.365608], [113.8392, -8.365891]]}}, {"type": "Feature", "properties": {"OBJECTID": 198414, "NAMOBJ": "", "FCODE": "60112", "REMARK": "Sungai Musiman"}, "geometry": {"type": "LineString", "coordinates": [[113.427994, -7.97835], [113.426192, -7.980181]]}}, {"type": "Feature", "properties": {"OBJECTID": 198415, "NAMOBJ": "", "FCODE": "60112", "REMARK": "Sungai Musiman"}, "geometry": {"type": "LineString", "coordinates": [[113.98613, -8.162481], [113.985175, -8.165748]]}}, {"type": "Feature", "properties": {"OBJECTID": 198420, "NAMOBJ": "", "FCODE": "60112", "REMARK": "Sungai Musiman"}, "geometry": {"type": "LineString", "coordinates": [[113.90938, -8.441158], [113.910003, -8.429893]]}}, {"type": "Feature", "properties": {"OBJECTID": 198425, "NAMOBJ": "", "FCODE": "60112", "REMARK": "Sungai Musiman"}, "geometry": {"type": "LineString", "coordinates": [[113.826901, -8.331129], [113.829486, -8.330488]]}}, {"type": "Feature", "properties": {"OBJECTID": 198433, "NAMOBJ": "", "FCODE": "60112", "REMARK": "Sungai Musiman"}, "geometry": {"type": "LineString", "coordinates": [[113.515423, -8.049328], [113.51995, -8.049162]]}}, {"type": "Feature", "properties": {"OBJECTID": 198435, "NAMOBJ": "", "FCODE": "60112", "REMARK": "Sungai Musiman"}, "geometry": {"type": "LineString", "coordinates": [[113.537945, -8.423235], [113.537033, -8.429631]]}}, {"type": "Feature", "properties": {"OBJECTID": 198439, "NAMOBJ": "", "FCODE": "60112", "REMARK": "Sungai Musiman"}, "geometry": {"type": "LineString", "coordinates": [[113.800236, -8.227693], [113.797864, -8.223118]]}}, {"type": "Feature", "properties": {"OBJECTID": 198444, "NAMOBJ": "", "FCODE": "60112", "REMARK": "Sungai Musiman"}, "geometry": {"type": "LineString", "coordinates": [[113.703859, -8.137428], [113.701902, -8.134148]]}}, {"type": "Feature", "properties": {"OBJECTID": 198446, "NAMOBJ": "", "FCODE": "60112", "REMARK": "Sungai Musiman"}, "geometry": {"type": "LineString", "coordinates": [[113.579305, -8.055247], [113.5837, -8.05411]]}}, {"type": "Feature", "properties": {"OBJECTID": 198453, "NAMOBJ": "", "FCODE": "60112", "REMARK": "Sungai Musiman"}, "geometry": {"type": "LineString", "coordinates": [[113.990689, -8.335426], [113.9948, -8.339917]]}}, {"type": "Feature", "properties": {"OBJECTID": 202319, "NAMOBJ": "", "FCODE": "60112", "REMARK": "Sungai Musiman"}, "geometry": {"type": "LineString", "coordinates": [[113.904107, -7.967876], [113.913551, -7.969878]]}}, {"type": "Feature", "properties": {"OBJECTID": 202322, "NAMOBJ": "", "FCODE": "60112", "REMARK": "Sungai Musiman"}, "geometry": {"type": "LineString", "coordinates": [[113.31785, -8.497184], [113.316496, -8.49456]]}}, {"type": "Feature", "properties": {"OBJECTID": 202333, "NAMOBJ": "", "FCODE": "60112", "REMARK": "Sungai Musiman"}, "geometry": {"type": "LineString", "coordinates": [[113.8733, -8.296898], [113.877154, -8.29511]]}}, {"type": "Feature", "properties": {"OBJECTID": 202346, "NAMOBJ": "", "FCODE": "60112", "REMARK": "Sungai Musiman"}, "geometry": {"type": "LineString", "coordinates": [[113.569398, -8.029096], [113.564688, -8.027666]]}}, {"type": "Feature", "properties": {"OBJECTID": 202350, "NAMOBJ": "", "FCODE": "60112", "REMARK": "Sungai Musiman"}, "geometry": {"type": "LineString", "coordinates": [[113.490094, -8.072853], [113.483998, -8.079957], [113.484665, -8.083029]]}}, {"type": "Feature", "properties": {"OBJECTID": 202354, "NAMOBJ": "", "FCODE": "60112", "REMARK": "Sungai Musiman"}, "geometry": {"type": "LineString", "coordinates": [[113.454992, -8.022251], [113.453686, -8.023329]]}}, {"type": "Feature", "properties": {"OBJECTID": 202360, "NAMOBJ": "", "FCODE": "60112", "REMARK": "Sungai Musiman"}, "geometry": {"type": "LineString", "coordinates": [[113.996456, -8.353709], [114.002386, -8.354997]]}}, {"type": "Feature", "properties": {"OBJECTID": 202368, "NAMOBJ": "", "FCODE": "60112", "REMARK": "Sungai Musiman"}, "geometry": {"type": "LineString", "coordinates": [[113.572059, -7.905937], [113.557147, -7.904094]]}}, {"type": "Feature", "properties": {"OBJECTID": 202377, "NAMOBJ": "", "FCODE": "60112", "REMARK": "Sungai Musiman"}, "geometry": {"type": "LineString", "coordinates": [[113.80491, -8.30133], [113.812266, -8.297599], [113.819209, -8.299268]]}}, {"type": "Feature", "properties": {"OBJECTID": 202382, "NAMOBJ": "", "FCODE": "60112", "REMARK": "Sungai Musiman"}, "geometry": {"type": "LineString", "coordinates": [[113.419769, -8.090105], [113.41807, -8.089436]]}}, {"type": "Feature", "properties": {"OBJECTID": 202402, "NAMOBJ": "", "FCODE": "60112", "REMARK": "Sungai Musiman"}, "geometry": {"type": "LineString", "coordinates": [[113.442821, -7.90873], [113.433355, -7.910973]]}}, {"type": "Feature", "properties": {"OBJECTID": 202403, "NAMOBJ": "", "FCODE": "60112", "REMARK": "Sungai Musiman"}, "geometry": {"type": "LineString", "coordinates": [[113.735974, -7.941316], [113.733236, -7.943516]]}}, {"type": "Feature", "properties": {"OBJECTID": 202407, "NAMOBJ": "", "FCODE": "60112", "REMARK": "Sungai Musiman"}, "geometry": {"type": "LineString", "coordinates": [[113.420404, -8.09998], [113.416153, -8.10703]]}}, {"type": "Feature", "properties": {"OBJECTID": 202409, "NAMOBJ": "", "FCODE": "60112", "REMARK": "Sungai Musiman"}, "geometry": {"type": "LineString", "coordinates": [[113.658124, -7.9853], [113.65115, -7.978984]]}}, {"type": "Feature", "properties": {"OBJECTID": 202411, "NAMOBJ": "", "FCODE": "60112", "REMARK": "Sungai Musiman"}, "geometry": {"type": "LineString", "coordinates": [[113.84249, -8.294256], [113.844358, -8.295727]]}}, {"type": "Feature", "properties": {"OBJECTID": 202514, "NAMOBJ": "", "FCODE": "60112", "REMARK": "Sungai Musiman"}, "geometry": {"type": "LineString", "coordinates": [[113.521803, -8.042696], [113.519891, -8.047498], [113.513368, -8.050739], [113.508182, -8.049572], [113.507703, -8.053936], [113.50408, -8.054869], [113.501552, -8.059346], [113.502231, -8.07225]]}}, {"type": "Feature", "properties": {"OBJECTID": 202526, "NAMOBJ": "", "FCODE": "60112", "REMARK": "Sungai Musiman"}, "geometry": {"type": "LineString", "coordinates": [[113.622424, -8.109291], [113.624892, -8.115444]]}}, {"type": "Feature", "properties": {"OBJECTID": 202527, "NAMOBJ": "", "FCODE": "60112", "REMARK": "Sungai Musiman"}, "geometry": {"type": "LineString", "coordinates": [[113.993016, -8.062746], [113.988292, -8.056416]]}}, {"type": "Feature", "properties": {"OBJECTID": 202532, "NAMOBJ": "", "FCODE": "60112", "REMARK": "Sungai Musiman"}, "geometry": {"type": "LineString", "coordinates": [[113.515283, -8.411031], [113.51705, -8.405509]]}}, {"type": "Feature", "properties": {"OBJECTID": 202541, "NAMOBJ": "", "FCODE": "60112", "REMARK": "Sungai Musiman"}, "geometry": {"type": "LineString", "coordinates": [[113.698473, -8.071871], [113.697356, -8.083761], [113.700233, -8.091163], [113.70697, -8.095643], [113.709442, -8.101902], [113.713627, -8.102548], [113.714695, -8.110186], [113.718933, -8.111471]]}}, {"type": "Feature", "properties": {"OBJECTID": 202543, "NAMOBJ": "", "FCODE": "60112", "REMARK": "Sungai Musiman"}, "geometry": {"type": "LineString", "coordinates": [[113.714457, -7.95041], [113.705798, -7.951379]]}}, {"type": "Feature", "properties": {"OBJECTID": 202546, "NAMOBJ": "", "FCODE": "60112", "REMARK": "Sungai Musiman"}, "geometry": {"type": "LineString", "coordinates": [[113.918083, -8.436915], [113.925857, -8.445438]]}}, {"type": "Feature", "properties": {"OBJECTID": 202556, "NAMOBJ": "", "FCODE": "60112", "REMARK": "Sungai Musiman"}, "geometry": {"type": "LineString", "coordinates": [[113.444308, -8.020316], [113.44582, -8.024042]]}}, {"type": "Feature", "properties": {"OBJECTID": 202558, "NAMOBJ": "", "FCODE": "60112", "REMARK": "Sungai Musiman"}, "geometry": {"type": "LineString", "coordinates": [[113.450162, -7.955304], [113.448994, -7.957553]]}}, {"type": "Feature", "properties": {"OBJECTID": 202563, "NAMOBJ": "", "FCODE": "60112", "REMARK": "Sungai Musiman"}, "geometry": {"type": "LineString", "coordinates": [[113.815529, -8.154558], [113.815316, -8.151681]]}}, {"type": "Feature", "properties": {"OBJECTID": 202564, "NAMOBJ": "", "FCODE": "60112", "REMARK": "Sungai Musiman"}, "geometry": {"type": "LineString", "coordinates": [[113.865097, -8.320578], [113.867804, -8.322102]]}}, {"type": "Feature", "properties": {"OBJECTID": 202574, "NAMOBJ": "", "FCODE": "60112", "REMARK": "Sungai Musiman"}, "geometry": {"type": "LineString", "coordinates": [[113.656221, -8.051462], [113.655453, -8.057556]]}}, {"type": "Feature", "properties": {"OBJECTID": 202580, "NAMOBJ": "", "FCODE": "60112", "REMARK": "Sungai Musiman"}, "geometry": {"type": "LineString", "coordinates": [[113.879818, -8.411614], [113.875323, -8.413406]]}}, {"type": "Feature", "properties": {"OBJECTID": 202581, "NAMOBJ": "", "FCODE": "60112", "REMARK": "Sungai Musiman"}, "geometry": {"type": "LineString", "coordinates": [[113.972888, -8.228717], [113.976151, -8.234454]]}}, {"type": "Feature", "properties": {"OBJECTID": 202586, "NAMOBJ": "", "FCODE": "60112", "REMARK": "Sungai Musiman"}, "geometry": {"type": "LineString", "coordinates": [[113.814291, -8.347158], [113.814851, -8.342048]]}}, {"type": "Feature", "properties": {"OBJECTID": 202587, "NAMOBJ": "", "FCODE": "60112", "REMARK": "Sungai Musiman"}, "geometry": {"type": "LineString", "coordinates": [[113.429311, -7.976984], [113.419095, -7.97579]]}}, {"type": "Feature", "properties": {"OBJECTID": 202606, "NAMOBJ": "", "FCODE": "60112", "REMARK": "Sungai Musiman"}, "geometry": {"type": "LineString", "coordinates": [[113.544194, -8.416957], [113.546899, -8.419922]]}}, {"type": "Feature", "properties": {"OBJECTID": 202608, "NAMOBJ": "", "FCODE": "60112", "REMARK": "Sungai Musiman"}, "geometry": {"type": "LineString", "coordinates": [[113.504779, -8.125789], [113.49967, -8.130794]]}}, {"type": "Feature", "properties": {"OBJECTID": 202613, "NAMOBJ": "", "FCODE": "60112", "REMARK": "Sungai Musiman"}, "geometry": {"type": "LineString", "coordinates": [[113.893219, -8.433829], [113.886436, -8.433399]]}}, {"type": "Feature", "properties": {"OBJECTID": 203116, "NAMOBJ": "", "FCODE": "60112", "REMARK": "Sungai Musiman"}, "geometry": {"type": "LineString", "coordinates": [[113.363042, -8.027681], [113.366897, -8.019535], [113.360656, -7.992785], [113.354398, -7.982526]]}}, {"type": "Feature", "properties": {"OBJECTID": 203137, "NAMOBJ": "", "FCODE": "60112", "REMARK": "Sungai Musiman"}, "geometry": {"type": "LineString", "coordinates": [[113.988076, -8.310936], [113.988933, -8.31019]]}}, {"type": "Feature", "properties": {"OBJECTID": 203140, "NAMOBJ": "", "FCODE": "60112", "REMARK": "Sungai Musiman"}, "geometry": {"type": "LineString", "coordinates": [[113.809057, -7.928045], [113.811549, -7.928689]]}}, {"type": "Feature", "properties": {"OBJECTID": 203148, "NAMOBJ": "", "FCODE": "60112", "REMARK": "Sungai Musiman"}, "geometry": {"type": "LineString", "coordinates": [[113.698231, -8.342178], [113.697564, -8.337526]]}}, {"type": "Feature", "properties": {"OBJECTID": 203154, "NAMOBJ": "", "FCODE": "60112", "REMARK": "Sungai Musiman"}, "geometry": {"type": "LineString", "coordinates": [[113.339853, -7.932787], [113.336109, -7.918138], [113.337356, -7.908458], [113.342236, -7.908601]]}}, {"type": "Feature", "properties": {"OBJECTID": 203163, "NAMOBJ": "", "FCODE": "60112", "REMARK": "Sungai Musiman"}, "geometry": {"type": "LineString", "coordinates": [[113.448464, -8.016642], [113.447876, -8.013478]]}}, {"type": "Feature", "properties": {"OBJECTID": 203165, "NAMOBJ": "", "FCODE": "60112", "REMARK": "Sungai Musiman"}, "geometry": {"type": "LineString", "coordinates": [[113.707829, -8.117046], [113.710774, -8.11333]]}}, {"type": "Feature", "properties": {"OBJECTID": 203167, "NAMOBJ": "", "FCODE": "60112", "REMARK": "Sungai Musiman"}, "geometry": {"type": "LineString", "coordinates": [[113.403667, -8.023812], [113.404401, -8.026413]]}}, {"type": "Feature", "properties": {"OBJECTID": 207017, "NAMOBJ": "", "FCODE": "60112", "REMARK": "Sungai Musiman"}, "geometry": {"type": "LineString", "coordinates": [[113.477408, -7.917674], [113.472386, -7.924432], [113.468511, -7.925122]]}}, {"type": "Feature", "properties": {"OBJECTID": 207042, "NAMOBJ": "", "FCODE": "60112", "REMARK": "Sungai Musiman"}, "geometry": {"type": "LineString", "coordinates": [[113.964379, -8.344573], [113.954435, -8.346825]]}}, {"type": "Feature", "properties": {"OBJECTID": 207054, "NAMOBJ": "", "FCODE": "60112", "REMARK": "Sungai Musiman"}, "geometry": {"type": "LineString", "coordinates": [[113.51798, -8.412005], [113.514837, -8.413061]]}}, {"type": "Feature", "properties": {"OBJECTID": 207064, "NAMOBJ": "", "FCODE": "60112", "REMARK": "Sungai Musiman"}, "geometry": {"type": "LineString", "coordinates": [[113.550804, -8.061341], [113.555003, -8.046033], [113.562343, -8.037977]]}}, {"type": "Feature", "properties": {"OBJECTID": 207073, "NAMOBJ": "", "FCODE": "60112", "REMARK": "Sungai Musiman"}, "geometry": {"type": "LineString", "coordinates": [[113.569206, -7.973292], [113.565152, -7.979172]]}}, {"type": "Feature", "properties": {"OBJECTID": 207084, "NAMOBJ": "", "FCODE": "60112", "REMARK": "Sungai Musiman"}, "geometry": {"type": "LineString", "coordinates": [[113.592049, -8.113055], [113.593027, -8.103743], [113.602165, -8.085989], [113.60365, -8.068123]]}}, {"type": "Feature", "properties": {"OBJECTID": 207087, "NAMOBJ": "", "FCODE": "60112", "REMARK": "Sungai Musiman"}, "geometry": {"type": "LineString", "coordinates": [[113.850566, -8.322072], [113.849372, -8.32636]]}}, {"type": "Feature", "properties": {"OBJECTID": 207089, "NAMOBJ": "", "FCODE": "60112", "REMARK": "Sungai Musiman"}, "geometry": {"type": "LineString", "coordinates": [[113.937894, -8.322641], [113.938999, -8.314132]]}}, {"type": "Feature", "properties": {"OBJECTID": 207090, "NAMOBJ": "", "FCODE": "60112", "REMARK": "Sungai Musiman"}, "geometry": {"type": "LineString", "coordinates": [[113.564423, -8.093037], [113.567337, -8.089496]]}}, {"type": "Feature", "properties": {"OBJECTID": 207092, "NAMOBJ": "", "FCODE": "60112", "REMARK": "Sungai Musiman"}, "geometry": {"type": "LineString", "coordinates": [[113.678317, -8.478299], [113.679805, -8.473588]]}}, {"type": "Feature", "properties": {"OBJECTID": 207100, "NAMOBJ": "", "FCODE": "60112", "REMARK": "Sungai Musiman"}, "geometry": {"type": "LineString", "coordinates": [[113.726579, -7.998034], [113.718905, -7.997659]]}}, {"type": "Feature", "properties": {"OBJECTID": 207107, "NAMOBJ": "", "FCODE": "60112", "REMARK": "Sungai Musiman"}, "geometry": {"type": "LineString", "coordinates": [[113.868624, -8.42208], [113.873008, -8.439875], [113.877538, -8.442218]]}}, {"type": "Feature", "properties": {"OBJECTID": 207223, "NAMOBJ": "", "FCODE": "60112", "REMARK": "Sungai Musiman"}, "geometry": {"type": "LineString", "coordinates": [[113.976043, -8.070846], [113.974925, -8.069531]]}}, {"type": "Feature", "properties": {"OBJECTID": 207228, "NAMOBJ": "", "FCODE": "60112", "REMARK": "Sungai Musiman"}, "geometry": {"type": "LineString", "coordinates": [[113.963923, -8.374305], [113.969524, -8.375557]]}}, {"type": "Feature", "properties": {"OBJECTID": 207233, "NAMOBJ": "", "FCODE": "60112", "REMARK": "Sungai Musiman"}, "geometry": {"type": "LineString", "coordinates": [[113.867169, -8.084121], [113.861207, -8.086485]]}}, {"type": "Feature", "properties": {"OBJECTID": 207234, "NAMOBJ": "", "FCODE": "60112", "REMARK": "Sungai Musiman"}, "geometry": {"type": "LineString", "coordinates": [[113.573289, -8.034852], [113.567465, -8.034768]]}}, {"type": "Feature", "properties": {"OBJECTID": 207235, "NAMOBJ": "", "FCODE": "60112", "REMARK": "Sungai Musiman"}, "geometry": {"type": "LineString", "coordinates": [[113.350354, -7.97117], [113.358952, -7.948959], [113.360257, -7.926366]]}}, {"type": "Feature", "properties": {"OBJECTID": 207260, "NAMOBJ": "", "FCODE": "60112", "REMARK": "Sungai Musiman"}, "geometry": {"type": "LineString", "coordinates": [[113.476571, -7.910747], [113.475721, -7.90754]]}}, {"type": "Feature", "properties": {"OBJECTID": 207270, "NAMOBJ": "", "FCODE": "60112", "REMARK": "Sungai Musiman"}, "geometry": {"type": "LineString", "coordinates": [[113.660785, -7.912585], [113.656598, -7.917393]]}}, {"type": "Feature", "properties": {"OBJECTID": 207276, "NAMOBJ": "", "FCODE": "60112", "REMARK": "Sungai Musiman"}, "geometry": {"type": "LineString", "coordinates": [[113.512371, -7.944729], [113.510031, -7.938316]]}}, {"type": "Feature", "properties": {"OBJECTID": 207278, "NAMOBJ": "", "FCODE": "60112", "REMARK": "Sungai Musiman"}, "geometry": {"type": "LineString", "coordinates": [[113.764294, -8.069997], [113.771102, -8.082116]]}}, {"type": "Feature", "properties": {"OBJECTID": 207281, "NAMOBJ": "", "FCODE": "60112", "REMARK": "Sungai Musiman"}, "geometry": {"type": "LineString", "coordinates": [[113.792496, -8.395111], [113.788684, -8.407563]]}}, {"type": "Feature", "properties": {"OBJECTID": 207289, "NAMOBJ": "", "FCODE": "60112", "REMARK": "Sungai Musiman"}, "geometry": {"type": "LineString", "coordinates": [[113.942926, -8.390812], [113.945713, -8.376719]]}}, {"type": "Feature", "properties": {"OBJECTID": 207291, "NAMOBJ": "", "FCODE": "60112", "REMARK": "Sungai Musiman"}, "geometry": {"type": "LineString", "coordinates": [[113.970836, -8.185917], [113.962216, -8.188857]]}}, {"type": "Feature", "properties": {"OBJECTID": 207293, "NAMOBJ": "", "FCODE": "60112", "REMARK": "Sungai Musiman"}, "geometry": {"type": "LineString", "coordinates": [[113.960516, -8.403604], [113.959025, -8.418165]]}}, {"type": "Feature", "properties": {"OBJECTID": 207294, "NAMOBJ": "", "FCODE": "60112", "REMARK": "Sungai Musiman"}, "geometry": {"type": "LineString", "coordinates": [[113.472263, -8.031721], [113.466611, -8.036113]]}}, {"type": "Feature", "properties": {"OBJECTID": 207306, "NAMOBJ": "", "FCODE": "60112", "REMARK": "Sungai Musiman"}, "geometry": {"type": "LineString", "coordinates": [[113.596043, -7.972375], [113.603912, -7.98175], [113.601657, -7.988711], [113.597219, -7.990977]]}}, {"type": "Feature", "properties": {"OBJECTID": 207309, "NAMOBJ": "", "FCODE": "60112", "REMARK": "Sungai Musiman"}, "geometry": {"type": "LineString", "coordinates": [[113.972666, -8.343869], [113.975655, -8.340063]]}}, {"type": "Feature", "properties": {"OBJECTID": 207313, "NAMOBJ": "", "FCODE": "60112", "REMARK": "Sungai Musiman"}, "geometry": {"type": "LineString", "coordinates": [[113.635707, -7.932756], [113.636212, -7.930239]]}}, {"type": "Feature", "properties": {"OBJECTID": 207520, "NAMOBJ": "", "FCODE": "60112", "REMARK": "Sungai Musiman"}, "geometry": {"type": "LineString", "coordinates": [[113.55043, -7.903058], [113.544951, -7.899625], [113.542198, -7.901353]]}}, {"type": "Feature", "properties": {"OBJECTID": 207524, "NAMOBJ": "", "FCODE": "60112", "REMARK": "Sungai Musiman"}, "geometry": {"type": "LineString", "coordinates": [[113.8688, -8.30525], [113.865569, -8.307257]]}}, {"type": "Feature", "properties": {"OBJECTID": 207533, "NAMOBJ": "", "FCODE": "60112", "REMARK": "Sungai Musiman"}, "geometry": {"type": "LineString", "coordinates": [[113.732568, -8.284613], [113.744222, -8.286491]]}}, {"type": "Feature", "properties": {"OBJECTID": 207547, "NAMOBJ": "", "FCODE": "60112", "REMARK": "Sungai Musiman"}, "geometry": {"type": "LineString", "coordinates": [[113.760905, -8.30556], [113.755468, -8.306344]]}}, {"type": "Feature", "properties": {"OBJECTID": 207549, "NAMOBJ": "", "FCODE": "60112", "REMARK": "Sungai Musiman"}, "geometry": {"type": "LineString", "coordinates": [[113.465302, -8.095422], [113.461654, -8.096046]]}}, {"type": "Feature", "properties": {"OBJECTID": 207553, "NAMOBJ": "", "FCODE": "60112", "REMARK": "Sungai Musiman"}, "geometry": {"type": "LineString", "coordinates": [[113.823776, -8.348099], [113.820256, -8.359894]]}}, {"type": "Feature", "properties": {"OBJECTID": 207556, "NAMOBJ": "", "FCODE": "60112", "REMARK": "Sungai Musiman"}, "geometry": {"type": "LineString", "coordinates": [[113.693927, -8.055146], [113.689087, -8.051087]]}}, {"type": "Feature", "properties": {"OBJECTID": 207565, "NAMOBJ": "", "FCODE": "60112", "REMARK": "Sungai Musiman"}, "geometry": {"type": "LineString", "coordinates": [[113.430896, -8.04397], [113.428307, -8.040824]]}}, {"type": "Feature", "properties": {"OBJECTID": 207569, "NAMOBJ": "", "FCODE": "60112", "REMARK": "Sungai Musiman"}, "geometry": {"type": "LineString", "coordinates": [[113.93499, -8.354216], [113.936273, -8.347268]]}}, {"type": "Feature", "properties": {"OBJECTID": 207587, "NAMOBJ": "", "FCODE": "60112", "REMARK": "Sungai Musiman"}, "geometry": {"type": "LineString", "coordinates": [[113.504628, -8.091079], [113.506176, -8.091682]]}}, {"type": "Feature", "properties": {"OBJECTID": 207588, "NAMOBJ": "", "FCODE": "60112", "REMARK": "Sungai Musiman"}, "geometry": {"type": "LineString", "coordinates": [[113.567694, -8.078093], [113.567321, -8.059522]]}}, {"type": "Feature", "properties": {"OBJECTID": 207590, "NAMOBJ": "", "FCODE": "60112", "REMARK": "Sungai Musiman"}, "geometry": {"type": "LineString", "coordinates": [[113.985618, -8.07264], [113.980398, -8.067395]]}}, {"type": "Feature", "properties": {"OBJECTID": 207592, "NAMOBJ": "", "FCODE": "60112", "REMARK": "Sungai Musiman"}, "geometry": {"type": "LineString", "coordinates": [[113.668571, -7.907903], [113.662633, -7.914019]]}}, {"type": "Feature", "properties": {"OBJECTID": 207594, "NAMOBJ": "", "FCODE": "60112", "REMARK": "Sungai Musiman"}, "geometry": {"type": "LineString", "coordinates": [[113.512297, -8.414197], [113.513999, -8.415389]]}}, {"type": "Feature", "properties": {"OBJECTID": 207596, "NAMOBJ": "", "FCODE": "60112", "REMARK": "Sungai Musiman"}, "geometry": {"type": "LineString", "coordinates": [[113.995975, -8.3138], [113.99889, -8.312487]]}}, {"type": "Feature", "properties": {"OBJECTID": 207603, "NAMOBJ": "", "FCODE": "60112", "REMARK": "Sungai Musiman"}, "geometry": {"type": "LineString", "coordinates": [[113.598828, -8.03357], [113.597828, -8.048443]]}}, {"type": "Feature", "properties": {"OBJECTID": 207604, "NAMOBJ": "", "FCODE": "60112", "REMARK": "Sungai Musiman"}, "geometry": {"type": "LineString", "coordinates": [[113.358623, -8.476406], [113.364185, -8.481313]]}}, {"type": "Feature", "properties": {"OBJECTID": 207606, "NAMOBJ": "", "FCODE": "60112", "REMARK": "Sungai Musiman"}, "geometry": {"type": "LineString", "coordinates": [[113.552558, -8.022752], [113.556163, -8.022806]]}}, {"type": "Feature", "properties": {"OBJECTID": 207609, "NAMOBJ": "", "FCODE": "60112", "REMARK": "Sungai Musiman"}, "geometry": {"type": "LineString", "coordinates": [[113.779788, -8.226508], [113.772045, -8.216936]]}}, {"type": "Feature", "properties": {"OBJECTID": 207613, "NAMOBJ": "", "FCODE": "60112", "REMARK": "Sungai Musiman"}, "geometry": {"type": "LineString", "coordinates": [[113.700376, -8.44149], [113.69501, -8.441994]]}}, {"type": "Feature", "properties": {"OBJECTID": 207816, "NAMOBJ": "", "FCODE": "60112", "REMARK": "Sungai Musiman"}, "geometry": {"type": "LineString", "coordinates": [[113.865275, -8.178366], [113.880687, -8.180324], [113.883832, -8.176083], [113.89484, -8.173466], [113.904972, -8.178261], [113.915393, -8.176142]]}}, {"type": "Feature", "properties": {"OBJECTID": 207824, "NAMOBJ": "", "FCODE": "60112", "REMARK": "Sungai Musiman"}, "geometry": {"type": "LineString", "coordinates": [[113.670135, -7.904777], [113.66622, -7.905406]]}}, {"type": "Feature", "properties": {"OBJECTID": 207829, "NAMOBJ": "", "FCODE": "60112", "REMARK": "Sungai Musiman"}, "geometry": {"type": "LineString", "coordinates": [[113.406587, -8.077165], [113.403324, -8.086152]]}}, {"type": "Feature", "properties": {"OBJECTID": 207831, "NAMOBJ": "", "FCODE": "60112", "REMARK": "Sungai Musiman"}, "geometry": {"type": "LineString", "coordinates": [[113.980218, -8.382382], [113.975258, -8.388986]]}}, {"type": "Feature", "properties": {"OBJECTID": 207836, "NAMOBJ": "", "FCODE": "60112", "REMARK": "Sungai Musiman"}, "geometry": {"type": "LineString", "coordinates": [[113.788459, -8.267817], [113.786819, -8.266952]]}}, {"type": "Feature", "properties": {"OBJECTID": 207838, "NAMOBJ": "", "FCODE": "60112", "REMARK": "Sungai Musiman"}, "geometry": {"type": "LineString", "coordinates": [[113.895667, -8.414647], [113.899004, -8.412643]]}}, {"type": "Feature", "properties": {"OBJECTID": 207841, "NAMOBJ": "", "FCODE": "60112", "REMARK": "Sungai Musiman"}, "geometry": {"type": "LineString", "coordinates": [[113.708264, -8.337746], [113.710387, -8.335218]]}}, {"type": "Feature", "properties": {"OBJECTID": 207842, "NAMOBJ": "", "FCODE": "60112", "REMARK": "Sungai Musiman"}, "geometry": {"type": "LineString", "coordinates": [[113.523471, -8.119921], [113.525016, -8.115016]]}}, {"type": "Feature", "properties": {"OBJECTID": 207847, "NAMOBJ": "", "FCODE": "60112", "REMARK": "Sungai Musiman"}, "geometry": {"type": "LineString", "coordinates": [[113.502271, -8.101619], [113.499546, -8.102982]]}}, {"type": "Feature", "properties": {"OBJECTID": 207851, "NAMOBJ": "", "FCODE": "60112", "REMARK": "Sungai Musiman"}, "geometry": {"type": "LineString", "coordinates": [[113.999076, -8.43167], [114.000017, -8.444938], [113.997606, -8.450511], [114.007234, -8.457931]]}}, {"type": "Feature", "properties": {"OBJECTID": 207852, "NAMOBJ": "", "FCODE": "60112", "REMARK": "Sungai Musiman"}, "geometry": {"type": "LineString", "coordinates": [[113.800198, -8.349316], [113.806023, -8.348018]]}}, {"type": "Feature", "properties": {"OBJECTID": 207855, "NAMOBJ": "", "FCODE": "60112", "REMARK": "Sungai Musiman"}, "geometry": {"type": "LineString", "coordinates": [[113.993793, -8.359471], [113.999062, -8.356802], [114.004995, -8.358744]]}}, {"type": "Feature", "properties": {"OBJECTID": 207859, "NAMOBJ": "", "FCODE": "60112", "REMARK": "Sungai Musiman"}, "geometry": {"type": "LineString", "coordinates": [[113.540453, -8.417632], [113.541115, -8.420276]]}}, {"type": "Feature", "properties": {"OBJECTID": 207861, "NAMOBJ": "", "FCODE": "60112", "REMARK": "Sungai Musiman"}, "geometry": {"type": "LineString", "coordinates": [[113.956844, -8.402852], [113.955544, -8.39917]]}}, {"type": "Feature", "properties": {"OBJECTID": 207864, "NAMOBJ": "", "FCODE": "60112", "REMARK": "Sungai Musiman"}, "geometry": {"type": "LineString", "coordinates": [[113.874992, -8.318051], [113.871462, -8.320539]]}}, {"type": "Feature", "properties": {"OBJECTID": 207866, "NAMOBJ": "", "FCODE": "60112", "REMARK": "Sungai Musiman"}, "geometry": {"type": "LineString", "coordinates": [[113.708411, -7.916643], [113.701632, -7.946125], [113.694342, -7.957234], [113.688496, -7.960414]]}}, {"type": "Feature", "properties": {"OBJECTID": 207867, "NAMOBJ": "", "FCODE": "60112", "REMARK": "Sungai Musiman"}, "geometry": {"type": "LineString", "coordinates": [[113.737567, -8.306051], [113.734192, -8.305023]]}}, {"type": "Feature", "properties": {"OBJECTID": 207870, "NAMOBJ": "", "FCODE": "60112", "REMARK": "Sungai Musiman"}, "geometry": {"type": "LineString", "coordinates": [[113.376422, -7.920101], [113.37501, -7.922993]]}}, {"type": "Feature", "properties": {"OBJECTID": 207875, "NAMOBJ": "", "FCODE": "60112", "REMARK": "Sungai Musiman"}, "geometry": {"type": "LineString", "coordinates": [[113.700645, -8.42652], [113.703143, -8.422133]]}}, {"type": "Feature", "properties": {"OBJECTID": 207884, "NAMOBJ": "", "FCODE": "60112", "REMARK": "Sungai Musiman"}, "geometry": {"type": "LineString", "coordinates": [[113.841814, -8.361818], [113.85029, -8.365589]]}}, {"type": "Feature", "properties": {"OBJECTID": 207888, "NAMOBJ": "", "FCODE": "60112", "REMARK": "Sungai Musiman"}, "geometry": {"type": "LineString", "coordinates": [[113.860746, -8.352444], [113.856627, -8.35298]]}}, {"type": "Feature", "properties": {"OBJECTID": 207893, "NAMOBJ": "", "FCODE": "60112", "REMARK": "Sungai Musiman"}, "geometry": {"type": "LineString", "coordinates": [[113.537385, -7.953394], [113.5281, -7.944233]]}}, {"type": "Feature", "properties": {"OBJECTID": 207896, "NAMOBJ": "", "FCODE": "60112", "REMARK": "Sungai Musiman"}, "geometry": {"type": "LineString", "coordinates": [[113.415537, -7.911274], [113.410979, -7.910867]]}}, {"type": "Feature", "properties": {"OBJECTID": 207903, "NAMOBJ": "", "FCODE": "60112", "REMARK": "Sungai Musiman"}, "geometry": {"type": "LineString", "coordinates": [[114.016963, -8.081755], [114.004807, -8.071234], [113.984587, -8.06147], [113.959803, -8.036666], [113.947183, -8.030626], [113.932967, -8.003412]]}}, {"type": "Feature", "properties": {"OBJECTID": 207911, "NAMOBJ": "", "FCODE": "60112", "REMARK": "Sungai Musiman"}, "geometry": {"type": "LineString", "coordinates": [[113.442267, -7.996062], [113.436309, -7.992819], [113.433337, -7.994869]]}}, {"type": "Feature", "properties": {"OBJECTID": 211715, "NAMOBJ": "", "FCODE": "60112", "REMARK": "Sungai Musiman"}, "geometry": {"type": "LineString", "coordinates": [[113.716957, -7.940601], [113.719712, -7.941704]]}}, {"type": "Feature", "properties": {"OBJECTID": 211725, "NAMOBJ": "", "FCODE": "60112", "REMARK": "Sungai Musiman"}, "geometry": {"type": "LineString", "coordinates": [[113.993582, -8.109388], [113.977029, -8.101827]]}}, {"type": "Feature", "properties": {"OBJECTID": 211733, "NAMOBJ": "", "FCODE": "60112", "REMARK": "Sungai Musiman"}, "geometry": {"type": "LineString", "coordinates": [[113.815136, -8.325768], [113.814744, -8.323355]]}}, {"type": "Feature", "properties": {"OBJECTID": 211755, "NAMOBJ": "", "FCODE": "60112", "REMARK": "Sungai Musiman"}, "geometry": {"type": "LineString", "coordinates": [[113.604226, -8.095439], [113.602577, -8.094345]]}}, {"type": "Feature", "properties": {"OBJECTID": 211759, "NAMOBJ": "", "FCODE": "60112", "REMARK": "Sungai Musiman"}, "geometry": {"type": "LineString", "coordinates": [[113.736915, -7.958732], [113.73333, -7.962148]]}}, {"type": "Feature", "properties": {"OBJECTID": 211762, "NAMOBJ": "", "FCODE": "60112", "REMARK": "Sungai Musiman"}, "geometry": {"type": "LineString", "coordinates": [[113.352658, -7.91158], [113.360037, -7.907185], [113.358161, -7.903414], [113.362316, -7.899608], [113.362667, -7.894529]]}}, {"type": "Feature", "properties": {"OBJECTID": 211768, "NAMOBJ": "", "FCODE": "60112", "REMARK": "Sungai Musiman"}, "geometry": {"type": "LineString", "coordinates": [[113.615971, -8.062602], [113.611164, -8.051677]]}}, {"type": "Feature", "properties": {"OBJECTID": 211801, "NAMOBJ": "", "FCODE": "60112", "REMARK": "Sungai Musiman"}, "geometry": {"type": "LineString", "coordinates": [[113.932429, -8.348914], [113.93173, -8.344965]]}}, {"type": "Feature", "properties": {"OBJECTID": 211803, "NAMOBJ": "", "FCODE": "60112", "REMARK": "Sungai Musiman"}, "geometry": {"type": "LineString", "coordinates": [[113.59283, -8.018871], [113.594904, -8.019694]]}}, {"type": "Feature", "properties": {"OBJECTID": 211804, "NAMOBJ": "", "FCODE": "60112", "REMARK": "Sungai Musiman"}, "geometry": {"type": "LineString", "coordinates": [[113.560079, -8.106904], [113.561697, -8.104]]}}, {"type": "Feature", "properties": {"OBJECTID": 211807, "NAMOBJ": "", "FCODE": "60112", "REMARK": "Sungai Musiman"}, "geometry": {"type": "LineString", "coordinates": [[113.404995, -8.009716], [113.40523, -8.007265]]}}, {"type": "Feature", "properties": {"OBJECTID": 211808, "NAMOBJ": "", "FCODE": "60112", "REMARK": "Sungai Musiman"}, "geometry": {"type": "LineString", "coordinates": [[113.70809, -7.949006], [113.711814, -7.949803]]}}, {"type": "Feature", "properties": {"OBJECTID": 211813, "NAMOBJ": "", "FCODE": "60112", "REMARK": "Sungai Musiman"}, "geometry": {"type": "LineString", "coordinates": [[113.45759, -8.061152], [113.456557, -8.06586]]}}, {"type": "Feature", "properties": {"OBJECTID": 212018, "NAMOBJ": "", "FCODE": "60112", "REMARK": "Sungai Musiman"}, "geometry": {"type": "LineString", "coordinates": [[113.673951, -7.977903], [113.670585, -7.975333]]}}, {"type": "Feature", "properties": {"OBJECTID": 212028, "NAMOBJ": "", "FCODE": "60112", "REMARK": "Sungai Musiman"}, "geometry": {"type": "LineString", "coordinates": [[113.56436, -8.01027], [113.562918, -8.010212]]}}, {"type": "Feature", "properties": {"OBJECTID": 212047, "NAMOBJ": "", "FCODE": "60112", "REMARK": "Sungai Musiman"}, "geometry": {"type": "LineString", "coordinates": [[113.707553, -8.045646], [113.705534, -8.049513]]}}, {"type": "Feature", "properties": {"OBJECTID": 212048, "NAMOBJ": "", "FCODE": "60112", "REMARK": "Sungai Musiman"}, "geometry": {"type": "LineString", "coordinates": [[113.986989, -8.148564], [113.984026, -8.151147]]}}, {"type": "Feature", "properties": {"OBJECTID": 212049, "NAMOBJ": "", "FCODE": "60112", "REMARK": "Sungai Musiman"}, "geometry": {"type": "LineString", "coordinates": [[113.870016, -8.311624], [113.870037, -8.308783]]}}, {"type": "Feature", "properties": {"OBJECTID": 212066, "NAMOBJ": "", "FCODE": "60112", "REMARK": "Sungai Musiman"}, "geometry": {"type": "LineString", "coordinates": [[113.529426, -8.412392], [113.533508, -8.428034]]}}, {"type": "Feature", "properties": {"OBJECTID": 212081, "NAMOBJ": "", "FCODE": "60112", "REMARK": "Sungai Musiman"}, "geometry": {"type": "LineString", "coordinates": [[113.788391, -8.278018], [113.784064, -8.28035]]}}, {"type": "Feature", "properties": {"OBJECTID": 212082, "NAMOBJ": "", "FCODE": "60112", "REMARK": "Sungai Musiman"}, "geometry": {"type": "LineString", "coordinates": [[114.007626, -8.041131], [113.999119, -8.028729], [113.991603, -8.024152], [113.981246, -8.011652], [113.967251, -8.005312]]}}, {"type": "Feature", "properties": {"OBJECTID": 212085, "NAMOBJ": "", "FCODE": "60112", "REMARK": "Sungai Musiman"}, "geometry": {"type": "LineString", "coordinates": [[113.886126, -8.47627], [113.882872, -8.477228]]}}, {"type": "Feature", "properties": {"OBJECTID": 212093, "NAMOBJ": "", "FCODE": "60112", "REMARK": "Sungai Musiman"}, "geometry": {"type": "LineString", "coordinates": [[113.664041, -7.916], [113.676855, -7.902528]]}}, {"type": "Feature", "properties": {"OBJECTID": 212096, "NAMOBJ": "", "FCODE": "60112", "REMARK": "Sungai Musiman"}, "geometry": {"type": "LineString", "coordinates": [[113.6737, -8.111342], [113.676897, -8.152309]]}}, {"type": "Feature", "properties": {"OBJECTID": 212101, "NAMOBJ": "", "FCODE": "60112", "REMARK": "Sungai Musiman"}, "geometry": {"type": "LineString", "coordinates": [[113.888273, -8.205947], [113.883866, -8.207754]]}}, {"type": "Feature", "properties": {"OBJECTID": 212106, "NAMOBJ": "", "FCODE": "60112", "REMARK": "Sungai Musiman"}, "geometry": {"type": "LineString", "coordinates": [[113.370461, -8.467295], [113.367256, -8.468524]]}}, {"type": "Feature", "properties": {"OBJECTID": 212109, "NAMOBJ": "", "FCODE": "60112", "REMARK": "Sungai Musiman"}, "geometry": {"type": "LineString", "coordinates": [[113.993216, -8.313488], [113.988759, -8.307492], [113.98867, -8.300146]]}}, {"type": "Feature", "properties": {"OBJECTID": 212214, "NAMOBJ": "", "FCODE": "60112", "REMARK": "Sungai Musiman"}, "geometry": {"type": "LineString", "coordinates": [[113.371663, -7.93938], [113.369295, -7.932315]]}}, {"type": "Feature", "properties": {"OBJECTID": 212225, "NAMOBJ": "", "FCODE": "60112", "REMARK": "Sungai Musiman"}, "geometry": {"type": "LineString", "coordinates": [[113.935009, -8.453451], [113.937148, -8.45028]]}}, {"type": "Feature", "properties": {"OBJECTID": 212231, "NAMOBJ": "", "FCODE": "60112", "REMARK": "Sungai Musiman"}, "geometry": {"type": "LineString", "coordinates": [[113.908344, -8.476656], [113.910651, -8.471637]]}}, {"type": "Feature", "properties": {"OBJECTID": 212251, "NAMOBJ": "", "FCODE": "60112", "REMARK": "Sungai Musiman"}, "geometry": {"type": "LineString", "coordinates": [[113.982637, -8.223575], [113.98277, -8.229443]]}}, {"type": "Feature", "properties": {"OBJECTID": 212252, "NAMOBJ": "", "FCODE": "60112", "REMARK": "Sungai Musiman"}, "geometry": {"type": "LineString", "coordinates": [[113.568796, -7.926344], [113.567506, -7.923188]]}}]}